order_id,order_datetime,items_count,distance_km,is_express_delivery,vehicle_type,base_speed_kmh,restaurant_city,is_fast_food,prep_time_avg,temperature,precip_mm,wind_speed,traffic_level,month,hour,is_rain,dayofweek,avg_orders,prediction
69448,2025-03-07 09:07:00,4,3.32,0,car,55.0,Moscow,0,18,7.2,4.95,2.1,4.0,3,9,0,4,3.858974358974359,82.78153815711067
44984,2024-04-16 18:37:00,2,8.39,0,car,55.0,Kazan,0,34,9.2,3.02,16.7,2.0,4,18,0,1,1.9661016949152543,131.623443813903
74955,2025-02-21 13:59:00,4,1.64,0,car,55.0,Moscow,1,12,-5.1,4.43,21.2,4.0,2,13,0,4,3.935064935064935,49.658058673642195
7074,2024-02-27 03:08:00,4,2.4,0,scooter,55.0,Moscow,0,27,-6.9,3.54,11.4,4.0,2,3,0,1,3.64,74.43867212098986
40927,2024-09-26 06:16:00,4,7.12,0,car,55.0,SPB,0,29,13.5,11.65,12.7,3.0,9,6,1,3,2.361111111111111,123.52314829929293
84703,2024-10-01 14:51:00,1,5.25,0,bike,33.93675198010838,Kazan,0,31,18.5,9.97,1.4,2.0,10,14,0,1,2.123076923076923,108.34567617159209
6840,2025-05-20 01:31:00,4,4.8,0,bike,39.220014514791444,Kazan,1,13,14.1,7.06,1.7,3.0,5,1,0,1,2.101449275362319,84.90023599412878
53348,2024-06-14 10:37:00,4,6.38,0,bike,38.94927677658439,Moscow,1,8,19.4,2.24,3.0,4.0,6,10,0,4,3.5714285714285716,89.23640819415368
30300,2024-11-28 19:16:00,1,4.41,1,bike,41.97329297929299,SPB,0,31,2.8,1.59,2.6,3.0,11,19,0,3,2.2941176470588234,84.12047860292373
7926,2024-04-01 22:20:00,1,3.69,0,car,55.0,Moscow,1,6,13.0,7.38,17.4,5.0,4,22,0,0,3.4473684210526314,65.66073768558189
4959,2025-02-07 02:01:00,1,3.94,0,bike,35.369149670627664,Moscow,0,35,-3.2,4.07,15.9,5.0,2,2,0,4,3.8552631578947367,77.47052224590634
32699,2025-06-17 21:01:00,2,6.45,0,car,55.0,Moscow,1,9,17.3,8.49,0.8,5.0,6,21,0,1,3.5789473684210527,95.94733773585463
50058,2025-05-19 20:29:00,2,4.99,0,car,55.0,SPB,0,21,13.6,6.75,5.5,4.0,5,20,0,0,2.289855072463768,88.55834845109973
8507,2024-07-11 09:05:00,2,0.73,0,bike,35.23265629823605,Kazan,0,32,23.6,5.47,10.0,3.0,7,9,0,3,1.859375,76.70227035314669
81695,2025-05-10 11:13:00,1,0.94,0,bike,40.10929179910456,Kazan,1,7,13.7,2.96,6.7,1.0,5,11,0,5,1.9393939393939394,33.401768962309625
26917,2024-07-27 00:29:00,2,10.23,0,car,55.0,SPB,1,8,18.9,1.38,4.7,2.0,7,0,0,5,2.4571428571428573,114.69966231129197
5239,2025-06-22 00:14:00,2,5.17,0,scooter,55.0,Kazan,1,14,13.2,0.46,3.8,1.0,6,0,0,6,2.34375,64.75206459202042
76708,2024-02-05 10:22:00,5,3.52,1,bike,41.97329297929299,Kazan,0,37,-5.1,6.56,12.6,3.0,2,10,0,0,1.9701492537313432,94.38551249202672
43574,2025-02-23 07:14:00,2,4.18,0,bike,31.260861704088715,Kazan,1,5,-12.8,6.09,15.4,2.0,2,7,0,6,1.8636363636363635,66.03028735661837
70758,2025-06-09 15:35:00,2,4.35,0,bike,40.807844015374776,Kazan,1,13,29.6,1.37,5.3,2.0,6,15,0,0,2.1666666666666665,67.477528525699
1833,2025-06-18 01:50:00,2,0.87,0,bike,38.162502640513864,Moscow,1,8,16.4,3.89,14.4,4.0,6,1,0,2,3.3766233766233764,41.60489143535567
1264,2024-04-30 22:49:00,1,2.29,0,scooter,53.6365997086488,SPB,0,32,5.8,2.14,16.6,3.0,4,22,0,1,2.227272727272727,71.20400518505296
97072,2024-03-19 02:14:00,8,5.69,0,scooter,44.50215595557376,Moscow,1,8,-1.2,3.58,17.1,4.0,3,2,0,1,3.727272727272727,81.91499019819327
61637,2025-04-17 08:54:00,3,2.94,1,car,55.0,Moscow,0,20,9.7,5.32,10.8,nan,4,8,0,3,3.9210526315789473,10.898028779365859
6136,2024-06-04 19:39:00,2,7.06,0,scooter,45.66908855409564,Moscow,0,25,21.7,7.07,11.6,4.0,6,19,0,1,3.8701298701298703,125.98645783981672
16294,2024-08-03 18:52:00,3,6.09,0,scooter,54.257799958411795,Kazan,0,32,20.2,14.61,18.1,1.0,8,18,1,5,2.2096774193548385,113.47551995549765
11070,2025-02-02 00:52:00,3,1.79,0,bike,40.75594245927035,SPB,0,23,-1.8,6.2306721194879096,17.7,2.0,2,0,0,6,2.414285714285714,66.58818074316707
83545,2024-07-16 01:50:00,4,6.07,0,car,55.0,Kazan,0,30,18.5,4.07,2.4,3.0,7,1,0,1,2.101449275362319,97.58587536329429
62586,2025-06-21 02:50:00,3,9.75,0,car,55.0,SPB,0,24,11.0,0.54,16.9,2.0,6,2,0,5,2.1323529411764706,126.39063057170281
96648,2024-03-19 18:01:00,1,12.33,0,scooter,55.0,Moscow,0,36,1.0,3.58,17.1,4.0,3,18,0,1,3.4415584415584415,192.39248849224217
13039,2024-07-04 10:54:00,1,5.97,0,bike,35.76167786475204,Kazan,0,35,30.8,0.48,13.9,2.0,7,10,0,3,2.126984126984127,102.2334210455396
56560,2025-03-20 20:04:00,1,0.92,0,car,55.0,Moscow,1,11,4.0,0.06,18.4,4.0,3,20,0,3,3.688311688311688,36.229480189034696
70419,2024-02-05 18:39:00,2,4.85,0,car,55.0,SPB,0,37,-4.6,3.51,18.1,3.0,2,18,0,0,2.2535211267605635,106.24340548192055
23757,2024-02-13 14:22:00,3,1.26,0,scooter,54.71734502201816,Moscow,0,35,-7.0,4.04,10.7,4.0,2,14,0,1,3.6,74.2182196667269
24790,2025-05-18 02:40:00,4,4.12,0,car,55.0,Kazan,1,8,12.7,4.78,14.1,1.0,5,2,0,6,1.9538461538461538,53.65176135174795
49283,2024-05-29 07:38:00,3,3.33,1,bike,35.5218365044405,SPB,0,16,18.3,8.72,9.3,3.0,5,7,0,2,2.5757575757575757,65.54652198554119
71966,2025-06-24 13:58:00,5,2.37,0,bike,36.41063141303707,SPB,1,13,14.3,3.38,17.8,3.0,6,13,0,1,2.5,60.712710605490415
34162,2025-06-08 22:31:00,2,0.4,0,car,55.0,Moscow,1,10,20.6,1.93,13.4,4.0,6,22,0,6,3.5921052631578947,40.02612680076869
15385,2024-10-29 23:44:00,1,0.12,0,car,55.0,Kazan,0,33,5.1,1.02,13.7,2.0,10,23,0,1,1.791044776119403,50.884403407233876
32593,2024-12-15 04:15:00,1,9.85,0,bike,35.76167786475204,Moscow,1,5,-4.9,4.83,4.6,4.0,12,4,0,6,3.68,124.25338069543557
92363,2025-02-04 21:22:00,4,2.49,0,bike,36.847051198698445,Moscow,1,10,-2.0,3.47,17.3,4.0,2,21,0,1,3.5789473684210527,59.79792268915598
26797,2025-04-26 15:47:00,2,1.04,1,bike,40.75594245927035,Moscow,1,11,7.9,1.08,0.7,3.0,4,15,0,5,3.986666666666667,28.282215306668846
70730,2024-10-13 17:44:00,7,1.41,0,bike,39.395918500296126,SPB,1,8,8.2,1.69,15.5,3.0,10,17,0,6,2.1538461538461537,54.900114967642
80932,2025-03-12 10:34:00,2,7.03,0,car,55.0,Moscow,0,16,6.9,2.61,12.6,4.0,3,10,0,2,3.5584415584415585,100.69300489656207
44796,2024-12-01 05:48:00,5,2.63,0,car,55.0,Moscow,0,18,0.3,1.39,10.5,3.0,12,5,0,6,3.7866666666666666,61.31294143193102
43426,2024-10-16 17:10:00,2,9.79,0,car,55.0,Moscow,1,8,6.6,3.37,4.0,5.0,10,17,0,2,4.012820512820513,135.04014885384493
93126,2024-08-24 12:47:00,2,4.91,0,bike,39.395918500296126,SPB,0,33,21.4,2.98,9.6,2.0,8,12,0,5,2.3134328358208953,97.51597548685986
44538,2025-01-17 19:54:00,3,1.17,0,car,55.0,SPB,0,23,2.0,11.67,8.3,3.0,1,19,1,4,2.315068493150685,73.06742595092672
47743,2024-11-01 04:05:00,2,4.73,0,car,55.0,Moscow,0,26,1.5,3.24,10.5,nan,11,4,0,4,4.025974025974026,11.812872968506426
10118,2024-03-21 21:22:00,3,6.36,0,car,55.0,Moscow,0,16,-2.9,0.14,13.0,4.0,3,21,0,3,3.810810810810811,88.08045059257994
27693,2024-07-17 22:41:00,2,1.59,0,car,55.0,Moscow,0,30,24.3,3.76,9.9,4.0,7,22,0,2,4.0,68.12394889547748
54854,2024-08-08 08:43:00,4,5.89,0,car,55.0,Moscow,0,17,17.9,9.22,18.4,5.0,8,8,0,3,3.9210526315789473,111.79391052226335
95988,2024-04-04 02:14:00,5,6.61,0,scooter,45.13982819313042,Moscow,0,24,5.0,10.79,3.1,4.0,4,2,0,3,3.7466666666666666,113.74119870843674
29957,2025-02-01 21:14:00,2,2.13,1,car,55.0,Moscow,0,36,1.7,13.08,1.5,3.0,2,21,1,5,3.9864864864864864,72.12128830463121
10244,2024-10-31 15:02:00,4,3.46,0,car,55.0,Moscow,0,34,4.2,19.67,0.0,4.0,10,15,1,3,4.078947368421052,104.01855399673049
96235,2025-02-17 13:46:00,2,3.9,0,bike,31.870139968385395,Moscow,1,13,-10.7,1.94,22.7,4.0,2,13,0,0,3.896103896103896,66.77712794200295
49740,2024-09-19 06:48:00,2,2.66,0,scooter,46.0651894724839,Moscow,1,12,10.4,3.57,16.7,4.0,9,6,0,3,3.526315789473684,58.07921160451711
61907,2024-07-03 10:02:00,4,2.72,0,car,55.0,Kazan,0,34,29.0,0.27,1.4,2.0,7,10,0,2,2.0153846153846153,76.74826333178964
37743,2025-03-26 04:08:00,3,4.96,0,bike,35.716101269659816,Moscow,1,12,1.4,3.21,5.3,4.0,3,4,0,2,3.935064935064935,81.42910430927788
72469,2025-06-29 11:18:00,3,3.53,0,car,55.0,Kazan,0,35,18.1,0.57,5.4,1.0,6,11,0,6,1.953125,77.448992262543
19260,2024-09-19 03:58:00,3,4.75,0,car,51.43065228264467,SPB,0,24,12.0,3.28,11.4,3.0,9,3,0,3,2.5714285714285716,83.64131173178082
52960,2024-03-07 14:47:00,3,3.35,0,car,55.0,SPB,0,15,0.4,6.95,15.0,3.0,3,14,0,3,2.5945945945945947,66.58313701196073
38736,2024-03-30 12:23:00,2,5.37,0,bike,40.58851705937706,SPB,0,39,6.0,21.67,18.6,2.0,3,12,1,5,2.3134328358208953,132.1120776102632
73461,2025-03-08 12:24:00,5,2.41,0,scooter,47.978038395195696,Kazan,0,34,-0.3,4.46,7.1,2.0,3,12,0,5,2.1875,83.73579023535773
38593,2024-06-26 02:57:00,2,6.76,0,car,55.0,Moscow,1,12,15.4,2.68,5.1,4.0,6,2,0,2,3.8666666666666667,89.78762830568887
79226,2024-05-18 04:21:00,3,1.67,0,scooter,34.01084509779904,SPB,1,6,5.1,7.93,8.2,2.0,5,4,0,5,2.7,42.01114908026596
72094,2024-05-25 05:01:00,5,4.71,0,car,55.0,SPB,0,33,14.8,5.9,16.2,2.0,5,5,0,5,2.7,96.4251181035222
34443,2025-04-20 00:25:00,2,6.29,0,car,55.0,SPB,1,14,9.1,4.45,7.3,2.0,4,0,0,6,2.414285714285714,83.8458260834342
18138,2024-08-28 00:57:00,3,3.72,0,car,55.0,SPB,0,37,17.0,3.56,0.6,4.0,8,0,0,2,2.6338028169014085,94.29386982547004
63222,2025-03-22 17:08:00,3,0.92,0,scooter,53.69711497645374,SPB,1,5,5.2,4.0,6.1,2.0,3,17,0,5,2.2222222222222223,38.14387385046889
21512,2024-02-13 00:10:00,3,7.43,0,car,55.0,SPB,0,35,-15.3,4.47,21.9,3.0,2,0,0,1,2.4857142857142858,123.36389854125242
83363,2024-02-08 21:54:00,3,2.84,0,car,55.0,Moscow,0,35,-15.3,15.55,21.5,5.0,2,21,1,3,3.810810810810811,100.49140391136162
23583,2024-02-06 04:30:00,2,6.11,0,car,55.0,SPB,0,22,-5.6,4.19,21.5,3.0,2,4,0,1,2.292307692307692,95.57016836292689
31087,2025-06-25 05:01:00,2,3.7,1,scooter,53.6365997086488,Kazan,0,24,15.7,7.63,3.5,2.0,6,5,0,2,2.046875,66.70883952177681
44031,2024-02-17 18:04:00,4,2.88,0,car,55.0,Moscow,1,9,-3.6,6.84,13.7,3.0,2,18,0,5,3.8701298701298703,65.04922164839193
29306,2025-02-06 01:41:00,2,2.93,0,car,55.0,Moscow,1,12,-1.1,2.01,2.4,4.0,2,1,0,3,3.710526315789474,56.77329824578134
77355,2025-01-21 12:18:00,1,3.09,0,car,55.0,SPB,0,32,-9.9,5.58,15.0,4.0,1,12,0,1,2.5074626865671643,78.15128803079469
80196,2025-01-04 20:31:00,4,6.47,0,car,55.0,Moscow,1,8,-3.6,14.45,8.5,3.0,1,20,1,5,3.8378378378378377,92.99626663392586
75709,2024-03-04 11:04:00,2,9.28,0,car,55.0,SPB,0,26,0.4,12.75,13.2,3.0,3,11,1,0,2.4927536231884058,141.62652839559286
32305,2024-03-05 08:03:00,5,2.9,0,car,55.0,SPB,0,20,-5.0,0.03,11.8,4.0,3,8,0,1,2.2203389830508473,77.37239206815816
84246,2024-07-10 00:40:00,7,3.78,0,car,55.0,SPB,1,6,15.6,19.3,16.6,4.0,7,0,1,2,2.6338028169014085,69.6123668059405
59299,2025-03-14 07:12:00,4,0.97,0,bike,38.3374319784028,Kazan,1,13,1.6,4.17,0.2,2.0,3,7,0,4,2.391304347826087,47.088124087430884
1049,2024-08-24 02:54:00,4,0.97,0,bike,38.07269195618679,Moscow,0,23,12.1,4.57,14.6,4.0,8,2,0,5,3.779220779220779,62.73761029560963
13353,2024-06-18 07:33:00,6,3.39,0,car,55.0,SPB,0,39,18.5,10.26,14.0,3.0,6,7,0,1,2.6285714285714286,109.9965063005193
65016,2025-05-24 12:42:00,2,4.04,0,car,55.0,SPB,0,16,14.3,2.61,8.5,2.0,5,12,0,5,2.3134328358208953,64.95027875206237
92114,2024-08-07 16:22:00,3,5.93,0,car,55.0,Moscow,0,22,23.3,12.6,15.6,4.0,8,16,1,2,3.858974358974359,104.95486317673186
29191,2024-09-16 07:25:00,2,4.79,0,scooter,46.0651894724839,Moscow,0,34,11.2,2.24,10.8,4.0,9,7,0,0,3.9066666666666667,98.60521831289202
61262,2024-03-21 23:36:00,4,5.13,1,car,55.0,Kazan,1,12,-3.8,4.61,4.7,2.0,3,23,0,3,2.032258064516129,62.624464827718995
28787,2024-11-15 08:22:00,4,3.59,0,bike,36.88875564924949,Moscow,0,28,-0.2,13.33,5.5,5.0,11,8,1,4,3.8157894736842106,121.11070650405836
88273,2024-04-25 09:44:00,3,1.15,0,car,55.0,Moscow,1,12,13.6,1.96,9.3,4.0,4,9,0,3,3.871794871794872,55.1344794341467
12783,2024-01-04 13:23:00,3,1.51,0,car,55.0,Moscow,1,10,-26.4,7.75,0.6,4.0,1,13,0,3,3.8666666666666667,52.97282805311879
95756,2024-10-26 03:09:00,3,5.55,0,car,55.0,Kazan,1,7,4.2,1.74,0.5,1.0,10,3,0,5,1.9661016949152543,59.49256662435019
6838,2024-05-28 19:16:00,2,3.44,0,scooter,46.0651894724839,Moscow,1,6,24.6,3.07,10.4,4.0,5,19,0,1,3.8701298701298703,66.34474791086518
13855,2024-03-04 01:12:00,1,5.24,0,car,55.0,SPB,0,20,-3.2,12.75,13.2,3.0,3,1,1,0,2.4242424242424243,89.33602751885053
8691,2024-07-21 15:42:00,3,3.1,0,scooter,54.257799958411795,SPB,1,5,21.2,5.35,18.3,2.0,7,15,0,6,2.4714285714285715,47.70564659247991
21767,2024-09-11 17:04:00,2,2.41,0,scooter,50.660526107716386,SPB,1,13,22.2,3.0,19.4,3.0,9,17,0,2,2.7222222222222223,62.74599946056741
63796,2024-09-09 01:18:00,5,2.49,0,scooter,50.19968924951003,Moscow,1,6,12.9,14.15,7.2,5.0,9,1,1,0,3.8933333333333335,62.225413548903525
42956,2025-05-09 22:06:00,3,7.92,0,car,55.0,Moscow,0,34,5.2,2.24,0.4,4.0,5,22,0,4,3.9466666666666668,132.17453490913044
79433,2024-12-13 03:09:00,3,0.68,0,car,55.0,SPB,1,8,-6.8,3.15,23.8,4.0,12,3,0,4,2.476923076923077,38.74581002801134
2101,2024-12-06 13:26:00,3,2.44,0,car,41.750137119404535,Kazan,1,12,-4.9,6.03,1.8,2.0,12,13,0,4,1.878787878787879,55.186024733502265
38979,2025-06-21 22:40:00,2,4.68,0,car,55.0,Moscow,0,18,13.4,2.76,11.6,3.0,6,22,0,5,4.0,75.91333871998731
25003,2025-06-17 02:25:00,3,1.12,0,car,55.0,Moscow,1,9,15.3,8.49,0.8,5.0,6,2,0,1,3.727272727272727,52.256877957432835
1616,2025-05-30 21:56:00,2,2.88,0,scooter,41.41642418784267,SPB,1,7,11.7,13.63,15.8,3.0,5,21,1,4,2.5217391304347827,59.71260513540276
18687,2024-12-10 06:22:00,4,1.16,0,bike,34.060510655019456,SPB,1,13,0.5,9.31,11.4,4.0,12,6,0,1,2.272727272727273,61.494165146960135
67332,2024-09-28 08:26:00,4,1.18,0,scooter,47.978038395195696,Kazan,1,7,14.4,3.99,3.8,1.0,9,8,0,5,1.9857142857142858,35.8642372412984
83000,2024-12-23 05:03:00,3,3.74,0,car,48.016477908776224,Kazan,1,7,-1.1,6.83,13.090177133655395,2.0,12,5,0,0,2.0307692307692307,58.53395923514684
93944,2025-02-22 05:09:00,1,2.32,1,bike,34.60585913965475,Moscow,0,30,-8.7,15.38,5.7,4.0,2,5,1,5,3.792207792207792,78.04502793575138
38723,2024-08-16 02:16:00,2,5.6,0,car,55.0,Kazan,0,37,12.1,2.1,11.9,2.0,8,2,0,4,2.125,99.24601085958838
25602,2024-06-04 06:57:00,5,0.58,0,car,55.0,SPB,0,16,18.0,1.19,10.9,4.0,6,6,0,1,2.272727272727273,46.9979497907691
42237,2024-03-19 12:12:00,6,4.83,0,car,55.0,Moscow,0,36,1.2,3.58,17.1,4.0,3,12,0,1,4.012987012987013,112.73672008393513
31247,2025-05-06 19:09:00,2,17.94,0,bike,37.26218109219517,Moscow,0,15,10.5,2.08,18.8,5.0,5,19,0,1,3.8701298701298703,213.9770747328875
37099,2024-01-08 08:57:00,2,3.17,0,scooter,44.50215595557376,SPB,0,32,-5.5,8.24,15.7,3.0,1,8,0,0,2.3823529411764706,93.65971817306973
31983,2025-05-18 00:39:00,3,1.21,0,car,55.0,Moscow,1,9,15.4,0.34,13.1,3.0,5,0,0,6,3.727272727272727,35.5836319488258
91268,2024-12-13 16:46:00,4,0.41,0,car,55.0,Moscow,0,27,-7.5,4.62,15.5,4.0,12,16,0,4,3.782051282051282,63.86751880874706
49145,2024-06-01 03:48:00,3,5.55,0,bike,38.82921835200169,Moscow,1,6,17.0,6.97,1.7,4.0,6,3,0,5,4.04,84.4379994108593
37664,2024-05-02 05:37:00,3,3.25,1,car,55.0,Moscow,0,27,5.0,20.55,9.875,4.0,5,5,1,3,4.246753246753247,80.42219527172374
80124,2024-09-12 07:38:00,6,8.87,0,car,55.0,Kazan,0,39,18.8,7.15,8.8,2.0,9,7,0,3,2.1363636363636362,153.44995982524347
79318,2024-02-20 06:18:00,3,3.25,1,bike,36.847051198698445,Moscow,0,36,-9.1,0.19,16.3,4.0,2,6,0,1,3.6973684210526314,74.13023921826576
59101,2024-01-12 23:55:00,2,3.08,0,car,55.0,Moscow,0,30,-23.2,0.37,4.2,5.0,1,23,0,4,3.896103896103896,79.78254587320498
59365,2024-06-23 07:32:00,4,3.53,0,bike,40.61012440281896,Kazan,1,12,15.6,0.2,8.6,2.0,6,7,0,6,1.8636363636363635,55.16333365906628
84659,2025-05-31 22:21:00,4,5.37,0,car,55.0,Moscow,1,6,19.5,0.04,8.8,3.0,5,22,0,5,4.0,62.023671943171166
15025,2024-11-04 07:00:00,5,6.17,0,car,55.0,Moscow,0,27,-0.8,4.05,19.3,4.0,11,7,0,0,3.9066666666666667,91.49455717075818
76179,2025-03-01 22:44:00,3,1.43,0,car,55.0,Moscow,0,22,-0.6,0.91,14.3,4.0,3,22,0,5,4.0,55.097657222707895
66105,2025-01-24 10:34:00,1,5.64,0,car,55.0,SPB,0,16,0.7,1.38,10.7,3.0,1,10,0,4,2.323943661971831,78.52623567698468
41728,2024-07-17 01:29:00,4,3.85,0,bike,36.62098754864886,SPB,1,5,15.4,1.25,10.6,3.0,7,1,0,2,2.4153846153846152,57.049861061164734
73709,2025-01-13 08:33:00,2,3.51,0,scooter,55.0,Moscow,0,25,-2.2,0.05,4.9,5.0,1,8,0,0,3.6315789473684212,86.11298695058152
51236,2025-02-24 00:47:00,3,4.27,0,car,55.0,Moscow,0,16,-12.9,4.55,20.3,4.0,2,0,0,0,3.727272727272727,75.6553758131181
90273,2024-03-21 22:43:00,2,1.36,0,car,55.0,Moscow,0,38,-3.8,0.14,13.0,4.0,3,22,0,3,3.5789473684210527,69.12934855497403
41009,2024-08-01 00:03:00,2,4.01,0,car,55.0,Moscow,1,5,14.8,5.37,4.0,4.0,8,0,0,3,4.571428571428571,56.592517163314426
97573,2024-11-10 13:50:00,3,0.71,0,car,55.0,SPB,1,13,1.8,8.41,14.1,2.0,11,13,0,6,2.5303030303030303,44.06817661384251
32212,2024-10-04 14:49:00,2,1.35,0,car,55.0,Kazan,1,8,17.6,0.45,10.3,2.0,10,14,0,4,2.014705882352941,31.457937823908786
52917,2024-04-14 08:21:00,6,4.64,0,car,55.0,SPB,0,35,8.0,0.51,1.4,3.0,4,8,0,6,2.323529411764706,109.1310124811371
93204,2025-05-11 08:58:00,3,2.16,1,car,55.0,Moscow,1,12,3.8,1.82,6.4,3.0,5,8,0,6,3.8289473684210527,45.68765021812921
4422,2025-05-06 16:20:00,1,5.67,1,car,55.0,SPB,0,20,6.0,6.28,18.9,3.0,5,16,0,1,2.411764705882353,78.4914120203303
32279,2025-04-13 20:17:00,6,2.91,0,car,55.0,SPB,0,22,5.0,4.26,18.5,3.0,4,20,0,6,2.5076923076923077,68.5710113143171
53377,2024-07-22 07:20:00,3,8.87,0,car,55.0,Kazan,1,8,17.2,1.19,13.2,2.0,7,7,0,0,2.03125,98.64747362757512
12295,2024-04-07 04:24:00,4,0.53,0,car,55.0,Moscow,0,36,-0.4,0.62,2.2,nan,4,4,0,6,3.68,11.896368826269246
89507,2024-07-13 06:59:00,4,4.16,0,car,55.0,Moscow,0,21,19.5,0.22,14.8,3.0,7,6,0,5,3.76,72.99658224901603
50434,2025-02-22 22:54:00,3,5.17,0,scooter,44.79372201513367,Moscow,0,39,-9.6,15.38,5.7,4.0,2,22,1,5,4.0,119.27399202488479
93322,2024-12-21 12:36:00,3,9.67,0,car,55.0,Moscow,1,10,1.0,2.61,22.6,3.0,12,12,0,5,4.012987012987013,119.77542918424567
59297,2024-11-16 13:28:00,2,1.31,0,scooter,47.978038395195696,Kazan,0,25,0.9,4.34,18.0,1.0,11,13,0,5,2.033333333333333,51.271377361773894
52913,2024-02-26 23:19:00,2,11.33,0,scooter,55.0,Moscow,0,31,-6.4,12.45,10.2,4.0,2,23,1,0,3.9066666666666667,171.12295554523286
33991,2024-03-05 21:19:00,3,5.21,0,scooter,48.67898980658732,Moscow,0,30,-6.0,4.97,11.1,5.0,3,21,0,1,3.5789473684210527,103.63260069804441
81841,2024-04-30 02:51:00,3,1.14,0,scooter,49.00620380326575,Moscow,0,16,8.0,1.31,1.9,4.0,4,2,0,1,3.727272727272727,47.21877659744397
68687,2024-09-16 01:46:00,1,5.35,0,car,55.0,Moscow,1,11,13.0,2.24,10.8,4.0,9,1,0,0,3.8933333333333335,76.39240826386383
89769,2025-06-27 04:53:00,6,1.2,0,car,55.0,SPB,0,16,8.5,4.33,15.1,3.0,6,4,0,4,2.5,50.21539979807878
13905,2024-12-21 22:27:00,1,4.84,0,scooter,39.262412605512424,Moscow,1,6,-4.2,2.61,22.6,3.0,12,22,0,5,4.0,63.434364007731816
81027,2025-02-26 01:19:00,5,3.41,1,bike,38.62838052170366,Moscow,0,36,-10.5,0.33,0.6,4.0,2,1,0,2,3.3766233766233764,79.29295828445787
22225,2025-05-23 03:58:00,2,6.72,1,car,55.0,SPB,0,36,12.2,2.38,6.9,3.0,5,3,0,4,2.476923076923077,101.0924402095053
32062,2024-10-13 20:44:00,4,1.12,0,car,55.0,Moscow,0,25,5.8,5.53,6.3,4.0,10,20,0,6,4.0131578947368425,67.0795635085395
69656,2024-09-14 19:47:00,2,4.22,0,scooter,51.84792119327856,SPB,0,16,21.0,1.56,14.6,2.0,9,19,0,5,2.484375,72.75705387093751
76591,2024-02-16 18:41:00,6,2.08,0,car,55.0,Moscow,1,7,-8.7,3.97,11.0,4.0,2,18,0,4,3.8026315789473686,59.86313561156143
4552,2024-04-24 00:30:00,5,7.3,0,car,55.0,SPB,0,31,1.1,4.45,7.4,3.0,4,0,0,2,2.6338028169014085,121.35177346923966
60931,2025-02-28 13:52:00,3,9.24,0,scooter,55.0,Moscow,1,9,1.2,0.34,1.8,4.0,2,13,0,4,3.935064935064935,111.76736470489672
91880,2025-06-15 18:46:00,2,7.49,0,car,55.0,SPB,0,29,18.2,23.16,16.1,2.0,6,18,1,6,2.5675675675675675,131.72227927762904
81031,2025-06-14 22:48:00,4,3.1,0,car,55.0,Moscow,1,7,14.1,1.68,12.0,3.0,6,22,0,5,4.0,49.94016402693764
69797,2024-08-11 04:47:00,2,2.34,0,car,55.0,SPB,0,24,13.7,3.25,5.3,2.0,8,4,0,6,2.303030303030303,60.19795686767674
46464,2024-12-05 00:37:00,4,0.5,0,bike,39.430915777080756,Moscow,0,21,-3.6,5.55,19.4,5.0,12,0,0,3,4.571428571428571,59.35568132812294
10587,2024-08-05 04:43:00,3,6.0,0,car,55.0,Kazan,0,19,16.3,4.04,9.2,2.0,8,4,0,0,2.1147540983606556,87.32965588909185
8935,2024-02-07 16:45:00,5,6.96,0,car,55.0,SPB,0,16,-11.2,8.88,4.7,3.0,2,16,0,2,2.1470588235294117,107.49608876079381
70816,2024-08-06 23:24:00,3,3.02,0,car,55.0,Moscow,1,13,16.6,6.03,2.2,5.0,8,23,0,1,3.91025641025641,62.331645370167024
24565,2025-03-07 07:31:00,5,2.71,0,car,55.0,Kazan,0,39,-2.4,3.85,17.8,2.0,3,7,0,4,2.391304347826087,91.92439134083735
85035,2024-02-09 08:23:00,2,2.9,0,bike,39.53406196193262,SPB,1,13,-23.0,7.07,19.0,4.0,2,8,0,4,2.4328358208955225,76.34792046866704
76457,2025-06-11 15:34:00,4,5.07,0,car,55.0,SPB,0,22,16.8,10.32,7.2,4.0,6,15,0,2,2.3692307692307693,96.50476811914511
58078,2025-04-23 13:23:00,2,4.13,0,car,55.0,Moscow,0,17,23.8,0.24,10.5,5.0,4,13,0,2,3.871794871794872,73.54883870098249
80239,2024-04-20 12:08:00,2,4.57,0,bike,37.969623408900276,SPB,0,15,0.0,9.79,12.4,2.0,4,12,0,5,2.3134328358208953,83.98555526763815
36374,2024-07-25 07:37:00,4,7.37,0,bike,40.879308302895126,SPB,1,7,18.4,5.02,11.9,3.0,7,7,0,3,2.3333333333333335,97.43779216375847
34817,2025-02-23 15:52:00,3,1.45,0,car,55.0,Moscow,1,9,-4.2,22.11,9.9,3.0,2,15,1,6,3.8157894736842106,58.03235598774846
88482,2024-07-23 15:55:00,4,2.33,0,car,55.0,SPB,1,10,25.9,0.05,8.4,3.0,7,15,0,1,2.426470588235294,43.64054670369059
86122,2025-02-20 16:13:00,2,3.05,1,bike,40.89902689179051,Moscow,0,15,-7.5,9.56,22.1,4.0,2,16,0,3,3.6363636363636362,61.12295479451334
73226,2024-08-30 16:15:00,1,1.21,1,scooter,39.262412605512424,Kazan,1,12,22.8,1.01,2.2,3.0,8,16,0,4,2.125,28.05020757209705
41310,2024-11-04 17:51:00,5,4.01,1,car,55.0,SPB,1,8,-0.3,0.07,4.6,4.0,11,17,0,0,2.5625,55.02190678632812
50911,2024-08-20 20:56:00,2,4.41,0,car,55.0,Moscow,0,16,20.6,2.16,0.2,4.0,8,20,0,1,3.730769230769231,74.69044099486614
70550,2025-05-26 14:50:00,2,1.45,1,car,55.0,SPB,0,31,12.4,0.68,5.1,3.0,5,14,0,0,2.5757575757575757,48.45409690888933
46453,2024-10-16 21:35:00,3,1.74,0,scooter,48.67284070467812,SPB,1,8,10.0,5.91,14.2,4.0,10,21,0,2,2.292307692307692,43.84467108268298
52723,2025-05-31 01:11:00,5,3.87,1,scooter,49.6149146410911,SPB,1,7,11.6,1.86,17.4,3.0,5,1,0,5,2.4761904761904763,45.65847080797475
28616,2025-05-08 13:46:00,1,4.43,0,car,55.0,Moscow,0,29,8.1,1.32,12.7,5.0,5,13,0,3,3.8666666666666667,87.53577099332979
81751,2025-05-01 15:35:00,2,9.43,0,car,55.0,Kazan,1,8,8.4,16.34,19.8,3.0,5,15,1,3,2.0588235294117645,122.45891115598988
65461,2024-02-25 02:25:00,4,10.64,0,car,55.0,Moscow,0,29,0.9,5.09,0.1,3.0,2,2,0,6,4.184210526315789,152.22090729335034
86321,2025-04-15 02:11:00,1,0.09,0,bike,39.220014514791444,Kazan,0,31,4.4,1.35,8.5,3.0,4,2,0,1,2.161764705882353,58.12633335221108
60672,2024-10-29 23:53:00,2,2.16,0,car,55.0,Kazan,1,14,5.1,1.02,13.7,2.0,10,23,0,1,1.791044776119403,43.242417168511984
57720,2024-12-18 09:36:00,1,2.74,0,car,55.0,Moscow,0,20,-11.3,6.24,15.8,5.0,12,9,0,2,3.6623376623376624,81.31090009117418
2739,2025-05-14 01:24:00,3,2.24,0,car,55.0,SPB,0,17,5.2,5.43,3.7,3.0,5,1,0,2,2.4153846153846152,59.31587571140916
50850,2025-03-07 02:45:00,3,4.03,0,scooter,39.262412605512424,SPB,1,9,3.5,1.64,18.9,3.0,3,2,0,4,2.380281690140845,62.135741599117026
47023,2024-11-11 11:53:00,2,1.54,0,car,55.0,Moscow,0,26,0.8,7.38,17.3,5.0,11,11,0,0,3.526315789473684,72.82016982219369
78148,2024-12-17 02:52:00,6,11.01,0,scooter,55.0,Kazan,0,21,-3.4,1.27,9.9,2.0,12,2,0,1,2.161764705882353,141.3323096867259
6925,2024-06-23 20:11:00,1,9.9,0,bike,35.76167786475204,Kazan,1,10,16.5,0.2,8.6,2.0,6,20,0,6,2.0597014925373136,113.34129044459934
35380,2025-04-09 08:01:00,3,10.56,0,bike,35.23265629823605,SPB,1,11,0.5,0.82,7.1,3.0,4,8,0,2,2.4242424242424243,144.01024165605153
90967,2024-08-10 22:35:00,4,1.55,0,bike,40.10929179910456,Moscow,0,27,18.4,2.38,19.1,4.0,8,22,0,5,4.0,72.47469651186213
58855,2024-02-23 23:31:00,4,3.14,0,scooter,50.81018222286416,Moscow,0,26,-0.5,1.48,9.4,4.0,2,23,0,4,3.896103896103896,77.23649508524673
43023,2025-02-07 19:03:00,5,6.36,0,car,55.0,Kazan,0,21,-9.4,6.93,4.5,3.0,2,19,0,4,1.9855072463768115,112.49078151946824
5918,2024-08-04 16:17:00,1,6.88,0,bike,34.78209868887858,Moscow,1,6,23.7,1.3,13.0,4.0,8,16,0,6,3.32,91.10499135566465
6430,2024-01-06 01:52:00,1,2.27,0,car,55.0,Moscow,1,9,-22.9,17.65,22.0,4.0,1,1,1,5,3.7662337662337664,56.603165511734275
21761,2024-07-21 02:06:00,4,7.52,0,bike,34.06066537047135,Moscow,0,36,15.9,6.59,18.1,3.0,7,2,0,6,4.184210526315789,137.44680366333975
73087,2024-04-04 17:11:00,2,7.7,0,car,55.0,Moscow,0,35,3.9,10.79,3.1,4.0,4,17,0,3,4.012820512820513,142.36980669301556
82854,2024-05-03 19:03:00,1,5.58,0,bike,25.996363720780828,SPB,1,12,7.6,0.9,1.7,3.0,5,19,0,4,2.315068493150685,90.5996753174892
5291,2024-07-11 19:13:00,2,3.76,0,car,55.0,Kazan,0,23,20.4,5.47,10.0,3.0,7,19,0,3,2.096774193548387,84.258883973512
89988,2024-08-17 11:40:00,3,1.1,0,car,51.43065228264467,Moscow,0,25,22.3,2.23,4.5,3.0,8,11,0,5,3.486842105263158,58.85774811141707
18068,2024-05-04 08:36:00,1,1.23,0,bike,35.574343203740504,Moscow,0,32,5.6,5.59,4.6,4.0,5,8,0,5,3.527027027027027,72.1795623625547
42457,2024-10-15 10:26:00,3,5.35,0,car,55.0,Moscow,0,16,5.1,0.47,5.2,4.0,10,10,0,1,3.675324675324675,81.96963151186061
85915,2025-05-05 03:14:00,4,1.1,0,car,55.0,Moscow,1,14,13.5,4.36,1.7,4.0,5,3,0,0,3.948717948717949,43.05796419534835
36995,2024-01-28 08:03:00,3,4.84,0,bike,38.3374319784028,Moscow,0,32,-6.1,3.0,18.6,3.0,1,8,0,6,3.8289473684210527,108.66084496601846
2424,2025-02-13 02:48:00,5,2.66,0,bike,35.82995837477953,SPB,1,5,-3.3,14.19,0.8,nan,2,2,1,3,2.4027777777777777,14.72111874550285
13896,2025-04-29 03:50:00,5,2.52,0,scooter,45.44612180823244,Moscow,1,5,5.7,1.66,11.0,5.0,4,3,0,1,3.64,51.59091136513814
85042,2024-11-23 14:14:00,7,8.01,1,car,55.0,Moscow,0,30,0.6,2.94,20.6,3.0,11,14,0,5,3.6363636363636362,123.05899329094069
74068,2024-07-09 16:51:00,5,5.9,0,bike,38.62838052170366,Moscow,1,12,29.7,7.17,1.4,5.0,7,16,0,1,3.8157894736842106,103.04979031311771
91675,2025-02-26 00:45:00,3,2.08,0,car,55.0,Moscow,0,28,-10.4,0.33,0.6,4.0,2,0,0,2,3.871794871794872,66.27357213517597
2934,2024-05-12 09:46:00,3,3.22,1,car,55.0,SPB,0,26,7.6,3.54,7.8,nan,5,9,0,6,2.375,11.486689980182504
16881,2025-02-08 23:34:00,3,4.68,0,car,55.0,Moscow,0,25,-3.7,10.46,0.6,3.0,2,23,0,5,4.076923076923077,93.1701324483438
16305,2024-07-15 00:30:00,2,4.7,0,car,55.0,SPB,0,16,18.4,5.512307147912243,11.7,3.0,7,0,0,0,2.536231884057971,73.1996971916032
14315,2024-08-03 23:40:00,2,6.01,0,car,55.0,SPB,0,16,15.0,10.92,2.4,2.0,8,23,0,5,2.5,90.17092280277907
22888,2024-10-21 07:29:00,5,3.04,0,bike,35.577876365522755,SPB,1,9,4.1,2.2,7.4,3.0,10,7,0,0,2.588235294117647,59.560721355587916
88949,2024-03-10 13:05:00,2,2.8,0,car,55.0,SPB,0,20,0.8,6.01,12.0,2.0,3,13,0,6,2.5303030303030303,58.9773571063202
23726,2024-08-14 07:32:00,3,1.71,0,car,55.0,Moscow,0,39,14.5,2.19,16.1,4.0,8,7,0,2,3.987012987012987,80.53801585459148
26800,2025-03-08 05:37:00,4,5.69,1,scooter,54.20006938556093,Moscow,1,7,-1.0,0.42,10.0,nan,3,5,0,5,3.792207792207792,10.916056606904348
82563,2024-05-28 00:15:00,2,0.56,0,car,55.0,Kazan,0,24,9.7,1.33,18.5,3.0,5,0,0,1,2.0952380952380953,49.055556149485206
29788,2024-01-17 12:43:00,1,4.21,0,car,55.0,Moscow,1,11,-12.6,4.21,15.7,4.0,1,12,0,2,3.789473684210526,67.86460809680003
73744,2024-12-29 02:10:00,5,0.38,0,bike,37.26218109219517,Kazan,1,9,-4.1,6.6,19.5,1.0,12,2,0,6,1.9538461538461538,31.406169653784794
18147,2024-07-06 11:57:00,3,5.41,0,bike,31.260861704088715,Moscow,0,16,20.1,0.66,10.4,4.0,7,11,0,5,3.486842105263158,87.68447573648801
26153,2024-06-30 23:08:00,4,3.53,0,car,55.0,Moscow,0,39,21.3,5.21,9.2,3.0,6,23,0,6,3.5657894736842106,97.06981080220837
24924,2025-03-12 05:14:00,3,1.06,0,car,55.0,Moscow,0,27,5.5,2.61,12.6,4.0,3,5,0,2,3.68,62.48741663270464
58624,2024-09-23 21:49:00,5,2.83,0,car,55.0,SPB,1,13,10.5,6.09,13.4,3.0,9,21,0,0,2.5652173913043477,57.318079282909565
49722,2025-02-25 05:12:00,1,3.71,0,scooter,50.502841360509194,Moscow,0,31,-14.0,2.46,9.7,4.0,2,5,0,1,3.6842105263157894,82.21341165598946
95890,2025-02-23 03:32:00,1,2.24,0,bike,38.301186923671516,Kazan,0,32,-12.5,6.09,15.4,2.0,2,3,0,6,2.1639344262295084,75.03139841648692
18395,2025-02-19 01:50:00,2,2.99,0,scooter,44.79372201513367,Kazan,0,34,-15.7,9.62,23.5,2.0,2,1,0,2,2.09375,81.58229915441625
22116,2025-05-09 11:05:00,3,3.07,0,car,55.0,SPB,0,23,8.3,0.63,18.7,3.0,5,11,0,4,2.514705882352941,66.33886644276758
21733,2025-04-06 10:21:00,1,0.94,0,car,55.0,SPB,1,11,0.4,5.84,4.9,2.0,4,10,0,6,2.2465753424657535,38.02246973670955
99001,2025-05-11 03:20:00,3,1.86,0,scooter,42.827475829915414,Moscow,0,25,3.1,1.82,6.4,3.0,5,3,0,6,3.710526315789474,62.15977600459761
74276,2025-05-24 09:50:00,2,3.12,0,car,55.0,Moscow,1,9,22.3,6.26,7.9,3.0,5,9,0,5,3.6973684210526314,66.36597105555464
65365,2025-02-16 02:05:00,3,2.43,0,bike,39.11667838566589,Kazan,1,9,-11.1,0.03,5.5,1.0,2,2,0,6,1.9538461538461538,39.91627097911407
38277,2024-03-30 18:20:00,4,5.01,0,car,55.0,Moscow,0,27,9.1,8.75,10.816503623188405,3.0,3,18,0,5,3.8701298701298703,108.50639312301345
32630,2025-03-28 07:40:00,4,3.44,0,bike,40.75594245927035,Moscow,0,39,4.0,1.08,10.4,4.0,3,7,0,4,3.782051282051282,97.9753342363519
65536,2024-06-04 10:19:00,1,6.77,0,car,55.0,Moscow,1,13,21.9,7.07,11.6,4.0,6,10,0,1,3.675324675324675,96.00038796243292
25749,2024-04-26 06:35:00,4,1.89,0,bike,30.444795647135667,Moscow,1,13,11.2,2.06,7.3,4.0,4,6,0,4,3.831168831168831,55.956268644186515
45431,2025-02-07 08:55:00,2,1.97,0,scooter,52.378878477670696,Moscow,1,6,-4.5,4.07,15.9,5.0,2,8,0,4,3.8157894736842106,40.71998560168147
94254,2025-02-11 09:22:00,1,3.33,0,bike,33.520197773802906,SPB,1,9,-3.6,2.27,9.0,3.0,2,9,0,1,2.8142857142857145,66.59256554811247
30984,2024-11-28 18:00:00,5,1.92,0,scooter,46.87140935662086,Kazan,0,20,-1.3,1.0,0.3,2.0,11,18,0,3,2.09375,62.52916384881949
21345,2024-08-03 07:16:00,4,4.63,0,bike,33.503041454143556,Moscow,1,12,15.5,8.31,19.6,3.0,8,7,0,5,4.0131578947368425,83.53651358563275
69223,2024-02-26 20:13:00,1,10.3,0,bike,39.58581281157731,Moscow,1,11,-4.9,12.45,10.2,4.0,2,20,1,0,3.779220779220779,146.22631711644982
54984,2024-06-22 02:36:00,4,4.41,0,car,55.0,Moscow,0,25,13.1,0.3,6.1,3.0,6,2,0,5,3.779220779220779,79.51581484501729
45799,2024-02-11 08:19:00,1,2.95,0,scooter,45.159897613091154,Kazan,0,29,-20.9,4.725955400087451,0.5,1.0,2,8,0,6,2.169491525423729,69.81298062194188
30280,2024-08-26 00:50:00,3,2.52,0,car,55.0,SPB,0,31,20.1,14.31,16.6,3.0,8,0,1,0,2.536231884057971,86.05287214430311
7633,2024-01-01 13:52:00,3,5.45,0,car,55.0,Moscow,0,25,-15.7,5.720882520402354,23.0,4.0,1,13,0,0,3.896103896103896,46.49101368259814
76665,2024-07-17 20:04:00,5,1.2,1,scooter,55.0,Moscow,0,36,27.3,3.76,9.9,4.0,7,20,0,2,3.883116883116883,60.64457548446071
35183,2024-09-03 10:41:00,2,2.21,0,bike,38.62838052170366,Moscow,0,34,21.4,1.38,5.7,4.0,9,10,0,1,3.675324675324675,79.67679468287743
41620,2024-10-27 06:24:00,3,2.84,0,car,55.0,Moscow,0,31,2.7,3.06,17.2,3.0,10,6,0,6,3.736842105263158,79.13833540609792
22360,2024-10-02 15:23:00,4,2.41,0,bike,30.567021598673445,SPB,0,15,9.0,2.6,18.2,3.0,10,15,0,2,2.3692307692307693,65.18588880365326
25789,2024-02-29 12:31:00,4,3.08,0,bike,33.520197773802906,Moscow,0,30,0.2,6.07,1.0,4.0,2,12,0,3,3.6842105263157894,93.75732134983159
7965,2024-12-14 17:34:00,4,3.23,0,car,55.0,SPB,0,20,-4.2,4.16,20.5,2.0,12,17,0,5,2.2222222222222223,75.67452817004408
37749,2024-03-11 07:28:00,2,3.7,0,bike,40.807844015374776,Moscow,0,30,-13.6,2.5,2.4,4.0,3,7,0,0,3.9066666666666667,88.4131802432013
21669,2025-01-08 05:07:00,3,3.08,0,bike,37.26218109219517,Kazan,0,32,-2.6,15.42,19.8,2.0,1,5,1,2,2.046875,99.72369439761682
94375,2025-01-29 03:20:00,5,8.5,0,car,55.0,Kazan,0,32,0.8,0.5,18.7,3.0,1,3,0,2,2.2295081967213113,130.00959019491137
76004,2024-01-14 00:19:00,4,3.19,0,car,55.0,SPB,1,5,-15.9,16.86,17.5,2.0,1,0,1,6,2.414285714285714,58.87856781512841
73427,2024-04-09 08:21:00,4,3.11,1,scooter,54.71734502201816,Moscow,0,31,10.2,0.6,7.1,5.0,4,8,0,1,3.8533333333333335,85.71769732248086
38715,2024-03-16 05:00:00,1,3.11,0,bike,41.46738347715445,Moscow,0,39,-0.3,9.44,9.9,3.0,3,5,0,5,3.792207792207792,94.71131137998512
67019,2024-09-19 15:44:00,4,1.06,0,car,55.0,Moscow,0,27,20.9,3.57,16.7,4.0,9,15,0,3,4.078947368421052,66.23168828586446
16772,2025-05-10 16:14:00,4,0.26,0,car,55.0,Moscow,0,29,10.0,6.74,19.2,4.0,5,16,0,5,4.0394736842105265,68.13681397969697
16654,2024-08-03 23:20:00,1,8.84,0,scooter,55.0,Kazan,1,8,17.4,14.61,18.1,1.0,8,23,1,5,2.032258064516129,106.33159733333822
8577,2024-12-06 13:38:00,3,1.48,0,bike,35.96575629651888,Moscow,1,5,-5.7,1.92,14.8,4.0,12,13,0,4,3.935064935064935,42.48920131807019
7332,2024-12-01 18:13:00,2,0.83,0,scooter,52.32152702875614,SPB,0,16,6.1,0.07,17.9,3.0,12,18,0,6,2.5675675675675675,50.312402693041875
82710,2024-07-24 02:40:00,5,7.42,0,car,55.0,Moscow,0,35,13.9,2.69,18.2,5.0,7,2,0,2,3.8666666666666667,134.2795064561016
4726,2024-06-28 10:05:00,4,5.44,0,scooter,55.0,Moscow,1,10,22.5,0.92,19.7,nan,6,10,0,4,3.5714285714285716,11.355316910931187
88167,2024-05-24 17:40:00,1,2.53,0,bike,36.862403291529105,Moscow,1,9,20.8,2.84,0.8,5.0,5,17,0,4,3.9473684210526314,72.78788721929938
80673,2024-11-11 22:47:00,1,7.85,0,car,55.0,Kazan,0,30,-1.4,4.88,7.9,3.0,11,22,0,0,1.9696969696969697,121.6630969637063
83150,2024-07-13 20:52:00,2,3.9,0,car,55.0,SPB,0,37,23.1,1.27,8.0,3.0,7,20,0,5,2.4461538461538463,88.61528536562413
65624,2025-06-29 11:31:00,2,2.01,0,car,55.0,Moscow,0,27,21.0,7.29,11.2,3.0,6,11,0,6,3.4805194805194803,69.21073328558673
97328,2024-02-13 20:28:00,1,3.81,0,car,55.0,Moscow,0,27,-10.8,4.04,10.7,4.0,2,20,0,1,3.730769230769231,80.39172274248253
2591,2025-06-09 09:57:00,6,1.32,1,car,55.0,Moscow,1,11,22.5,1.3,13.1,5.0,6,9,0,0,3.776315789473684,51.174448637878385
84444,2024-12-12 09:25:00,3,2.44,1,car,55.0,Moscow,0,27,-3.2,1.29,1.2,4.0,12,9,0,3,3.871794871794872,69.1053592509976
67138,2025-01-12 09:51:00,3,3.69,0,scooter,54.257799958411795,Kazan,0,23,-2.2,2.59,17.8,1.0,1,9,0,6,2.015625,73.69936473912848
37921,2025-04-19 11:50:00,4,5.88,0,car,54.680479951338505,Moscow,0,16,19.8,2.27,12.8,3.0,4,11,0,5,3.486842105263158,86.49769784447794
982,2024-11-06 06:12:00,3,2.05,0,car,55.0,Moscow,1,6,-4.9,0.12,10.3,4.0,11,6,0,2,3.769230769230769,39.032111560854574
28932,2025-03-16 14:55:00,3,1.69,0,bike,40.75594245927035,Moscow,0,38,3.9,3.52,18.2,3.0,3,14,0,6,3.971830985915493,82.00211238546046
79697,2025-05-23 19:36:00,1,5.04,0,car,55.0,Moscow,0,29,24.1,0.62,0.9,4.0,5,19,0,4,4.026315789473684,98.63674129006978
85973,2024-03-25 07:52:00,3,1.98,0,bike,38.301186923671516,Moscow,0,17,1.1,1.68,13.6,5.0,3,7,0,0,3.9066666666666667,63.530504495047055
20938,2024-03-11 21:45:00,3,3.74,0,scooter,44.150599250049076,Moscow,0,27,-1.2,2.5,2.4,4.0,3,21,0,0,3.8026315789473686,83.12075836231915
37866,2025-02-01 19:20:00,2,3.38,0,bike,37.106988143682905,SPB,1,11,-1.7,0.83,2.8,3.0,2,19,0,5,2.484375,66.41153830363187
38149,2024-12-07 21:42:00,4,2.89,0,car,55.0,Moscow,0,23,-1.8,2.23,20.0,3.0,12,21,0,5,3.9864864864864864,70.76498907674362
27622,2024-04-01 09:53:00,4,0.48,0,car,55.0,Moscow,0,16,11.9,7.38,17.4,5.0,4,9,0,0,3.776315789473684,69.18642175742126
98542,2024-04-16 00:38:00,4,5.58,0,car,55.0,SPB,0,25,3.6,21.08,9.593910256410256,3.0,4,0,1,1,2.4857142857142858,107.8874796078089
69178,2024-12-27 18:48:00,2,1.97,0,car,55.0,Kazan,1,8,0.1,3.2,14.2,2.0,12,18,0,4,2.0,45.853616702767795
90502,2024-11-18 03:25:00,4,0.28,0,bike,33.93675198010838,SPB,1,5,4.9,1.3,17.8,3.0,11,3,0,0,2.5652173913043477,34.4185119181993
37005,2024-02-02 00:58:00,1,0.54,0,scooter,49.6149146410911,Kazan,1,5,-5.4,19.39,13.2,3.0,2,0,1,4,2.0952380952380953,42.731804643923326
28164,2024-11-03 02:02:00,3,2.7,0,car,55.0,SPB,1,14,0.3,6.977453416149069,18.5,2.0,11,2,0,6,2.6056338028169015,55.787514069784415
6271,2024-07-18 00:55:00,3,6.57,0,car,55.0,Moscow,1,10,23.1,4.058662716885315,15.9,5.0,7,0,0,3,4.571428571428571,63.45597474408426
7310,2025-03-27 15:08:00,6,13.61,0,scooter,54.257799958411795,Moscow,1,6,7.5,3.79,18.4,4.0,3,15,0,3,4.078947368421052,150.36286650974984
24384,2024-01-14 18:09:00,3,1.7,0,car,55.0,SPB,0,16,-11.8,16.86,17.5,2.0,1,18,1,6,2.5675675675675675,67.34414791725504
88104,2024-07-28 01:18:00,4,4.34,0,car,55.0,Moscow,0,21,18.5,0.49,15.6,3.0,7,1,0,6,3.8181818181818183,75.54673651685019
51657,2024-08-09 10:40:00,4,3.87,0,car,55.0,Moscow,0,35,19.2,15.35,7.5,4.0,8,10,1,4,3.5714285714285716,107.99391838502379
68535,2024-10-12 05:42:00,4,3.33,0,car,55.0,Kazan,0,20,-3.2,4.13,7.4,2.0,10,5,0,5,2.0317460317460316,68.41971799998326
61663,2025-05-21 15:24:00,3,4.57,0,bike,42.40735828019987,Moscow,1,9,16.0,2.24,16.9,4.0,5,15,0,2,4.094594594594595,72.97225198094478
52975,2025-03-31 20:22:00,2,5.59,1,car,55.0,SPB,0,36,10.8,1.63,0.2,3.0,3,20,0,0,2.289855072463768,89.53883906952792
26272,2024-07-27 23:45:00,3,1.32,0,car,55.0,SPB,0,37,20.0,1.38,4.7,2.0,7,23,0,5,2.5,68.96335270161318
82694,2024-08-26 00:41:00,4,1.23,0,scooter,55.0,Kazan,0,24,16.7,1.65,9.8,2.0,8,0,0,0,1.9666666666666666,53.32653919905522
69453,2024-11-16 13:05:00,2,2.56,0,car,55.0,SPB,0,17,8.8,5.9,14.0,3.0,11,13,0,5,2.380281690140845,55.81961829910787
3791,2025-01-19 17:11:00,2,4.11,0,scooter,43.16043291364058,SPB,0,16,0.8,8.93,12.8,2.0,1,17,0,6,2.1538461538461537,80.13127606470373
64,2024-12-13 18:51:00,3,5.69,0,car,55.0,Kazan,1,8,-7.5,3.869590301003344,10.9,3.0,12,18,0,4,2.0,82.59421351280595
93080,2024-06-28 21:28:00,3,0.91,0,bike,40.879308302895126,Moscow,1,10,21.2,0.92,19.7,nan,6,21,0,4,3.3466666666666667,12.513302925771683
90853,2024-05-28 14:15:00,1,2.64,0,car,55.0,SPB,1,6,20.9,4.15,2.0,4.0,5,14,0,1,2.608695652173913,47.964631175995876
63028,2025-01-14 07:15:00,4,3.89,0,car,55.0,Moscow,0,27,-6.6,2.73,4.5,5.0,1,7,0,1,3.8846153846153846,89.92113394575624
83714,2025-01-07 08:20:00,5,4.22,0,car,55.0,Moscow,1,7,-3.9,2.15,19.7,4.0,1,8,0,1,3.8533333333333335,74.35746360048445
10879,2024-03-08 04:02:00,3,3.25,0,bike,43.31751317140163,Moscow,0,27,-9.5,0.46,14.1,4.0,3,4,0,4,4.025974025974026,75.16293014201993
56734,2024-10-26 22:17:00,4,2.03,0,bike,41.97329297929299,Kazan,0,32,2.5,1.74,0.5,1.0,10,22,0,5,2.1206896551724137,64.72714480436652
57550,2024-01-19 11:18:00,1,3.54,0,car,55.0,SPB,0,16,-4.7,5.52,9.6,3.0,1,11,0,4,2.514705882352941,63.90596785127256
13964,2024-07-22 05:47:00,1,1.13,0,car,55.0,Kazan,1,10,17.4,1.19,13.2,2.0,7,5,0,0,2.0307692307692307,33.843789883574196
85680,2024-06-15 20:32:00,2,2.4,0,car,55.0,Kazan,0,24,24.7,9.42,8.3,1.0,6,20,0,5,2.0142857142857142,66.04261506595212
18653,2024-02-23 01:02:00,2,0.96,0,car,55.0,Moscow,1,9,-2.7,1.48,9.4,4.0,2,1,0,4,3.3421052631578947,39.20540479283224
26610,2024-04-02 22:40:00,2,2.79,0,bike,35.369149670627664,Moscow,1,13,14.2,3.34,17.0,4.0,4,22,0,1,3.8684210526315788,64.18190772841831
9208,2025-06-13 17:51:00,3,5.6,0,car,55.0,Moscow,1,7,18.3,9.93,12.7,5.0,6,17,0,4,3.9473684210526314,98.55874949846361
20977,2024-01-20 04:07:00,4,7.21,0,bike,35.086380143438284,Kazan,0,34,-1.3,6.58,10.0,1.0,1,4,0,5,2.3333333333333335,130.44763191710973
7712,2025-02-21 03:15:00,4,7.6,0,car,55.0,SPB,0,23,-4.9,1.89,9.9,3.0,2,3,0,4,2.476923076923077,109.21717167201248
73414,2024-06-14 05:58:00,4,2.15,0,bike,42.8376824131858,Kazan,1,11,23.7,0.1,13.0,2.0,6,5,0,4,2.066666666666667,43.67847335565667
49257,2024-12-07 17:37:00,2,4.73,0,bike,25.996363720780828,SPB,0,16,-2.0,1.49,7.0,2.0,12,17,0,5,2.2222222222222223,84.63429002368666
56142,2024-02-20 00:39:00,2,0.83,0,bike,34.06066537047135,SPB,0,23,-12.1,0.77,10.7,3.0,2,0,0,1,2.4857142857142858,50.91844096483087
66809,2025-02-21 21:10:00,5,4.55,0,car,55.0,Moscow,0,36,-6.7,4.43,21.2,4.0,2,21,0,4,3.3466666666666667,103.94987835722361
53245,2024-06-30 14:54:00,2,12.77,0,car,55.0,SPB,1,11,21.4,0.91,5.0,3.0,6,14,0,6,2.5217391304347827,149.6768130513643
71201,2024-02-06 16:25:00,4,6.48,0,scooter,52.98290027675885,Kazan,0,24,-1.3,2.67,3.0,3.0,2,16,0,1,2.3174603174603177,103.55873946091054
19498,2024-11-10 22:25:00,3,5.36,0,car,55.0,Moscow,0,35,1.5,15.8,12.7,3.0,11,22,1,6,3.5921052631578947,114.69798337943176
31021,2024-08-08 21:59:00,3,0.64,1,car,55.0,Kazan,0,30,19.4,2.5,2.5,3.0,8,21,0,3,2.238095238095238,49.4980117930383
40000,2024-10-05 13:32:00,4,1.21,0,scooter,54.71734502201816,Kazan,0,32,12.8,2.91,12.1,1.0,10,13,0,5,2.033333333333333,61.24125441520944
91088,2024-02-17 02:18:00,5,7.92,0,bike,33.0915722275002,SPB,1,10,1.0,5.17,19.3,2.0,2,2,0,5,2.1323529411764706,110.22295419193077
7597,2024-02-22 16:45:00,4,5.86,0,car,55.0,Moscow,0,15,-2.7,3.43,9.6,4.0,2,16,0,3,3.6363636363636362,90.30947371910045
40285,2024-09-23 09:39:00,1,8.43,0,car,55.0,SPB,1,12,8.2,6.09,13.4,3.0,9,9,0,0,2.417910447761194,113.02669316142158
10486,2024-05-01 21:43:00,5,3.98,0,car,55.0,Moscow,1,10,10.6,1.52,13.0,4.0,5,21,0,2,3.6153846153846154,63.19491899594392
13985,2024-04-25 10:13:00,2,0.98,0,scooter,39.047551890965785,Moscow,1,12,15.3,1.96,9.3,4.0,4,10,0,3,3.782051282051282,44.74762972376922
6812,2025-01-11 20:28:00,2,2.37,0,car,55.0,Kazan,1,12,0.6,5.95,16.7,1.0,1,20,0,5,2.0142857142857142,47.43242315846671
42153,2025-01-17 00:15:00,6,4.01,0,bike,35.577876365522755,Moscow,1,5,1.6,7.07,5.8,4.0,1,0,0,4,3.5064935064935066,71.9631062076932
94157,2025-04-02 13:44:00,2,0.42,0,car,55.0,Moscow,0,18,11.8,3.53,9.7,5.0,4,13,0,2,3.871794871794872,52.49954052500681
77413,2024-04-16 15:18:00,6,3.92,0,scooter,55.0,Moscow,0,36,11.5,2.62,3.1,4.0,4,15,0,1,3.9210526315789473,101.78261884824121
44315,2025-03-28 02:34:00,1,2.33,0,car,55.0,SPB,1,8,2.2,0.22,8.2,4.0,3,2,0,4,2.380281690140845,43.29064943448566
68579,2024-12-01 07:50:00,3,0.34,0,car,55.0,Moscow,1,5,0.7,1.39,10.5,3.0,12,7,0,6,4.065789473684211,29.3622751271715
98463,2024-07-04 11:14:00,4,10.05,0,car,55.0,Kazan,1,9,31.9,0.48,13.9,2.0,7,11,0,3,2.0806451612903225,114.18266882666173
7990,2024-09-18 07:07:00,3,3.41,0,car,55.0,Moscow,1,12,10.3,0.49,5.2,4.0,9,7,0,2,3.987012987012987,58.228118264875626
91580,2024-07-19 22:57:00,4,6.14,0,bike,31.367687591946154,Kazan,0,37,22.0,2.18,15.2,2.0,7,22,0,4,2.3015873015873014,119.61564268809178
16615,2024-07-05 04:13:00,5,1.34,0,scooter,46.44984473997541,Moscow,0,23,18.4,1.0,4.9,5.0,7,4,0,4,4.025974025974026,63.285065893415194
58244,2024-02-04 05:20:00,1,4.98,0,car,55.0,Kazan,0,34,-7.4,4.1,6.7,1.0,2,5,0,6,2.289855072463768,88.80983228687552
22540,2025-03-22 22:08:00,3,9.98,0,scooter,44.79372201513367,SPB,1,10,-0.9,4.0,6.1,2.0,3,22,0,5,2.361111111111111,124.04633919226762
86756,2025-03-28 10:04:00,4,5.33,0,car,55.0,SPB,1,6,5.2,0.22,8.2,4.0,3,10,0,4,2.323943661971831,67.9266012240771
62407,2024-04-04 11:23:00,5,2.58,0,bike,40.52713657796784,SPB,0,25,-1.6,8.8,0.6,3.0,4,11,0,3,2.619047619047619,87.003387933957
67931,2024-03-08 04:25:00,3,3.97,0,car,55.0,Moscow,0,16,-9.5,0.46,14.1,4.0,3,4,0,4,4.025974025974026,66.38777002579421
58458,2025-06-24 05:14:00,3,1.88,0,scooter,43.02736698811714,Moscow,1,11,11.6,1.16,10.9,4.0,6,5,0,1,3.6842105263157894,47.82344788445374
60181,2024-01-06 00:14:00,3,0.95,0,bike,30.444795647135667,Kazan,0,32,-18.9,12.27,4.0,1.0,1,0,1,5,2.3492063492063493,83.33639623264254
40195,2025-04-28 16:22:00,4,0.95,0,car,55.0,Kazan,0,32,3.8,0.27,3.7,3.0,4,16,0,0,2.1578947368421053,63.24829996630379
65997,2025-05-06 04:40:00,2,12.3,0,car,55.0,SPB,0,31,4.3,6.28,18.9,3.0,5,4,0,1,2.292307692307692,178.6886783742989
70799,2024-02-03 10:41:00,2,1.06,0,bike,34.302746560329744,SPB,1,9,-3.1,10.95,13.1,3.0,2,10,0,5,2.3661971830985915,54.278617653925366
64103,2024-02-29 23:29:00,4,1.96,0,bike,38.07882928487708,Kazan,0,23,-5.2,0.7,13.9,2.0,2,23,0,3,2.032258064516129,57.996459597959515
70305,2024-04-24 21:33:00,3,1.41,0,scooter,49.71730148714787,SPB,0,33,4.5,4.45,7.4,3.0,4,21,0,2,2.292307692307692,71.1689917527416
12343,2024-05-19 08:45:00,3,6.19,0,car,55.0,Kazan,0,35,11.5,7.81,9.5,1.0,5,8,0,6,2.169491525423729,116.08426696771147
28753,2024-12-16 03:19:00,4,5.62,0,scooter,55.0,Kazan,0,32,-2.1,2.12,16.4,2.0,12,3,0,0,1.9827586206896552,101.12858782032183
34243,2024-08-11 22:58:00,1,0.34,0,car,55.0,Moscow,1,8,14.3,2.32,20.0,3.0,8,22,0,6,3.5921052631578947,36.187668178915224
58542,2024-12-08 08:23:00,5,5.02,0,car,55.0,SPB,0,21,-2.2,4.77,20.4,3.0,12,8,0,6,2.323529411764706,99.82922403593004
43367,2025-05-11 22:03:00,1,1.62,0,scooter,46.49258940217779,Moscow,0,28,4.1,1.82,6.4,3.0,5,22,0,6,3.5921052631578947,59.54197163060542
77259,2025-06-20 01:28:00,4,5.26,0,car,55.0,Moscow,1,14,12.9,1.58,0.7,5.0,6,1,0,4,3.3421052631578947,80.39610391029092
2305,2025-04-23 01:48:00,2,5.64,0,bike,37.21804023678132,Moscow,1,9,11.9,0.24,10.5,5.0,4,1,0,2,3.3766233766233764,77.941038295885
67611,2025-03-12 18:53:00,2,1.15,0,car,55.0,Moscow,1,11,10.0,2.61,12.6,4.0,3,18,0,2,3.6623376623376624,55.83024077219642
63773,2024-02-24 04:57:00,2,3.04,0,bike,40.879308302895126,SPB,0,21,1.9,20.58,0.9,2.0,2,4,1,5,2.7,86.5722955650602
33204,2025-04-30 09:31:00,1,2.1,0,car,55.0,SPB,0,24,2.6,14.15,0.6,3.0,4,9,1,2,2.5294117647058822,75.44988844665956
32783,2024-01-16 03:15:00,4,2.21,0,car,45.85950269980694,SPB,1,13,-8.0,2.37,0.4,3.0,1,3,0,1,2.242857142857143,52.34857169594254
19580,2025-06-01 00:55:00,2,2.64,0,car,55.0,SPB,0,25,11.0,9.84,17.0,2.0,6,0,0,6,2.414285714285714,73.89570575503699
69628,2025-01-21 14:24:00,2,4.31,0,car,55.0,Kazan,1,8,-8.6,5.56,5.4,2.0,1,14,0,1,2.123076923076923,61.96899079966177
93648,2024-02-19 12:34:00,1,2.07,1,bike,35.5218365044405,Kazan,0,23,-4.9,5.9,15.6,2.0,2,12,0,0,2.5,52.57352512130721
81441,2025-03-30 17:10:00,3,4.55,0,scooter,48.70580908301911,Moscow,1,13,11.6,8.35,2.4,3.0,3,17,0,6,4.0,86.19134559400969
49545,2024-12-23 20:02:00,3,1.96,0,car,55.0,SPB,0,36,0.5,4.06,11.1,3.0,12,20,0,0,2.289855072463768,69.27566054921778
53676,2024-09-06 18:01:00,2,3.85,0,car,41.750137119404535,Moscow,0,30,21.1,0.41,10.4,5.0,9,18,0,4,3.8026315789473686,98.82642336600992
86610,2024-07-17 20:27:00,5,1.47,1,bike,37.106988143682905,Moscow,0,23,27.3,3.76,9.9,4.0,7,20,0,2,3.883116883116883,52.210275838073905
24736,2025-04-01 13:25:00,4,9.11,0,scooter,44.150599250049076,Moscow,1,8,10.1,1.12,9.8,5.0,4,13,0,1,4.171052631578948,113.70655586190236
9210,2024-10-25 04:36:00,4,2.58,0,bike,38.162502640513864,Moscow,0,22,6.4,0.31,0.6,4.0,10,4,0,4,4.025974025974026,66.21778956553614
70663,2024-04-17 04:39:00,5,5.52,0,car,55.0,Kazan,1,8,1.6,0.19,5.0,2.0,4,4,0,2,2.1147540983606556,65.48151451797224
51138,2024-12-13 02:17:00,3,6.56,0,scooter,41.544742159650916,SPB,1,11,-6.6,3.15,23.8,4.0,12,2,0,4,2.380281690140845,89.88282753266056
76015,2025-02-08 10:45:00,3,3.54,0,scooter,38.31527511177083,Moscow,0,37,-4.5,10.46,0.6,3.0,2,10,0,5,4.175675675675675,98.62436645463022
2788,2024-08-22 02:52:00,4,0.64,0,scooter,42.827475829915414,Kazan,1,12,12.8,7.18,12.6,2.0,8,2,0,3,1.9846153846153847,41.36848633061522
80858,2024-03-06 18:24:00,5,10.42,1,car,55.0,SPB,0,32,-2.9,3.56,14.1,3.0,3,18,0,2,2.183098591549296,148.94278332981673
98996,2024-12-07 18:24:00,1,4.28,0,car,46.1550413594705,Moscow,1,8,-2.9,2.23,20.0,3.0,12,18,0,5,3.8701298701298703,71.26241817497528
79419,2024-05-15 13:37:00,1,0.85,1,bike,41.76333005471556,Moscow,0,25,13.7,7.02,16.7,4.0,5,13,0,2,3.871794871794872,54.50115542520136
74354,2024-05-14 08:15:00,5,2.27,0,car,55.0,SPB,0,24,9.6,0.35,14.5,4.0,5,8,0,1,2.2203389830508473,76.69474444799019
6470,2024-06-18 10:14:00,1,1.76,0,car,45.85950269980694,SPB,0,31,18.8,10.26,14.0,3.0,6,10,0,1,2.564516129032258,73.16009263541889
36706,2024-08-06 04:55:00,6,4.1,0,scooter,55.0,SPB,0,15,13.8,8.37,0.2,3.0,8,4,0,1,2.292307692307692,79.72310843136734
35765,2025-05-11 12:33:00,5,3.07,0,car,55.0,SPB,0,16,5.5,4.76,18.3,2.0,5,12,0,6,2.2535211267605635,62.64624765599282
46922,2024-07-25 23:07:00,3,4.78,0,car,55.0,Moscow,1,5,17.4,0.24,4.7,4.0,7,23,0,3,3.3461538461538463,59.3971896601834
40965,2025-05-13 07:42:00,3,1.49,0,car,55.0,Moscow,1,10,5.2,0.26,7.7,5.0,5,7,0,1,3.8846153846153846,47.17479694401253
30756,2024-01-17 04:03:00,2,7.86,0,car,55.0,Moscow,0,36,-8.3,4.21,15.7,4.0,1,4,0,2,3.935064935064935,128.6341777167024
66512,2025-05-09 20:13:00,2,4.46,0,bike,34.88035136798393,Moscow,1,12,6.2,2.24,0.4,4.0,5,20,0,4,3.923076923076923,78.36033240189958
17920,2024-05-30 16:36:00,5,5.0,0,scooter,53.90710727799128,SPB,0,17,25.6,16.31,18.4,3.0,5,16,1,3,2.588235294117647,92.19751705201278
30016,2024-02-04 03:44:00,4,5.64,0,car,55.0,Moscow,0,18,-1.8,9.63,15.2,3.0,2,3,0,6,3.710526315789474,93.35547561396059
930,2025-06-21 09:56:00,6,2.45,0,scooter,39.091298449230436,Moscow,1,11,12.5,2.76,11.6,3.0,6,9,0,5,3.6973684210526314,63.87457176088397
28022,2024-12-03 08:16:00,3,2.94,0,scooter,48.67284070467812,Moscow,0,34,-0.2,4.36,8.9,5.0,12,8,0,1,3.8533333333333335,101.40079109724431
6571,2024-02-22 00:43:00,4,6.67,0,bike,38.62838052170366,Kazan,1,9,-14.4,0.81,20.1,3.0,2,0,0,3,2.287878787878788,87.61683784838434
42386,2024-09-05 20:26:00,1,2.41,0,scooter,55.0,Kazan,1,5,12.3,1.06,15.7,2.0,9,20,0,3,1.876923076923077,35.36767003519324
33149,2024-06-15 08:13:00,4,1.93,0,bike,37.32002871481163,Moscow,1,12,19.2,3.54,1.1,3.0,6,8,0,5,3.527027027027027,62.551786470491926
89479,2024-06-02 23:31:00,4,5.13,0,bike,40.60867476452213,Kazan,0,27,20.3,4.65,4.7,1.0,6,23,0,6,2.121212121212121,95.51736386562496
48094,2025-05-31 22:39:00,2,0.26,0,car,55.0,Kazan,0,22,24.8,6.76,5.0,1.0,5,22,0,5,2.1206896551724137,47.55396100580297
34568,2025-04-08 22:37:00,4,2.99,1,car,55.0,Kazan,0,18,6.2,2.29,9.8,3.0,4,22,0,1,2.2459016393442623,52.994738472333765
71628,2025-01-07 03:00:00,3,6.64,0,bike,43.09047812324671,Moscow,1,12,-4.8,2.15,19.7,4.0,1,3,0,1,3.64,93.8594576890016
65875,2024-08-10 19:12:00,1,2.75,0,car,54.680479951338505,Kazan,1,5,17.3,1.22,11.5,1.0,8,19,0,5,2.0153846153846153,41.54116008398922
72606,2025-03-16 00:02:00,2,4.42,0,scooter,50.84117784067927,Moscow,1,9,-1.6,3.52,18.2,3.0,3,0,0,6,3.727272727272727,65.23563886634781
98489,2024-02-16 18:57:00,3,1.28,0,bike,40.32854369446495,Moscow,0,26,-8.7,3.97,11.0,4.0,2,18,0,4,3.8026315789473686,80.99603462169458
6744,2024-09-14 18:23:00,3,3.24,0,car,55.0,Moscow,0,26,22.6,0.62,18.8,4.0,9,18,0,5,3.8701298701298703,86.65045497855382
49367,2024-03-09 05:41:00,7,11.52,1,car,55.0,SPB,1,9,-6.8,1.93,3.0,2.0,3,5,0,5,2.7,122.44021461465982
43333,2024-02-02 00:43:00,5,0.89,0,bike,36.62098754864886,Moscow,1,6,-0.9,6.61,8.7,4.0,2,0,0,4,3.5064935064935066,47.598261103130895
42233,2024-05-04 23:01:00,5,0.5,0,car,55.0,Moscow,0,24,9.0,5.59,4.6,4.0,5,23,0,5,4.076923076923077,51.44933862410789
2901,2024-11-18 13:38:00,2,9.57,0,bike,36.63261474828157,Moscow,1,12,4.1,0.51,13.3,nan,11,13,0,0,3.896103896103896,11.520250403722741
7953,2025-01-13 12:32:00,3,3.35,0,scooter,47.84167767078809,Moscow,1,9,-2.5,0.05,4.9,5.0,1,12,0,0,3.551282051282051,55.68227124510718
37195,2025-05-01 17:30:00,4,3.57,0,bike,35.96575629651888,Kazan,0,37,9.9,16.34,19.8,3.0,5,17,1,3,2.0163934426229506,122.6260157909878
45920,2024-09-12 19:37:00,2,3.27,0,car,55.0,Moscow,0,29,22.2,2.4,12.3,4.0,9,19,0,3,3.5657894736842106,89.65485896952576
23267,2024-08-21 19:36:00,2,3.05,0,car,55.0,SPB,0,16,20.6,2.75,18.3,3.0,8,19,0,2,2.1343283582089554,69.74342934198972
57436,2025-03-29 02:53:00,3,8.7,0,car,55.0,Kazan,0,29,-0.5,3.1018135922330097,1.8,2.0,3,2,0,5,2.015151515151515,128.81775749659107
50077,2024-03-06 00:24:00,3,3.57,0,car,55.0,SPB,0,29,-5.5,3.56,14.1,3.0,3,0,0,2,2.6338028169014085,80.08230188847723
91739,2025-06-05 16:30:00,3,2.65,0,car,55.0,SPB,0,20,21.3,9.21,10.0,4.0,6,16,0,3,2.588235294117647,74.16913910678642
61253,2024-06-10 03:34:00,2,3.93,0,scooter,36.42755350070934,Moscow,1,12,12.5,2.04,9.3,4.0,6,3,0,0,3.948717948717949,65.96002359486033
30256,2024-10-27 15:31:00,5,1.01,0,bike,30.444795647135667,Moscow,0,16,7.9,3.06,17.2,3.0,10,15,0,6,3.8157894736842106,56.01757693308313
25139,2024-09-18 02:45:00,2,8.97,0,bike,45.195252478472824,Moscow,1,6,15.2,0.49,5.2,4.0,9,2,0,2,3.8666666666666667,105.96551906498233
60137,2024-06-09 09:36:00,2,2.98,0,bike,34.21679163845626,Kazan,0,32,20.8,5.33,11.0,1.0,6,9,0,6,2.015625,84.83524968529198
9124,2024-12-29 12:31:00,4,4.65,0,car,55.0,SPB,0,26,2.9,0.41,20.2,3.0,12,12,0,6,2.2535211267605635,89.31730449126285
91819,2024-12-11 09:12:00,3,6.89,0,bike,42.40735828019987,Moscow,0,32,-5.2,1.68,3.1,4.0,12,9,0,2,3.6623376623376624,129.39815308032766
94587,2024-01-16 08:36:00,1,0.74,0,car,55.0,SPB,0,23,-8.8,2.37,0.4,3.0,1,8,0,1,2.2203389830508473,57.214734610544156
67983,2025-05-23 21:02:00,4,2.28,0,scooter,55.0,SPB,0,24,10.5,2.38,6.9,3.0,5,21,0,4,2.5217391304347827,65.94574506866779
94150,2024-10-10 03:42:00,1,2.0,0,bike,37.106988143682905,Moscow,1,11,6.0,0.04,15.2,5.0,10,3,0,3,3.779220779220779,47.15597509694227
61391,2024-12-23 14:49:00,3,2.94,0,car,55.0,Kazan,0,24,-4.6,6.83,13.090177133655395,2.0,12,14,0,0,2.0307692307692307,71.45359009815309
23758,2025-02-25 05:55:00,5,2.07,1,car,55.0,SPB,1,12,-3.2,6.63,0.8,3.0,2,5,0,1,2.464788732394366,42.61684612654557
97783,2025-01-23 10:02:00,4,2.61,0,bike,34.88035136798393,Kazan,0,27,-12.7,0.82,16.5,3.0,1,10,0,3,2.126984126984127,73.91904842669148
24838,2024-11-25 17:27:00,2,4.3,0,car,55.0,Kazan,0,32,0.7,4.76,16.0,2.0,11,17,0,0,2.0161290322580645,93.73040376901992
76821,2024-04-18 20:44:00,3,2.89,0,car,55.0,Moscow,1,9,6.2,0.33,16.9,4.0,4,20,0,3,3.688311688311688,52.68443340476914
15084,2025-01-20 16:18:00,1,3.68,0,car,55.0,Kazan,0,20,-1.5,0.79,21.1,3.0,1,16,0,0,2.1578947368421053,69.30067343718567
48506,2024-03-30 18:37:00,2,1.15,0,car,55.0,Moscow,0,23,9.1,8.75,10.816503623188405,3.0,3,18,0,5,3.8701298701298703,70.59325360959939
2154,2024-02-02 05:17:00,3,1.2,0,scooter,55.0,Kazan,0,31,-5.1,19.39,13.2,3.0,2,5,1,4,2.066666666666667,78.24933380816077
44539,2025-03-03 07:43:00,5,1.33,0,bike,30.567021598673445,Moscow,1,9,-0.8,5.71,0.6,4.0,3,7,0,0,3.9066666666666667,45.88277231597238
53090,2025-05-12 14:49:00,3,2.77,0,car,55.0,SPB,1,13,12.7,1.74,12.6,nan,5,14,0,0,2.5757575757575757,11.446122787420919
1728,2025-04-25 13:02:00,3,2.27,0,car,41.750137119404535,Moscow,0,16,16.6,3.2,6.2,4.0,4,13,0,4,3.935064935064935,60.14659482108152
89368,2025-04-20 16:01:00,6,8.46,0,bike,42.257796955237886,SPB,0,26,11.0,4.45,7.3,2.0,4,16,0,6,2.485294117647059,133.5118447290033
7825,2025-03-06 20:19:00,6,4.06,0,car,55.0,SPB,1,13,3.7,5.314601013299558,7.1,3.0,3,20,0,3,2.1857142857142855,69.2049579888129
64316,2025-01-02 14:28:00,1,2.13,0,car,55.0,Moscow,1,9,3.0,1.92,6.1,4.0,1,14,0,3,3.7222222222222223,47.541553507420815
92826,2025-03-05 22:01:00,1,0.81,0,car,55.0,SPB,0,23,2.0,1.62,2.2,3.0,3,22,0,2,2.537313432835821,48.56123624096044
15906,2025-02-17 05:38:00,4,7.16,0,car,55.0,Moscow,0,35,-14.9,1.94,22.7,4.0,2,5,0,0,4.116883116883117,119.13665555744667
6911,2024-08-05 19:58:00,3,4.17,0,car,55.0,Moscow,0,18,21.7,0.44,9.9,4.0,8,19,0,0,3.453333333333333,82.44600790182554
94057,2024-02-01 21:24:00,2,4.78,1,bike,40.10929179910456,Kazan,1,9,-5.8,1.28,1.4,3.0,2,21,0,3,2.238095238095238,58.3451997514102
47675,2024-08-28 15:42:00,2,5.34,0,bike,38.94927677658439,Moscow,0,31,25.0,0.04,10.0,4.0,8,15,0,2,4.094594594594595,94.99359539286556
47432,2025-04-03 16:39:00,1,5.0,0,car,55.0,Kazan,1,9,8.4,2.17,10.4,2.0,4,16,0,3,1.9206349206349207,63.57421748650631
8678,2024-03-15 11:13:00,2,0.26,0,car,55.0,Moscow,1,12,1.9,6.98,15.5,5.0,3,11,0,4,3.9743589743589745,47.986553281083665
92252,2024-08-05 04:08:00,4,6.62,0,car,55.0,Moscow,1,10,13.5,0.44,9.9,4.0,8,4,0,0,4.116883116883117,83.7040271728248
68536,2025-02-03 08:09:00,2,3.03,0,car,55.0,Moscow,0,33,-1.7,1.68,6.9,5.0,2,8,0,0,3.6315789473684212,95.36159418088498
45604,2024-10-14 13:26:00,1,1.55,0,car,48.016477908776224,SPB,1,6,8.5,0.23,6.3,4.0,10,13,0,0,2.3857142857142857,35.94139561193634
18315,2024-10-18 10:50:00,2,5.65,0,car,55.0,Moscow,0,21,3.2,1.72,0.0,4.0,10,10,0,4,3.5714285714285716,89.71700614723322
46532,2025-02-12 11:17:00,5,3.81,0,scooter,49.00620380326575,SPB,0,35,-3.6,29.51,19.6,3.0,2,11,1,2,2.4794520547945207,112.13075111988904
8705,2024-11-24 21:22:00,4,2.49,0,car,55.0,SPB,0,33,-0.9,0.3,23.5,2.0,11,21,0,6,2.5,73.09526591628311
92772,2025-04-25 18:08:00,2,0.76,0,bike,36.24682112531779,Kazan,1,8,16.7,0.3,5.0,2.0,4,18,0,4,2.0,34.25226435255941
19513,2024-08-02 06:18:00,1,4.0,0,scooter,55.0,SPB,0,37,14.1,14.15,4.9,3.0,8,6,1,4,2.0434782608695654,99.63513867575693
5892,2024-12-22 03:37:00,2,0.63,0,bike,30.444795647135667,Moscow,1,10,-4.9,6.87,23.6,3.0,12,3,0,6,3.710526315789474,39.36931395985832
14788,2024-07-31 20:56:00,3,2.98,0,car,55.0,SPB,0,26,18.2,7.31,14.6,3.0,7,20,0,2,2.445945945945946,78.28807144379435
65072,2024-07-22 15:36:00,1,3.04,0,scooter,53.88993581645081,Moscow,1,7,21.5,1.06,11.2,4.0,7,15,0,0,3.5789473684210527,50.84652967622585
47465,2024-10-08 16:52:00,3,0.55,0,bike,39.220014514791444,SPB,0,25,7.0,1.32,6.1,3.0,10,16,0,1,2.411764705882353,58.526313586237485
80118,2024-10-15 20:02:00,9,1.28,0,bike,34.78209868887858,Kazan,1,8,5.5,2.96,12.9,2.0,10,20,0,1,2.0757575757575757,40.71483384706956
77279,2024-01-08 12:28:00,4,3.17,0,scooter,45.159897613091154,Moscow,1,10,-20.0,6.19,23.2,5.0,1,12,0,0,3.551282051282051,59.02496531352878
22565,2024-06-17 02:58:00,2,2.82,0,bike,38.07269195618679,Moscow,0,17,18.9,4.48,11.5,4.0,6,2,0,0,3.7837837837837838,67.19080579210672
49872,2025-01-28 19:37:00,3,6.6,0,car,55.0,SPB,1,11,2.2,4.53,22.1,3.0,1,19,0,1,2.4225352112676055,99.03464446034866
67405,2024-05-16 15:14:00,1,1.53,0,bike,36.62098754864886,SPB,1,13,15.7,4.99714105396024,13.5,3.0,5,15,0,3,2.6865671641791047,51.34207166962085
63565,2024-08-24 23:12:00,4,3.46,0,car,55.0,Moscow,0,31,17.3,4.57,14.6,4.0,8,23,0,5,4.076923076923077,86.59741497861609
23519,2024-06-05 08:16:00,1,5.37,0,bike,34.78209868887858,Moscow,1,10,20.5,2.98,7.3,4.0,6,8,0,2,3.8493150684931505,92.86281649035516
24144,2024-03-23 14:59:00,4,5.85,0,bike,42.191249465282176,SPB,1,10,2.3,21.09,13.8,2.0,3,14,1,5,2.391304347826087,100.86657564812431
40344,2025-03-07 10:31:00,3,2.59,0,scooter,46.760053354253095,Kazan,1,5,-0.7,3.85,17.8,2.0,3,10,0,4,2.1449275362318843,43.21971673109665
55687,2024-11-10 07:04:00,2,3.1,0,bike,34.60585913965475,Moscow,0,18,4.3,15.8,12.7,3.0,11,7,1,6,4.065789473684211,84.0551067571802
92279,2025-02-19 10:41:00,2,0.98,0,bike,38.82921835200169,Kazan,1,5,-11.9,9.62,23.5,2.0,2,10,0,2,2.0153846153846153,41.771759946134424
66488,2024-02-09 14:54:00,3,1.42,0,car,55.0,SPB,0,25,-14.2,7.07,19.0,4.0,2,14,0,4,2.2388059701492535,67.39714658915729
87116,2025-05-17 15:33:00,1,8.05,0,car,55.0,SPB,0,23,13.5,1.2,4.0,2.0,5,15,0,5,2.373134328358209,104.70048517238281
6183,2024-12-11 11:47:00,3,0.37,0,scooter,51.84792119327856,Moscow,1,10,-5.0,1.68,3.1,4.0,12,11,0,2,3.688311688311688,37.75014536466954
71441,2025-01-07 09:43:00,1,3.61,0,car,55.0,Moscow,0,34,-3.6,2.15,19.7,4.0,1,9,0,1,3.9342105263157894,94.45504755356782
74970,2024-03-24 18:55:00,2,2.58,0,car,55.0,Kazan,1,5,0.7,8.31,15.5,1.0,3,18,0,6,2.142857142857143,49.58242839030737
90240,2024-09-03 02:12:00,3,2.63,0,scooter,46.7981431143761,Kazan,0,33,14.9,0.59,15.7,2.0,9,2,0,1,2.161764705882353,72.46571801597365
56906,2024-09-18 22:36:00,5,4.57,0,car,55.0,Moscow,1,5,14.7,0.49,5.2,4.0,9,22,0,2,4.0,59.083741844482724
5357,2024-06-10 16:46:00,2,4.72,0,car,55.0,Moscow,0,17,21.7,2.04,9.3,4.0,6,16,0,0,3.8076923076923075,77.80769450668942
66362,2025-04-30 04:42:00,2,3.47,0,car,55.0,SPB,1,5,2.3,14.15,0.6,3.0,4,4,1,2,2.357142857142857,61.06924036561943
68898,2025-04-11 10:56:00,3,13.8,0,car,55.0,Kazan,0,34,6.6,4.45,14.1,2.0,4,10,0,4,2.1449275362318843,205.88448689323363
26085,2024-09-04 17:22:00,3,6.44,0,car,55.0,SPB,0,16,25.3,8.34,8.1,4.0,9,17,0,2,2.7222222222222223,112.99773874237123
14247,2025-06-26 09:18:00,5,6.28,0,scooter,50.81018222286416,Kazan,0,20,18.3,1.4,18.6,2.0,6,9,0,3,1.859375,98.57968273409568
89442,2024-11-26 13:03:00,2,1.14,0,car,55.0,SPB,0,22,5.5,15.76,4.1,3.0,11,13,1,1,2.5,63.02690042259884
16206,2024-09-19 22:58:00,2,0.83,0,car,55.0,SPB,0,23,12.2,3.28,11.4,3.0,9,22,0,3,2.4558823529411766,53.257904317688315
30361,2024-07-03 12:04:00,2,1.14,0,car,55.0,Moscow,1,7,30.4,5.22,14.2,4.0,7,12,0,2,3.789473684210526,40.291020384639076
25519,2024-03-07 16:49:00,3,2.9,0,car,55.0,Moscow,0,39,1.5,5.58,16.3,4.0,3,16,0,3,3.6363636363636362,92.15356316417721
17587,2024-12-15 15:39:00,5,2.41,0,bike,38.94927677658439,Moscow,1,10,-4.8,4.83,4.6,4.0,12,15,0,6,3.8157894736842106,62.360568452826676
28300,2024-11-25 00:15:00,3,2.79,0,scooter,46.7981431143761,SPB,0,26,-1.5,2.88,2.0,3.0,11,0,0,0,2.536231884057971,72.29758152015005
72219,2024-03-08 20:17:00,5,3.51,0,bike,34.88035136798393,Kazan,1,6,-4.6,0.25,15.3,2.0,3,20,0,4,2.098360655737705,47.685966102959156
39079,2025-02-06 00:46:00,3,2.2,0,scooter,55.0,Kazan,0,29,-8.8,1.45,21.5,2.0,2,0,0,3,2.287878787878788,68.76230941341232
77340,2024-12-01 14:22:00,2,5.38,0,car,55.0,SPB,1,10,6.2,0.07,17.9,3.0,12,14,0,6,2.5217391304347827,68.58895901981731
27054,2025-05-25 22:38:00,4,19.25,0,scooter,53.90710727799128,Moscow,0,39,23.9,4.64,4.5,3.0,5,22,0,6,3.5921052631578947,219.34452100633163
64225,2024-11-02 03:45:00,3,2.42,0,car,55.0,Kazan,1,5,2.8,3.6,16.5,1.0,11,3,0,5,1.9661016949152543,39.598623478308774
98137,2024-04-18 15:47:00,3,2.0,0,scooter,39.091298449230436,Kazan,1,8,17.0,4.59,12.4,2.0,4,15,0,3,2.0588235294117645,42.03703750112279
28176,2025-01-08 09:40:00,3,0.16,0,car,55.0,Kazan,1,8,0.6,15.42,19.8,2.0,1,9,1,2,2.098360655737705,49.10589171480321
98378,2024-05-06 23:48:00,1,7.58,0,car,55.0,Kazan,1,12,3.0,0.99,18.6,2.0,5,23,0,0,1.8870967741935485,86.69766814692687
53122,2024-03-25 01:45:00,4,1.34,0,scooter,55.0,Kazan,0,17,1.1,0.54,10.4,3.0,3,1,0,0,2.130434782608696,47.152728694305594
89954,2024-02-19 16:53:00,3,2.84,0,car,55.0,Kazan,0,24,-5.1,5.9,15.6,2.0,2,16,0,0,2.1578947368421053,68.90460122664497
10516,2024-01-25 05:31:00,6,4.99,0,scooter,43.16043291364058,Kazan,0,29,-6.8,1.51,23.5,3.0,1,5,0,3,2.074626865671642,105.13411513235093
76466,2024-11-09 18:59:00,4,0.35,0,bike,37.6456880964658,Moscow,1,12,5.8,1.2,20.5,3.0,11,18,0,5,3.8701298701298703,52.8511469331453
3648,2024-05-28 14:47:00,2,2.75,0,scooter,43.02736698811714,SPB,0,16,20.9,4.15,2.0,4.0,5,14,0,1,2.608695652173913,61.263380294903
55093,2024-03-29 02:30:00,2,2.92,0,car,55.0,Kazan,1,8,-6.5,8.64,8.2,2.0,3,2,0,4,2.125,54.91316658498128
18575,2025-06-06 15:20:00,4,9.04,1,bike,34.88035136798393,Moscow,0,39,26.1,0.61,7.9,4.0,6,15,0,4,3.581081081081081,140.48266222842946
8931,2024-02-21 22:50:00,3,0.37,0,scooter,49.49166115263669,Moscow,0,34,-5.7,6.61,0.6,4.0,2,22,0,2,4.0,72.88961935221
65267,2024-09-24 02:09:00,4,4.68,0,car,55.0,Kazan,1,12,8.9,7.1,10.2,3.0,9,2,0,1,2.161764705882353,75.83879303159772
86531,2024-02-12 05:39:00,1,0.61,0,car,55.0,Moscow,0,36,-6.0,7.16,10.4,5.0,2,5,0,0,4.116883116883117,74.20622573597613
43988,2025-01-24 14:53:00,3,1.81,0,bike,30.567021598673445,SPB,0,23,1.3,1.38,10.7,3.0,1,14,0,4,2.2388059701492535,63.662980875019024
73694,2024-12-21 02:28:00,7,1.56,0,bike,40.32854369446495,Moscow,0,39,1.6,2.61,22.6,3.0,12,2,0,5,3.779220779220779,93.87419647436272
68327,2024-03-07 05:59:00,2,7.78,1,bike,31.260861704088715,SPB,0,24,-4.4,6.95,15.0,3.0,3,5,0,3,2.4927536231884058,115.8568789365805
61658,2024-08-28 07:13:00,3,12.99,0,car,55.0,Moscow,1,10,18.5,0.04,10.0,4.0,8,7,0,2,3.987012987012987,149.41915440574786
93769,2024-01-02 13:46:00,4,9.3,0,bike,39.8116220849798,SPB,1,5,-22.3,26.59,19.9,3.0,1,13,1,1,2.5,133.83305405870345
72827,2024-01-26 09:56:00,4,1.94,1,car,55.0,SPB,0,31,-4.4,2.89,15.3,3.0,1,9,0,4,2.452054794520548,68.99418285816924
76573,2024-09-22 17:56:00,5,1.26,1,bike,36.847051198698445,Moscow,0,18,13.3,0.04,17.2,3.0,9,17,0,6,4.0,45.17816307767696
68863,2025-06-02 12:20:00,1,15.78,0,scooter,54.69739406908258,SPB,0,21,18.7,0.15,19.4,4.0,6,12,0,0,2.5,183.46559924620476
52527,2024-02-08 09:42:00,3,2.28,0,bike,37.6456880964658,Moscow,1,5,-18.0,15.55,21.5,5.0,2,9,1,3,3.871794871794872,78.72881706328582
21422,2024-11-19 00:27:00,2,3.57,0,car,55.0,Moscow,0,17,3.3,21.37,8.4,4.0,11,0,1,1,3.779220779220779,80.4434061762509
35999,2024-11-14 10:03:00,4,4.58,0,car,55.0,Moscow,1,14,-0.4,2.84,2.7,4.0,11,10,0,3,3.782051282051282,76.26828496677466
54168,2025-02-24 11:16:00,3,2.36,0,car,55.0,SPB,0,15,-3.3,6.86,23.0,3.0,2,11,0,0,2.4927536231884058,53.79988437481006
73328,2025-05-01 22:08:00,4,4.37,0,bike,43.09047812324671,Kazan,0,35,5.3,16.34,19.8,3.0,5,22,1,3,2.1129032258064515,117.7792880014743
73277,2024-06-23 20:22:00,1,13.41,0,car,55.0,Kazan,0,29,16.5,0.2,8.6,2.0,6,20,0,6,2.0597014925373136,158.9184045297871
65176,2024-08-04 20:07:00,4,2.25,0,car,55.0,Moscow,1,6,18.5,1.3,13.0,4.0,8,20,0,6,4.0131578947368425,45.70153494715145
50806,2024-05-28 01:04:00,5,8.1,0,car,55.0,Moscow,0,30,13.5,3.07,10.4,4.0,5,1,0,1,3.3636363636363638,130.56594480333064
91146,2025-01-12 05:05:00,4,1.47,1,bike,38.56610576982384,Moscow,1,14,-1.7,3.06,12.807115834984687,4.0,1,5,0,6,3.7866666666666666,43.88255650998241
63252,2024-10-18 03:34:00,3,3.19,0,car,55.0,Moscow,0,17,-2.4,1.72,0.0,4.0,10,3,0,4,3.8666666666666667,64.4098064067739
14028,2024-09-21 04:58:00,4,1.99,0,bike,31.870139968385395,Moscow,0,39,11.5,5.21,9.3,3.0,9,4,0,5,3.6493506493506493,90.6008020750717
49848,2024-11-14 16:56:00,3,1.47,0,car,55.0,Moscow,0,36,-0.4,2.84,2.7,4.0,11,16,0,3,3.6363636363636362,77.6385825586991
3922,2024-01-31 11:47:00,1,0.59,0,scooter,55.0,Moscow,1,11,-4.9,20.23,12.2,5.0,1,11,1,2,3.688311688311688,57.860794226626176
94585,2024-10-13 16:11:00,2,2.82,0,car,55.0,SPB,0,16,8.5,1.69,15.5,3.0,10,16,0,6,2.485294117647059,58.40595188441295
42570,2024-04-13 07:59:00,2,3.88,1,scooter,51.84792119327856,Kazan,0,37,6.9,0.64,4.6,2.0,4,7,0,5,1.9833333333333334,72.50669400845082
69219,2025-05-22 04:09:00,2,12.67,0,car,51.43065228264467,Kazan,0,35,12.5,1.67,1.5,2.0,5,4,0,3,2.044776119402985,174.48825547933302
51021,2024-06-07 19:18:00,1,4.32,0,bike,38.07882928487708,Kazan,0,30,22.8,1.01,10.9,2.0,6,19,0,4,1.9855072463768115,89.34617589166487
95274,2024-05-30 00:37:00,3,1.79,0,scooter,51.84792119327856,SPB,0,35,16.7,16.31,18.4,3.0,5,0,1,3,2.3970588235294117,85.66221586327455
74069,2025-06-24 11:11:00,2,2.54,0,bike,33.0915722275002,Kazan,1,13,18.7,1.76,2.4,2.0,6,11,0,1,1.9310344827586208,53.570593419995774
78777,2025-05-31 09:22:00,8,8.59,0,car,55.0,Moscow,0,31,21.2,0.04,8.8,3.0,5,9,0,5,3.6973684210526314,138.2115302006004
79063,2024-03-13 13:07:00,8,7.04,0,bike,36.24682112531779,SPB,1,13,5.5,1.04,9.8,4.0,3,13,0,2,2.426470588235294,103.72582155610093
93501,2025-02-05 18:27:00,2,2.11,0,scooter,50.81018222286416,Moscow,0,21,-0.7,20.28,7.0,4.0,2,18,1,2,3.6623376623376624,87.1856161314865
87359,2024-12-25 05:54:00,1,3.03,1,car,51.43065228264467,Moscow,1,7,-1.5,3.37,6.4,4.0,12,5,0,2,3.68,41.1847380800716
61872,2024-12-05 15:48:00,4,1.51,0,bike,35.369149670627664,Kazan,0,22,-2.5,1.76,13.2,2.0,12,15,0,3,2.0588235294117645,58.316688244579005
217,2024-04-11 22:10:00,6,7.48,0,scooter,55.0,Moscow,0,35,9.4,2.88,0.3,4.0,4,22,0,3,3.5789473684210527,132.66421800009903
11902,2024-03-30 14:02:00,4,2.7,0,bike,36.862403291529105,Kazan,1,14,3.6,2.59,11.4,1.0,3,14,0,5,2.1176470588235294,54.99557282025967
21754,2025-06-27 07:21:00,1,2.4,0,car,55.0,SPB,1,12,12.1,4.33,15.1,3.0,6,7,0,4,2.3285714285714287,47.423833099722934
26933,2024-06-22 19:57:00,3,1.3,1,scooter,44.150599250049076,SPB,0,29,17.0,5.04,9.3,3.0,6,19,0,5,2.484375,61.874193513666384
17594,2024-12-30 18:58:00,4,1.41,0,bike,40.142580832377945,Moscow,0,27,-0.1,33.58,2.4,4.0,12,18,1,0,3.8026315789473686,106.25063454586564
14478,2024-02-14 19:05:00,2,2.96,0,car,55.0,Moscow,0,36,-9.6,8.75,7.3,5.0,2,19,0,2,4.026315789473684,108.86524990977014
33877,2025-02-13 22:01:00,3,4.31,0,car,55.0,SPB,0,28,-4.1,14.19,0.8,nan,2,22,1,3,2.4558823529411766,13.130760284383548
3239,2024-11-03 19:14:00,1,1.53,0,scooter,53.6365997086488,SPB,0,20,0.0,6.977453416149069,18.5,2.0,11,19,0,6,2.4029850746268657,58.78519134849665
22178,2024-09-21 00:54:00,4,1.27,0,car,55.0,SPB,1,7,13.9,0.54,11.9,2.0,9,0,0,5,2.4571428571428573,30.39322771386398
987,2024-01-01 09:21:00,2,4.38,0,car,55.0,SPB,0,35,-15.7,3.33,22.5,3.0,1,9,0,0,2.417910447761194,101.34938353506688
6975,2024-02-22 22:01:00,4,7.45,0,car,55.0,Moscow,1,12,-3.8,3.43,9.6,4.0,2,22,0,3,3.5789473684210527,100.3927126050112
41241,2025-06-08 10:18:00,4,4.62,0,bike,40.804334648574,Moscow,1,5,24.0,1.93,13.4,4.0,6,10,0,6,3.5526315789473686,68.4366293403399
49394,2024-05-15 14:40:00,2,3.71,0,car,55.0,Moscow,0,39,13.8,7.02,16.7,4.0,5,14,0,2,3.4415584415584415,100.00020415717374
12580,2024-04-08 00:22:00,3,3.84,0,car,55.0,Moscow,1,9,5.1,4.96,15.3,4.0,4,0,0,0,3.727272727272727,63.821376339400636
92245,2024-12-31 12:53:00,3,6.03,0,scooter,45.651242794209146,Moscow,0,39,-0.3,3.71,3.0,4.0,12,12,0,1,4.012987012987013,116.56664744407972
47135,2025-05-17 18:11:00,1,5.67,0,bike,40.879308302895126,Moscow,0,17,18.7,4.37,19.3,3.0,5,18,0,5,3.8701298701298703,91.56163083435109
20230,2025-05-07 21:38:00,4,2.64,0,car,55.0,Moscow,1,7,8.9,5.14,17.2,5.0,5,21,0,2,3.6153846153846154,54.383298892931485
71258,2025-04-14 19:36:00,1,6.72,0,bike,34.302746560329744,Moscow,0,31,10.1,4.4560500481231955,18.5,4.0,4,19,0,0,3.453333333333333,127.2225108110461
47705,2025-03-19 13:54:00,2,8.59,0,car,55.0,SPB,1,13,5.2,4.14,15.1,3.0,3,13,0,2,2.426470588235294,102.24436093417742
28513,2025-02-24 01:41:00,4,3.05,0,bike,38.162502640513864,Moscow,0,27,-13.6,4.55,20.3,4.0,2,1,0,0,3.8933333333333335,84.42856214379218
88998,2024-05-05 02:02:00,6,3.36,0,car,55.0,Moscow,0,31,8.2,2.55,10.5,3.0,5,2,0,6,4.184210526315789,85.59395619166257
28081,2024-09-15 10:48:00,2,2.78,0,bike,42.191249465282176,Moscow,0,18,19.4,4.63,11.8,3.0,9,10,0,6,3.5526315789473686,66.61560730217097
88558,2025-04-26 22:54:00,4,0.98,0,car,55.0,Moscow,0,30,4.0,1.08,0.7,3.0,4,22,0,5,4.0,63.548731517524466
36066,2025-03-04 21:12:00,1,2.28,0,car,55.0,Moscow,1,12,1.4,0.81,11.3,5.0,3,21,0,1,3.5789473684210527,52.39271563061098
1253,2025-04-28 13:20:00,3,1.29,0,bike,38.82921835200169,Moscow,0,39,7.9,0.92,15.1,4.0,4,13,0,0,3.896103896103896,77.30243888665076
50480,2024-01-12 10:24:00,2,0.46,0,scooter,46.44984473997541,Moscow,0,17,-11.6,0.37,4.2,5.0,1,10,0,4,3.5714285714285716,46.108239160922736
58289,2024-08-20 15:48:00,2,7.86,0,car,55.0,Moscow,0,16,24.1,2.16,0.2,4.0,8,15,0,1,3.9210526315789473,107.43640256316525
34855,2025-03-11 23:27:00,1,2.94,0,bike,33.503041454143556,Moscow,0,24,5.7,7.84,0.7,5.0,3,23,0,1,3.91025641025641,86.12229343250434
35646,2024-07-22 15:05:00,2,3.33,0,car,55.0,SPB,1,5,24.7,7.87,19.7,3.0,7,15,0,0,2.6818181818181817,55.36569872412255
31374,2024-08-26 22:41:00,4,1.05,0,bike,42.8376824131858,Moscow,0,17,20.5,2.74,19.3,5.0,8,22,0,0,3.4473684210526314,60.76872413647426
53857,2024-02-07 00:04:00,4,10.48,0,car,45.85950269980694,Moscow,1,10,-13.0,1.34,1.8,5.0,2,0,0,2,3.871794871794872,133.8058277582252
57571,2024-04-20 17:03:00,2,1.66,0,scooter,51.200599917946555,Moscow,1,12,11.2,14.03,8.1,3.0,4,17,1,5,3.92,64.5006802620881
23234,2024-05-25 09:58:00,3,7.01,0,bike,40.75594245927035,Moscow,1,5,17.4,3.21,4.4,3.0,5,9,0,5,3.6973684210526314,97.66451093376558
36398,2024-11-26 06:31:00,4,1.58,0,scooter,55.0,Moscow,1,5,-2.2,11.66,0.1,5.0,11,6,1,1,3.6973684210526314,52.160614092559214
19732,2024-09-17 19:48:00,3,3.44,0,bike,36.63261474828157,Moscow,0,21,17.9,19.82,4.9,4.0,9,19,1,1,3.8701298701298703,110.3784584337098
16049,2025-05-29 02:49:00,2,2.3,0,car,55.0,SPB,1,7,14.3,0.9,8.8,3.0,5,2,0,3,2.4027777777777777,41.53540609311542
25270,2024-08-30 23:25:00,2,3.97,0,car,55.0,Kazan,1,5,14.6,1.01,2.2,3.0,8,23,0,4,2.0597014925373136,51.47785191247145
16522,2024-04-07 19:36:00,5,3.06,0,bike,43.31751317140163,Moscow,1,6,10.1,0.62,2.2,nan,4,19,0,6,3.96,10.228764161859289
89221,2025-05-26 15:04:00,1,3.92,0,bike,37.26218109219517,SPB,1,11,12.8,0.68,5.1,3.0,5,15,0,0,2.6818181818181817,60.713337325639976
50339,2024-03-16 22:39:00,5,5.08,0,car,55.0,SPB,0,31,6.3,6.8,12.2,2.0,3,22,0,5,2.361111111111111,102.55121471246676
20086,2024-03-16 10:49:00,5,2.9,0,car,55.0,Kazan,0,34,-2.9,8.65,19.1,1.0,3,10,0,5,1.791044776119403,80.47034496273055
62076,2024-06-18 23:41:00,4,7.13,0,bike,40.58851705937706,SPB,0,16,15.9,10.26,14.0,3.0,6,23,0,1,2.342857142857143,115.99271072237553
10509,2024-02-14 15:14:00,3,4.99,1,car,55.0,Moscow,0,35,-11.0,8.75,7.3,5.0,2,15,0,2,4.094594594594595,103.26043407518284
78959,2024-02-02 06:47:00,7,3.64,1,scooter,36.309932338308485,Moscow,0,31,-1.0,6.61,8.7,4.0,2,6,0,4,3.831168831168831,89.77256594924478
27443,2025-03-05 10:55:00,4,7.48,0,car,55.0,Kazan,1,5,-3.0,1.91,14.5,2.0,3,10,0,2,2.0153846153846153,84.13632269447736
60932,2024-12-14 16:17:00,2,1.67,0,bike,38.162502640513864,Moscow,1,11,-5.5,0.29,16.8,4.0,12,16,0,5,4.0394736842105265,45.51954012853239
50037,2025-06-16 12:32:00,1,11.14,1,bike,42.25170720017491,Moscow,0,21,21.7,12.91,15.7,4.0,6,12,1,0,3.551282051282051,158.588143527892
27156,2025-02-11 07:49:00,2,6.09,0,car,55.0,Moscow,0,27,-6.0,5.78,13.8,4.0,2,7,0,1,3.8846153846153846,101.98767188289959
83345,2024-12-14 10:51:00,1,1.03,0,car,55.0,Moscow,0,21,-5.6,0.29,16.8,4.0,12,10,0,5,4.175675675675675,47.73805987142195
98262,2025-06-10 02:16:00,3,1.78,0,car,55.0,Moscow,0,20,16.1,2.49,17.3,4.0,6,2,0,1,3.727272727272727,58.457983118683046
4843,2024-12-11 23:10:00,4,5.57,0,bike,38.8266233036702,Moscow,0,19,-1.0,1.68,3.1,4.0,12,23,0,2,3.776315789473684,92.1922722504847
27489,2024-12-26 20:58:00,3,7.01,0,car,55.0,Kazan,0,20,-2.6,3.869590301003344,16.1,2.0,12,20,0,3,1.876923076923077,100.77581639579068
58185,2024-12-27 00:58:00,2,2.08,0,car,55.0,Moscow,0,27,0.5,1.23,22.6,4.0,12,0,0,4,3.5064935064935066,70.2992064169133
59783,2024-01-12 08:10:00,3,1.05,1,bike,37.45176782140707,Kazan,0,19,-16.1,3.85,20.4,2.0,1,8,0,4,2.2285714285714286,49.29262443528924
40028,2024-01-06 18:14:00,3,11.96,0,car,55.0,Kazan,0,34,-22.7,12.27,4.0,1.0,1,18,1,5,2.2096774193548385,174.88964570923633
85907,2024-04-12 02:38:00,1,12.0,0,car,55.0,Kazan,0,37,6.0,0.97,5.1,3.0,4,2,0,4,2.125,160.66448117699605
82749,2024-12-16 15:38:00,3,5.57,0,bike,33.19299505524494,SPB,1,7,-3.9,2.8,9.1,3.0,12,15,0,0,2.6818181818181817,79.76676359577951
13887,2024-06-25 11:28:00,2,8.0,0,bike,31.260861704088715,Moscow,1,8,20.3,0.07,1.2,4.0,6,11,0,1,3.831168831168831,97.83889723365698
40357,2024-07-29 10:31:00,2,0.82,1,bike,39.53406196193262,Moscow,1,6,18.3,1.59,7.6,4.0,7,10,0,0,3.4025974025974026,27.158597092881188
47598,2024-04-15 03:05:00,4,0.08,0,bike,37.632500976867355,Moscow,0,34,8.1,2.39,12.7,5.0,4,3,0,0,3.948717948717949,77.06502263479764
4823,2024-01-10 04:28:00,1,1.45,1,scooter,49.6149146410911,Moscow,0,15,-1.6,2.85,11.7,4.0,1,4,0,2,3.935064935064935,39.321859126859366
52773,2024-05-14 04:03:00,4,2.17,0,car,55.0,Moscow,1,11,0.1,7.82,19.8,4.0,5,4,0,1,3.8,59.06356197092779
71048,2024-04-02 22:07:00,3,4.93,0,car,55.0,Kazan,1,7,3.9,10.24,18.5,2.0,4,22,0,1,2.2459016393442623,72.00406853327554
81097,2025-03-06 05:23:00,3,1.63,0,scooter,40.65776334533052,Moscow,1,6,3.1,1.39,12.9,4.0,3,5,0,3,4.246753246753247,42.17513828520662
9476,2024-11-24 03:18:00,1,0.34,1,car,55.0,Kazan,1,7,3.8,4.27,23.9,2.0,11,3,0,6,2.1639344262295084,21.663395312251886
5909,2024-03-25 05:14:00,3,7.44,0,bike,38.162502640513864,Kazan,0,35,1.3,0.54,10.4,3.0,3,5,0,0,2.0307692307692307,124.31531738679782
75256,2024-03-03 20:00:00,2,1.48,0,bike,32.99180766169915,Moscow,0,24,-3.5,5.03,19.7,3.0,3,20,0,6,4.0131578947368425,64.57498854183054
36394,2025-04-08 14:42:00,2,5.66,0,car,55.0,SPB,0,17,3.0,8.43,19.5,3.0,4,14,0,1,2.608695652173913,91.07676117166577
46651,2024-09-22 05:11:00,3,4.1,0,car,55.0,Moscow,0,15,9.2,0.04,17.2,3.0,9,5,0,6,3.7866666666666666,63.978850554997194
70898,2024-11-08 19:38:00,2,5.16,0,bike,38.56610576982384,Moscow,0,39,3.6,5.37,9.2,4.0,11,19,0,4,4.026315789473684,126.12611148264034
91350,2025-01-16 14:26:00,3,4.59,1,car,55.0,Moscow,1,12,-0.3,0.38,1.8,5.0,1,14,0,3,3.7222222222222223,60.27896593018835
30028,2024-09-16 18:25:00,2,4.09,0,car,55.0,SPB,0,22,19.4,4.42,9.0,3.0,9,18,0,0,2.2535211267605635,83.96018628814686
58257,2025-01-28 02:50:00,5,1.19,0,bike,40.60867476452213,Moscow,1,10,3.9,10.67,14.9,4.0,1,2,0,1,3.727272727272727,58.93278767197105
70444,2025-01-06 03:23:00,2,2.52,0,car,55.0,SPB,1,11,-13.1,7.22041542040545,3.3,3.0,1,3,0,0,2.5652173913043477,55.63587373526081
96636,2025-02-09 22:35:00,3,3.27,0,car,55.0,SPB,0,25,-6.1,6.09,21.2,2.0,2,22,0,6,2.5441176470588234,74.45053199920284
14275,2024-04-14 17:43:00,4,1.2,0,scooter,45.13982819313042,Moscow,0,39,13.4,10.69,17.5,nan,4,17,0,6,4.0,13.877642597889263
98724,2025-05-08 01:30:00,2,3.49,0,scooter,46.760053354253095,Moscow,0,16,6.0,1.32,12.7,5.0,5,1,0,3,3.710526315789474,68.95753786595338
14398,2024-07-10 20:17:00,4,4.34,0,car,55.0,SPB,0,29,20.7,19.3,16.6,4.0,7,20,1,2,2.445945945945946,104.26380718799673
86249,2024-08-27 00:24:00,4,1.72,0,car,55.0,Kazan,1,9,16.3,1.48,18.6,3.0,8,0,0,1,2.0952380952380953,42.148589989518776
5037,2024-10-16 03:13:00,4,6.43,0,car,55.0,Kazan,1,12,4.1,1.55,4.1,2.0,10,3,0,2,2.2295081967213113,82.57883227168699
20658,2024-11-25 22:11:00,3,6.99,0,car,55.0,Moscow,1,5,-3.3,6.94,13.4,4.0,11,22,0,0,3.4473684210526314,91.25923149418367
15510,2025-01-01 08:58:00,1,5.83,0,car,55.0,Moscow,0,39,-6.8,10.43,1.0,4.0,1,8,0,2,3.8493150684931505,127.78542487643608
92505,2025-06-03 06:50:00,3,2.43,0,bike,28.43607271038636,Moscow,0,37,15.3,0.06,3.3,5.0,6,6,0,1,3.6973684210526314,82.34540556669441
48223,2024-08-12 01:29:00,2,4.06,0,scooter,53.69711497645374,Moscow,0,31,12.7,1.8,2.8,4.0,8,1,0,0,3.8933333333333335,83.1385132327297
39679,2025-04-25 17:30:00,5,5.49,0,car,55.0,Moscow,0,34,14.8,3.2,6.2,4.0,4,17,0,4,3.9473684210526314,122.62946117322265
24758,2024-07-27 09:11:00,4,6.21,0,bike,39.430915777080756,Moscow,0,33,21.9,1.58,5.2,3.0,7,9,0,5,3.6973684210526314,123.7097979588595
32448,2024-09-30 01:26:00,3,7.7,0,bike,34.60585913965475,Moscow,1,12,10.4,13.48,14.0,4.0,9,1,1,0,3.8933333333333335,122.51897984931315
1262,2024-06-08 04:42:00,2,4.11,1,car,55.0,SPB,1,13,10.0,0.65,10.32557238464248,2.0,6,4,0,5,2.7,44.491553062648364
18080,2024-09-14 10:40:00,2,3.28,0,car,55.0,Moscow,1,8,18.5,0.62,18.8,4.0,9,10,0,5,4.175675675675675,52.82106507459731
5582,2024-01-08 06:04:00,3,2.35,0,scooter,55.0,SPB,0,24,-8.2,8.24,15.7,3.0,1,6,0,0,2.426470588235294,70.35752539716205
14416,2025-02-14 08:33:00,1,8.59,1,car,55.0,Moscow,0,36,-7.2,1.46,16.2,4.0,2,8,0,4,3.8157894736842106,128.45717634776426
39437,2025-06-11 16:01:00,1,3.08,0,car,55.0,Moscow,0,28,20.2,2.2,10.1,4.0,6,16,0,2,3.858974358974359,75.8942211276027
47024,2024-05-20 12:45:00,3,6.49,0,scooter,40.06698260588018,Moscow,0,39,21.8,0.8,2.2,4.0,5,12,0,0,3.551282051282051,121.08531698981784
84163,2024-07-13 09:46:00,2,7.69,0,car,55.0,Moscow,0,32,22.9,0.22,14.8,3.0,7,9,0,5,3.6973684210526314,123.07606526938075
6523,2025-05-18 15:05:00,4,0.44,0,car,55.0,Moscow,1,10,21.2,0.34,13.1,3.0,5,15,0,6,3.8157894736842106,33.89804144833192
5454,2024-10-02 08:24:00,1,4.83,0,car,55.0,Kazan,1,12,8.0,0.62,13.3,2.0,10,8,0,2,2.1639344262295084,67.14721687933422
97421,2025-05-02 06:09:00,2,2.99,0,car,55.0,Moscow,1,12,1.0,0.18,17.0,4.0,5,6,0,4,3.831168831168831,55.89140831608555
63830,2024-04-14 11:17:00,1,4.38,0,scooter,42.827475829915414,SPB,0,36,9.6,0.51,1.4,3.0,4,11,0,6,2.2,87.55379648843186
48928,2024-01-28 01:25:00,3,4.15,0,scooter,51.200599917946555,Moscow,1,6,-6.4,3.0,18.6,3.0,1,1,0,6,3.8181818181818183,59.185975032385464
98565,2025-05-10 20:34:00,4,0.83,0,bike,42.257796955237886,Kazan,0,29,12.8,2.96,6.7,1.0,5,20,0,5,2.0142857142857142,60.13405175305224
31533,2024-09-28 04:24:00,5,2.75,0,car,55.0,SPB,0,23,13.7,6.15,8.6,3.0,9,4,0,5,2.7,70.92403471731426
86273,2025-06-09 11:32:00,4,5.17,0,bike,39.99621866158171,SPB,0,15,14.5,2.97,11.6,3.0,6,11,0,0,2.4927536231884058,85.89909617970511
83395,2024-09-03 08:46:00,2,2.14,0,car,55.0,SPB,1,12,16.9,7.87,9.9,3.0,9,8,0,1,2.2203389830508473,62.37812813549756
58949,2025-05-21 16:01:00,4,5.66,1,car,55.0,Moscow,1,9,18.3,2.24,16.9,4.0,5,16,0,2,3.858974358974359,67.97094748645563
103,2025-05-26 14:47:00,2,0.75,0,scooter,47.978038395195696,Moscow,1,12,28.0,6.8,17.6,4.0,5,14,0,0,4.142857142857143,47.394841798030114
39569,2024-11-12 01:06:00,1,5.66,0,bike,35.82995837477953,SPB,0,21,0.2,4.92,15.6,3.0,11,1,0,1,2.3055555555555554,94.62313970007156
68614,2024-10-05 21:58:00,3,4.59,0,car,55.0,Moscow,0,39,9.4,0.44,0.2,4.0,10,21,0,5,3.9864864864864864,97.49420524141789
74462,2025-01-20 00:19:00,2,0.82,0,car,55.0,Moscow,0,25,-0.5,6.7,0.2,4.0,1,0,0,0,3.727272727272727,62.07175177848413
23446,2024-06-24 12:55:00,3,6.91,0,scooter,44.50215595557376,Moscow,0,28,19.8,0.1,9.6,5.0,6,12,0,0,3.551282051282051,111.5500640766226
94580,2025-03-06 09:00:00,2,4.13,0,bike,30.567021598673445,Moscow,1,6,4.2,1.39,12.9,4.0,3,9,0,3,3.871794871794872,76.33009859798715
19317,2024-04-29 11:12:00,4,7.23,0,bike,34.78209868887858,SPB,0,16,16.2,2.29,5.4,4.0,4,11,0,0,2.4927536231884058,108.90013730315746
88744,2024-04-09 12:27:00,3,3.92,0,car,55.0,Moscow,1,13,17.1,0.6,7.1,5.0,4,12,0,1,4.012987012987013,67.35603019934446
96589,2024-06-26 11:42:00,5,6.39,0,bike,38.07882928487708,Moscow,0,26,20.5,2.68,5.1,4.0,6,11,0,2,3.688311688311688,114.52357335028873
32863,2025-03-23 19:05:00,4,3.29,0,car,55.0,Moscow,0,27,2.9,0.68,19.2,3.0,3,19,0,6,3.96,83.72289638388948
56417,2024-09-01 16:21:00,5,1.59,0,car,55.0,SPB,0,16,18.7,2.53,5.5,2.0,9,16,0,6,2.485294117647059,51.72257710740207
19436,2025-03-22 07:21:00,2,5.08,0,car,55.0,Moscow,1,11,-0.6,1.0,2.2,3.0,3,7,0,5,4.0131578947368425,69.120454353268
10206,2025-04-20 10:53:00,2,2.12,0,bike,37.21804023678132,Moscow,1,9,19.2,0.5,5.1,3.0,4,10,0,6,3.5526315789473686,44.012726091668725
34916,2025-04-30 17:35:00,3,5.93,0,bike,33.782298784964645,SPB,0,26,5.9,14.15,0.6,3.0,4,17,1,2,2.7222222222222223,128.55316443550504
91365,2024-06-24 13:31:00,5,7.95,0,car,55.0,Moscow,0,21,20.1,0.1,9.6,5.0,6,13,0,0,3.896103896103896,116.36361903156212
60256,2025-06-09 00:31:00,2,5.36,0,car,55.0,SPB,0,39,12.6,2.97,11.6,3.0,6,0,0,0,2.536231884057971,104.53491772627889
25598,2024-02-25 18:37:00,4,5.81,0,car,55.0,Moscow,0,26,-0.8,5.09,0.1,3.0,2,18,0,6,3.547945205479452,110.17257697200854
58142,2025-05-21 21:17:00,4,1.15,0,bike,34.88035136798393,Moscow,0,23,14.9,2.24,16.9,4.0,5,21,0,2,3.6153846153846154,64.5596025157897
22560,2024-12-18 22:11:00,3,8.24,0,bike,37.32002871481163,Kazan,1,5,-7.1,0.15,19.6,3.0,12,22,0,2,1.7575757575757576,93.3510715934338
74229,2024-06-18 14:10:00,3,3.48,0,bike,42.191249465282176,Kazan,1,5,27.4,0.92,2.7,2.0,6,14,0,1,2.123076923076923,49.09705744486037
11438,2025-05-12 22:32:00,7,1.97,1,bike,33.93675198010838,Kazan,0,32,10.1,3.09,16.5,2.0,5,22,0,0,1.9696969696969697,66.42265306666765
28543,2025-04-20 16:31:00,1,2.3,1,car,55.0,Moscow,0,22,24.2,0.5,5.1,3.0,4,16,0,6,3.32,43.09039976971134
19086,2024-04-28 08:36:00,4,2.26,0,scooter,54.257799958411795,SPB,1,7,8.9,0.41,15.1,2.0,4,8,0,6,2.323529411764706,43.90525015913618
4889,2025-02-06 16:56:00,4,5.02,0,bike,34.06066537047135,Kazan,0,39,-7.5,1.45,21.5,2.0,2,16,0,3,1.9206349206349207,112.56263485386268
17626,2024-05-21 00:44:00,5,8.47,0,bike,35.96575629651888,Moscow,0,34,14.8,8.06,17.0,4.0,5,0,0,1,3.779220779220779,157.39770089955476
62241,2025-01-18 13:16:00,2,8.13,0,car,55.0,Moscow,0,20,1.5,5.86,17.9,4.0,1,13,0,5,3.9743589743589745,116.56236366013962
64066,2025-02-13 22:07:00,4,5.61,0,scooter,48.70580908301911,Moscow,1,5,-7.1,4.06,12.8,4.0,2,22,0,3,3.5789473684210527,64.42811972801817
13391,2025-06-14 10:24:00,1,1.67,1,car,55.0,SPB,0,24,15.5,4.19,18.0,3.0,6,10,0,5,2.3661971830985915,38.21344757001919
68032,2024-03-17 00:44:00,2,5.11,0,scooter,49.00620380326575,Moscow,0,27,-3.4,6.32,16.2,4.0,3,0,0,6,3.727272727272727,96.30960634419212
23680,2024-05-04 10:09:00,3,1.32,0,car,51.43065228264467,SPB,0,35,9.6,1.27,1.1,3.0,5,10,0,5,2.3661971830985915,70.01657903152439
63329,2024-03-29 13:20:00,5,5.16,0,bike,37.6456880964658,Moscow,1,12,3.5,9.81,11.5,4.0,3,13,0,4,3.935064935064935,95.57323811567383
46408,2025-04-13 12:27:00,3,5.72,0,bike,37.26218109219517,Moscow,0,21,3.4,3.33,9.0,3.0,4,12,0,6,3.789473684210526,95.77039043630981
83730,2025-01-03 18:59:00,4,1.56,0,bike,35.23265629823605,SPB,1,13,-6.6,5.47,21.5,3.0,1,18,0,4,2.356164383561644,63.30734134655805
58068,2024-12-09 04:49:00,2,3.6,0,bike,34.302746560329744,SPB,0,33,-3.1,0.51,22.1,3.0,12,4,0,0,2.6,86.05573206767839
41626,2024-02-07 07:50:00,4,2.79,0,scooter,52.991687044958624,SPB,1,11,-13.5,8.88,4.7,3.0,2,7,0,2,2.5757575757575757,61.334934788277835
69181,2024-11-05 12:02:00,2,8.82,0,bike,40.804334648574,Kazan,0,17,-1.6,3.88,17.3,2.0,11,12,0,1,2.0793650793650795,120.824040149507
67649,2025-02-14 00:46:00,2,3.09,0,car,55.0,Kazan,0,27,-7.0,2.39,3.7,2.0,2,0,0,4,2.0952380952380953,69.61849325449165
19959,2025-01-02 17:43:00,2,5.07,0,car,55.0,Moscow,1,11,1.8,1.92,6.1,4.0,1,17,0,3,4.012820512820513,84.99964738574738
14175,2025-05-15 09:07:00,1,8.0,0,scooter,53.06435092865217,Moscow,0,35,10.6,6.07,18.7,4.0,5,9,0,3,3.871794871794872,138.8475121232914
86855,2025-01-23 07:42:00,2,1.1,0,car,55.0,SPB,0,33,0.8,3.44,2.7,3.0,1,7,0,3,2.3333333333333335,65.84297370973394
75374,2024-09-25 11:14:00,3,5.08,0,car,55.0,Moscow,0,22,17.6,6.16,8.8,4.0,9,11,0,2,3.688311688311688,91.31831205648373
5991,2025-01-16 02:33:00,4,0.7,0,car,55.0,Moscow,0,32,-3.7,0.38,1.8,5.0,1,2,0,3,3.7466666666666666,67.33653460843021
10214,2025-02-24 21:55:00,2,2.87,0,car,55.0,Kazan,0,25,-8.3,6.85,20.4,3.0,2,21,0,0,1.9838709677419355,73.59083511414833
41819,2024-11-30 18:35:00,1,6.57,1,scooter,53.06435092865217,SPB,0,20,4.2,3.68,18.6,2.0,11,18,0,5,2.4027777777777777,88.34541599875774
95579,2025-06-10 01:37:00,4,8.33,0,bike,35.086380143438284,SPB,0,31,11.2,1.18,15.2,3.0,6,1,0,1,2.3055555555555554,134.30209143456202
83284,2024-07-04 00:09:00,3,3.95,0,scooter,51.84792119327856,Moscow,0,22,21.2,0.86,13.0,4.0,7,0,0,3,4.571428571428571,75.30363230117563
27237,2024-04-22 13:21:00,3,0.73,0,scooter,51.84792119327856,SPB,1,5,8.0,6.5199082568807345,17.8,4.0,4,13,0,0,2.3857142857142857,37.58209361523631
75799,2025-06-28 18:12:00,2,0.65,0,scooter,48.34342395184287,SPB,1,7,16.6,2.58,15.2,3.0,6,18,0,5,2.4027777777777777,43.087603427937694
18000,2024-04-19 23:25:00,1,2.11,0,car,55.0,Moscow,1,12,2.6,5.97,5.4,5.0,4,23,0,4,3.896103896103896,56.71333450164357
62442,2024-07-10 12:32:00,4,3.35,0,bike,38.07269195618679,Moscow,0,27,25.8,1.07,10.2,5.0,7,12,0,2,3.789473684210526,85.88816083494399
19356,2024-08-02 15:00:00,4,0.73,0,scooter,55.0,Moscow,0,27,19.9,3.56,19.7,4.0,8,15,0,4,3.581081081081081,65.67301693529313
59919,2024-06-02 01:40:00,2,1.46,0,bike,36.24682112531779,Kazan,0,18,17.0,4.65,4.7,1.0,6,1,0,6,1.8615384615384616,51.04170295075012
38945,2025-02-09 05:33:00,4,5.97,0,car,55.0,Moscow,1,9,-5.2,9.59,18.6,3.0,2,5,0,6,3.7866666666666666,85.88228129410876
35514,2024-08-02 11:42:00,4,4.11,0,scooter,49.49166115263669,Moscow,1,6,18.4,3.56,19.7,4.0,8,11,0,4,3.9743589743589745,61.62674290264324
75943,2024-05-14 22:10:00,3,6.51,0,bike,25.996363720780828,Kazan,1,14,3.4,2.31,8.1,2.0,5,22,0,1,2.2459016393442623,95.65116115205699
59111,2024-12-08 11:20:00,5,0.54,0,bike,38.301186923671516,Kazan,1,5,-6.6,5.64,7.6,1.0,12,11,0,6,1.953125,31.47980331569348
57634,2025-04-22 09:19:00,4,2.91,0,car,55.0,Kazan,1,14,20.2,1.62,19.9,3.0,4,9,0,1,1.9180327868852458,64.47766938435178
42744,2024-03-07 02:10:00,3,1.32,0,bike,35.086380143438284,SPB,1,6,-2.2,6.95,15.0,3.0,3,2,0,3,2.4027777777777777,47.37150054224788
37694,2024-01-02 11:23:00,4,4.76,0,car,55.0,Kazan,0,27,-26.6,4.77,6.3,2.0,1,11,0,1,1.9310344827586208,92.11180038603864
81394,2024-04-09 20:15:00,2,9.28,0,car,55.0,SPB,0,37,10.0,3.24,19.0,3.0,4,20,0,1,2.578125,145.38322840740207
29773,2024-06-06 02:04:00,3,1.64,0,car,55.0,SPB,0,31,15.2,0.5,8.7,4.0,6,2,0,3,2.4027777777777777,66.99937674398427
35680,2024-03-08 23:21:00,5,6.08,0,bike,38.82921835200169,Moscow,1,12,-5.4,0.46,14.1,4.0,3,23,0,4,3.896103896103896,87.44735305008523
69674,2025-05-18 10:03:00,2,0.69,0,bike,40.32854369446495,SPB,0,16,13.6,8.68,18.1,2.0,5,10,0,6,2.2465753424657535,53.252067046975725
31262,2025-05-09 12:20:00,4,1.46,1,car,55.0,Kazan,0,20,12.2,1.09,0.4,3.0,5,12,0,4,2.0476190476190474,38.56463849772729
27931,2025-05-02 13:58:00,5,2.11,0,car,55.0,SPB,0,15,11.1,19.11,5.9,3.0,5,13,1,4,2.347826086956522,70.90521398865879
42716,2024-07-24 23:06:00,5,7.8,1,scooter,48.34342395184287,SPB,0,35,18.9,1.95,11.2,3.0,7,23,0,2,2.353846153846154,120.2940714383193
75680,2024-12-12 20:12:00,3,2.92,0,car,55.0,SPB,1,13,-5.7,4.59,14.4,4.0,12,20,0,3,2.1857142857142855,61.785738594115024
27460,2024-10-06 19:30:00,3,11.39,0,scooter,54.71734502201816,Moscow,0,38,9.3,1.28,17.3,3.0,10,19,0,6,3.96,178.7730566542808
93347,2025-04-06 16:05:00,3,3.99,0,bike,30.997625676503116,Moscow,0,30,-1.7,0.07,0.7,3.0,4,16,0,6,3.32,81.68159527408928
52031,2024-04-15 20:36:00,2,4.11,0,car,55.0,SPB,0,24,5.8,8.74,11.9,4.0,4,20,0,0,2.289855072463768,88.0764725008749
92335,2024-11-10 02:51:00,5,1.52,1,bike,31.260861704088715,SPB,1,6,-1.3,8.41,14.1,2.0,11,2,0,6,2.6056338028169015,41.43727880905651
15037,2025-02-26 04:46:00,5,3.42,1,bike,40.32854369446495,SPB,1,8,-2.6,13.35,19.5,3.0,2,4,1,2,2.357142857142857,63.25917328850744
20774,2025-01-07 11:21:00,4,3.62,0,scooter,55.0,Kazan,1,11,-7.6,11.62,20.9,3.0,1,11,1,1,1.9310344827586208,70.2873480033625
58156,2025-01-13 04:10:00,4,1.42,0,car,55.0,Moscow,0,16,-3.1,0.05,4.9,5.0,1,4,0,0,4.116883116883117,50.79856274871063
40230,2024-11-25 11:28:00,3,5.2,0,scooter,46.0651894724839,Kazan,1,10,0.3,4.76,16.0,2.0,11,11,0,0,2.0163934426229506,71.95382814442172
66881,2024-05-14 08:21:00,3,4.37,0,car,55.0,Moscow,1,10,4.4,7.82,19.8,4.0,5,8,0,1,3.8533333333333335,86.30644612356276
51973,2024-06-30 17:36:00,1,2.78,0,bike,35.369149670627664,Kazan,1,5,25.2,0.76,4.2,2.0,6,17,0,6,2.1,48.73259990185967
17099,2024-08-18 04:53:00,4,1.76,0,scooter,50.22988603518088,SPB,1,6,16.8,4.92,15.9,3.0,8,4,0,6,2.303030303030303,40.01887316780135
84238,2024-07-24 21:40:00,2,3.09,1,car,55.0,Kazan,0,32,17.4,3.15,0.8,3.0,7,21,0,2,2.015151515151515,64.43440044597283
46310,2024-10-09 13:42:00,3,2.63,0,car,55.0,SPB,1,8,5.6,3.22,6.4,3.0,10,13,0,2,2.426470588235294,50.34745015975631
98670,2024-11-25 03:26:00,3,2.16,0,car,55.0,SPB,1,13,-0.9,2.88,2.0,3.0,11,3,0,0,2.5652173913043477,51.61158897400983
36726,2025-05-04 15:41:00,3,2.0,0,car,55.0,SPB,0,32,9.9,5.48,8.7,2.0,5,15,0,6,2.4714285714285715,67.91251793080441
83781,2025-01-06 19:35:00,3,7.43,0,bike,34.44266775511231,Kazan,1,10,-6.1,9.67,12.5,2.0,1,19,0,0,2.1666666666666665,116.2275828395681
57119,2024-09-15 13:19:00,1,1.4,0,scooter,55.0,Kazan,1,5,23.7,17.17,16.3,1.0,9,13,1,6,2.125,43.23192277358825
96277,2024-05-15 02:54:00,2,6.46,0,bike,39.99621866158171,SPB,1,12,6.3,3.67,17.5,3.0,5,2,0,2,2.272727272727273,93.18273124998791
44141,2025-02-16 04:03:00,4,4.66,0,bike,38.07269195618679,Kazan,1,12,-11.8,0.03,5.5,1.0,2,4,0,6,2.046153846153846,63.739479919436015
49179,2024-08-17 22:45:00,2,2.98,0,car,55.0,SPB,0,20,17.8,3.37,17.1,3.0,8,22,0,5,2.361111111111111,65.60116105337552
81340,2024-12-21 10:05:00,4,10.06,0,car,55.0,SPB,1,9,-2.0,4.25,10.6,2.0,12,10,0,5,2.3661971830985915,121.7601660281151
70846,2024-11-06 03:59:00,7,3.94,1,car,55.0,SPB,0,20,0.4,3.33,21.0,3.0,11,3,0,2,2.411764705882353,71.65562516368215
20668,2024-09-15 03:53:00,4,3.74,0,bike,40.60867476452213,Moscow,1,7,15.9,4.63,11.8,3.0,9,3,0,6,3.710526315789474,62.43725058297403
39524,2024-11-17 21:37:00,3,0.59,0,bike,36.24682112531779,Moscow,0,36,4.3,34.3,21.1,3.0,11,21,1,6,3.5714285714285716,100.89787202087383
39646,2024-06-26 03:07:00,2,1.59,0,bike,41.97329297929299,SPB,0,32,16.9,1.95,1.7,4.0,6,3,0,2,2.411764705882353,72.11023596968141
23166,2024-01-22 19:28:00,1,2.61,1,car,55.0,Moscow,0,21,-10.1,3.96,16.3,5.0,1,19,0,0,3.453333333333333,67.82857893451103
3437,2024-05-22 06:36:00,3,3.32,0,bike,34.60585913965475,Moscow,0,15,11.6,3.6699035187287175,9.9,4.0,5,6,0,2,3.769230769230769,67.27110734677667
79868,2025-03-20 21:28:00,2,3.14,0,car,55.0,Moscow,0,27,3.1,0.06,18.4,4.0,3,21,0,3,3.810810810810811,71.34204236635368
52609,2025-03-29 11:25:00,2,1.59,0,car,55.0,Moscow,1,7,9.1,4.28,16.5,3.0,3,11,0,5,3.486842105263158,34.672163789210174
78411,2024-09-04 09:07:00,1,4.87,0,car,55.0,Kazan,0,39,13.9,0.56,8.1,3.0,9,9,0,2,2.098360655737705,100.40155704539438
40162,2024-11-15 08:51:00,4,1.56,0,car,55.0,Moscow,0,17,-0.2,13.33,5.5,5.0,11,8,1,4,3.8157894736842106,82.36501642425817
27386,2024-12-03 16:30:00,1,10.68,0,car,55.0,Moscow,0,17,0.4,4.36,8.9,5.0,12,16,0,1,3.8157894736842106,141.7003180550021
57129,2024-02-02 00:27:00,4,2.5,0,car,55.0,Kazan,0,37,-5.4,19.39,13.2,3.0,2,0,1,4,2.0952380952380953,95.92123705147887
21986,2025-05-25 20:49:00,3,1.66,0,bike,31.893950723490853,Kazan,0,23,15.5,3.28,9.8,1.0,5,20,0,6,2.0597014925373136,59.17896362690864
86678,2025-05-16 09:48:00,2,3.49,0,car,55.0,SPB,1,7,13.9,4.39,17.1,4.0,5,9,0,4,2.452054794520548,64.57267866461954
69073,2025-03-17 17:34:00,1,0.94,0,car,55.0,SPB,0,24,-1.3,2.23,6.5,3.0,3,17,0,0,2.5625,60.55276773338745
12673,2024-07-03 10:24:00,2,2.47,0,bike,37.632500976867355,SPB,1,5,16.4,4.96,14.2,3.0,7,10,0,2,2.449275362318841,50.64361481793909
66096,2025-06-09 21:44:00,3,5.18,0,car,55.0,Moscow,0,20,21.6,1.3,13.1,5.0,6,21,0,0,3.8026315789473686,87.44139719472884
56653,2025-06-01 20:37:00,3,1.11,0,car,55.0,Moscow,0,25,18.3,5.51,18.2,4.0,6,20,0,6,4.0131578947368425,61.96647258732818
25084,2024-10-16 06:50:00,3,3.75,0,car,55.0,Moscow,0,22,5.2,3.37,4.0,5.0,10,6,0,2,3.769230769230769,81.25374907001755
42843,2024-07-16 20:44:00,3,1.43,0,car,46.1550413594705,Kazan,1,12,22.3,4.07,2.4,3.0,7,20,0,1,2.0757575757575757,40.050897314596504
2403,2024-05-27 05:55:00,4,5.63,0,car,55.0,Moscow,1,8,10.7,3.1,6.7,4.0,5,5,0,0,4.116883116883117,75.71808135804957
82883,2024-10-25 09:06:00,2,6.38,0,car,55.0,Moscow,0,20,6.1,0.31,0.6,4.0,10,9,0,4,3.858974358974359,104.19174870521894
79472,2024-08-10 03:43:00,2,1.12,1,bike,36.41063141303707,SPB,1,10,15.5,9.86,19.8,2.0,8,3,0,5,2.4864864864864864,37.86194471080569
12019,2024-09-04 19:43:00,2,3.43,0,bike,34.06066537047135,SPB,0,23,22.3,8.34,8.1,4.0,9,19,0,2,2.1343283582089554,100.49972542795861
59357,2025-02-14 21:47:00,2,5.4,0,car,55.0,Moscow,0,29,-8.1,1.46,16.2,4.0,2,21,0,4,3.3466666666666667,94.49545059149939
1549,2024-11-14 03:15:00,1,2.25,0,bike,25.996363720780828,Kazan,0,32,0.4,0.58,11.7,2.0,11,3,0,3,2.19672131147541,69.70530819807179
15526,2025-03-04 09:46:00,3,4.21,0,scooter,48.34342395184287,SPB,0,23,0.9,1.28,17.8,3.0,3,9,0,1,2.8142857142857145,87.10805248128042
29185,2025-03-21 17:26:00,3,2.41,0,car,55.0,Moscow,0,39,8.3,4.74,7.6,4.0,3,17,0,4,3.9473684210526314,99.3614552397863
73472,2024-02-02 06:39:00,4,2.93,0,car,55.0,Kazan,1,11,-4.9,19.39,13.2,3.0,2,6,1,4,2.2222222222222223,67.24335980011126
88935,2024-02-17 19:36:00,1,3.27,0,scooter,49.49166115263669,Moscow,1,5,-3.3,6.84,13.7,3.0,2,19,0,5,3.6486486486486487,61.88564549339441
29139,2024-02-23 11:11:00,5,1.93,0,car,55.0,Moscow,0,35,-0.2,1.48,9.4,4.0,2,11,0,4,3.9743589743589745,81.00400196968448
32694,2025-04-23 21:25:00,1,9.84,0,car,55.0,Moscow,1,11,20.2,0.24,10.5,5.0,4,21,0,2,3.6153846153846154,118.3478259985633
10101,2024-09-27 03:35:00,2,6.37,0,car,55.0,Moscow,0,15,15.7,1.37,6.9,4.0,9,3,0,4,3.8666666666666667,89.98520880040753
46619,2024-04-13 07:19:00,3,9.25,0,car,55.0,Kazan,0,21,6.9,0.64,4.6,2.0,4,7,0,5,1.9833333333333334,121.09526351015928
37672,2025-06-19 10:19:00,2,3.27,0,car,55.0,SPB,0,31,15.5,0.25,12.7,3.0,6,10,0,3,2.1449275362318843,74.03458213695768
10481,2024-05-01 06:03:00,5,5.65,0,car,55.0,Moscow,0,21,12.0,1.52,13.0,4.0,5,6,0,2,3.769230769230769,92.0044295124179
35538,2024-01-26 11:00:00,2,1.78,0,scooter,41.544742159650916,Moscow,1,5,-4.2,9.2,2.0,4.0,1,11,0,4,3.9743589743589745,47.94637866245513
37811,2024-01-27 23:32:00,2,4.5,0,car,55.0,SPB,0,39,-2.6,12.98,8.9,3.0,1,23,1,5,2.5,106.52069865823873
34897,2024-06-16 21:24:00,4,0.38,0,scooter,55.0,Moscow,1,5,20.3,3.67,5.0,3.0,6,21,0,6,3.5714285714285716,32.3864234672565
47710,2024-12-16 08:56:00,1,0.94,0,car,55.0,Moscow,0,31,-1.6,3.85,1.5,4.0,12,8,0,0,3.6315789473684212,73.2748755856661
57322,2024-06-07 04:24:00,6,4.08,0,bike,38.162502640513864,Moscow,0,39,15.5,6.83,5.3,5.0,6,4,0,4,4.025974025974026,123.29481172018373
84941,2025-01-03 20:07:00,4,1.07,0,car,55.0,Kazan,0,34,-0.3,4.69,21.9,2.0,1,20,0,4,2.098360655737705,73.08285629571377
407,2025-01-04 06:21:00,3,2.47,0,car,55.0,Moscow,1,5,-5.8,14.45,8.5,3.0,1,6,1,5,3.76,54.19598079894989
96637,2025-04-16 02:45:00,4,0.47,0,car,55.0,SPB,1,6,3.0,7.26,2.4,3.0,4,2,0,2,2.272727272727273,34.36456910694862
84181,2024-12-23 12:10:00,2,5.21,1,car,55.0,Moscow,0,38,-2.9,8.43,13.7,4.0,12,12,0,0,3.551282051282051,100.61513245601819
18692,2024-07-16 01:16:00,2,0.32,0,car,55.0,SPB,0,26,14.9,2.48,13.2,3.0,7,1,0,1,2.3055555555555554,54.24317163218784
11020,2024-08-10 20:18:00,3,0.98,0,scooter,50.660526107716386,SPB,0,23,17.3,9.86,19.8,2.0,8,20,0,5,2.4461538461538463,61.749053191792086
72557,2025-01-28 10:51:00,3,9.46,0,car,55.0,Moscow,1,5,3.2,10.67,14.9,4.0,1,10,0,1,3.675324675324675,120.77639042106509
30695,2025-01-05 02:49:00,1,6.4,0,bike,31.870139968385395,Moscow,1,8,-4.1,10.68,19.6,3.0,1,2,0,6,4.184210526315789,99.33698472687973
49261,2024-11-04 09:18:00,4,0.25,0,car,55.0,Kazan,0,35,-1.6,0.92,22.2,3.0,11,9,0,0,2.1285714285714286,77.73058526778017
8172,2025-05-30 21:36:00,1,1.56,0,car,55.0,Moscow,0,33,23.3,4.14,5.4,4.0,5,21,0,4,3.3466666666666667,68.03252827456753
42949,2024-02-18 03:40:00,3,5.66,0,car,55.0,SPB,0,16,-2.8,2.23,22.0,2.0,2,3,0,6,2.4029850746268657,81.5629329921883
71433,2025-03-19 16:06:00,2,1.28,1,scooter,46.49258940217779,Moscow,1,9,3.1,0.92,14.1,4.0,3,16,0,2,3.858974358974359,31.441706977110194
8002,2024-03-04 08:39:00,2,4.32,0,car,55.0,SPB,0,38,-3.2,12.75,13.2,3.0,3,8,1,0,2.3823529411764706,112.87063455788822
28576,2024-04-10 11:40:00,4,2.22,0,scooter,50.660526107716386,Moscow,1,6,17.3,8.06,1.3,5.0,4,11,0,2,3.688311688311688,56.6034535527959
16071,2025-02-04 10:36:00,3,4.07,0,scooter,50.660526107716386,SPB,0,33,-11.6,9.63,17.6,4.0,2,10,0,1,2.564516129032258,97.09186693412744
3491,2024-02-13 14:36:00,1,1.17,0,car,55.0,Kazan,0,34,-10.8,5.77,21.4,3.0,2,14,0,1,2.123076923076923,65.8231144341505
61371,2024-07-30 12:21:00,3,4.73,0,car,55.0,Moscow,1,8,21.1,10.95,2.1,4.0,7,12,0,1,4.012987012987013,77.50219824293193
38034,2024-07-17 22:37:00,2,2.68,0,bike,34.06066537047135,Kazan,0,37,20.3,1.03,3.4,2.0,7,22,0,2,1.7575757575757576,78.59438825985058
42595,2025-05-23 20:13:00,2,2.88,0,car,55.0,Moscow,0,21,23.4,0.62,0.9,4.0,5,20,0,4,3.923076923076923,63.36893454347441
54965,2024-05-14 00:55:00,3,4.28,0,bike,34.21679163845626,Moscow,0,21,1.3,7.82,19.8,4.0,5,0,0,1,3.779220779220779,95.53713051846862
53016,2025-02-24 12:32:00,3,2.7,0,bike,35.76167786475204,Kazan,0,21,-7.0,6.85,20.4,3.0,2,12,0,0,2.5,75.1836928455002
34941,2025-03-10 21:00:00,5,1.63,0,scooter,47.978038395195696,Moscow,0,35,5.8,1.23,9.1,4.0,3,21,0,0,3.8026315789473686,80.79702187393893
55810,2024-11-01 18:35:00,2,3.77,0,car,55.0,Moscow,1,9,8.7,3.24,10.5,nan,11,18,0,4,3.8026315789473686,12.408018405394955
32071,2025-06-26 00:36:00,4,8.08,0,bike,41.253268832294935,Moscow,1,8,14.2,7.21,0.6,4.0,6,0,0,3,4.571428571428571,114.61216257332497
94785,2024-08-24 15:04:00,1,3.59,0,car,55.0,SPB,1,7,21.5,2.98,9.6,2.0,8,15,0,5,2.373134328358209,50.78651714483798
53296,2025-05-03 03:04:00,3,11.92,0,car,55.0,SPB,0,24,8.3,6.98,0.7,2.0,5,3,0,5,2.4864864864864864,152.08484125616252
49292,2024-11-02 16:56:00,1,4.04,0,car,55.0,SPB,0,16,1.4,0.6,21.8,2.0,11,16,0,5,2.4393939393939394,63.56210732481844
40523,2024-12-19 22:37:00,6,2.55,0,car,55.0,SPB,0,20,3.2,2.45,20.1,3.0,12,22,0,3,2.4558823529411766,69.31421215689399
94455,2024-08-16 00:42:00,1,3.26,0,scooter,50.84117784067927,Moscow,0,21,11.8,5.23,20.0,4.0,8,0,0,4,3.5064935064935066,70.44865001229248
30662,2024-09-11 21:46:00,1,14.13,0,bike,42.25170720017491,SPB,0,29,19.2,3.0,19.4,3.0,9,21,0,2,2.292307692307692,206.00079492828797
58188,2024-01-02 05:32:00,2,4.27,0,car,55.0,Moscow,0,37,-21.1,7.86,18.7,4.0,1,5,0,1,3.6842105263157894,101.68516387895068
92580,2024-01-21 21:29:00,3,1.8,0,bike,40.142580832377945,SPB,0,31,-4.3,0.62,8.7,2.0,1,21,0,6,2.5,64.73533111213004
27415,2025-03-31 01:33:00,3,2.19,0,car,55.0,Moscow,0,29,5.4,2.85,9.1,4.0,3,1,0,0,3.8933333333333335,73.60792059404763
23686,2024-05-13 09:07:00,3,2.39,0,car,55.0,Kazan,1,12,7.4,3.96,0.5,2.0,5,9,0,0,2.1285714285714286,55.85219580921131
65193,2024-05-07 13:33:00,3,0.85,0,scooter,46.87140935662086,Kazan,1,11,5.0,1.22,1.7,2.0,5,13,0,1,1.9523809523809523,35.532419259717535
68052,2024-04-23 19:49:00,5,1.12,0,bike,34.060510655019456,Moscow,0,31,10.7,5.92,10.5,5.0,4,19,0,1,3.8701298701298703,93.40026562177822
83514,2025-04-14 07:47:00,4,6.1,0,bike,40.89902689179051,Kazan,1,5,2.5,0.3,19.1,2.0,4,7,0,0,2.03125,72.14457868329862
12975,2024-11-29 04:41:00,1,3.11,0,bike,35.716101269659816,SPB,0,21,1.5,1.64,16.0,3.0,11,4,0,4,2.5,67.58241712268187
28040,2024-12-26 09:53:00,3,1.01,0,bike,33.624359958418964,SPB,0,23,4.0,5.56,15.5,4.0,12,9,0,3,2.1911764705882355,75.4965370605109
61841,2025-01-06 05:35:00,2,1.88,0,car,55.0,Kazan,0,24,-6.2,9.67,12.5,2.0,1,5,0,0,2.0307692307692307,63.84504611754414
24152,2024-11-01 14:38:00,3,2.22,0,car,55.0,Moscow,1,10,5.9,3.24,10.5,nan,11,14,0,4,3.7260273972602738,13.221297681429725
52536,2024-03-12 02:22:00,4,1.54,0,car,55.0,Kazan,1,12,-5.5,5.32,9.6,3.0,3,2,0,1,2.161764705882353,48.59902191812888
70386,2024-06-22 13:43:00,5,7.99,0,bike,40.89902689179051,Moscow,0,28,20.6,0.3,6.1,3.0,6,13,0,5,3.9743589743589745,124.01299179523468
77267,2024-08-27 07:46:00,6,1.07,0,bike,40.807844015374776,SPB,0,20,13.3,1.5,19.4,3.0,8,7,0,1,2.6285714285714286,59.76031306652429
26279,2025-01-14 01:19:00,6,1.15,0,scooter,53.90710727799128,SPB,0,32,-0.7,5.6,1.7,4.0,1,1,0,1,2.3055555555555554,72.86836222225146
97932,2024-02-04 05:15:00,3,11.69,0,car,55.0,SPB,1,9,-7.2,4.22,4.2,2.0,2,5,0,6,2.5,134.83943445580644
62979,2024-07-11 06:06:00,4,8.23,0,car,55.0,Moscow,1,5,16.3,14.06,6.5,4.0,7,6,1,3,3.526315789473684,109.8068404030046
71954,2024-06-24 19:04:00,2,3.81,0,bike,38.07269195618679,SPB,0,37,19.6,10.4,8.7,4.0,6,19,0,0,2.585714285714286,119.71596241360385
63155,2024-01-12 18:12:00,3,2.81,0,car,55.0,Moscow,1,7,-18.0,0.37,4.2,5.0,1,18,0,4,3.8026315789473686,63.33703651427078
65284,2025-01-08 13:54:00,2,8.72,0,car,55.0,Kazan,0,34,2.0,15.42,19.8,2.0,1,13,1,2,2.0153846153846153,142.61515637732623
16278,2024-10-14 11:47:00,5,3.94,0,car,45.85950269980694,SPB,0,23,7.9,0.23,6.3,4.0,10,11,0,0,2.4927536231884058,78.13436578676348
71520,2024-11-17 09:06:00,3,3.34,1,bike,37.106988143682905,SPB,1,5,4.7,18.83,15.8,3.0,11,9,1,6,2.375,70.97734209978933
29978,2024-06-05 16:17:00,4,1.41,0,bike,34.21679163845626,Moscow,0,16,26.3,2.98,7.3,4.0,6,16,0,2,3.858974358974359,60.17517567086943
62676,2024-03-30 17:28:00,1,3.98,0,car,55.0,Moscow,1,12,11.0,8.75,10.816503623188405,3.0,3,17,0,5,3.92,78.00666254072033
19158,2024-05-31 11:46:00,3,5.91,0,bike,31.893950723490853,SPB,0,33,25.1,20.61,7.1,4.0,5,11,1,4,2.514705882352941,137.0761695482134
55006,2024-03-29 19:33:00,4,1.22,0,scooter,40.65776334533052,SPB,1,5,10.2,3.41,12.5,3.0,3,19,0,4,2.315068493150685,46.292334690547094
40402,2024-03-02 14:36:00,4,9.19,0,car,55.0,Moscow,0,34,-1.4,1.26,9.8,3.0,3,14,0,5,3.6363636363636362,137.74705835813302
70643,2024-01-02 15:11:00,3,2.88,0,bike,36.847051198698445,Kazan,1,7,-26.6,4.77,6.3,2.0,1,15,0,1,2.1333333333333333,53.775053823985175
80151,2025-01-02 04:13:00,5,2.96,0,bike,34.88035136798393,SPB,0,31,-1.9,2.17,4.5,3.0,1,4,0,3,2.263888888888889,87.9298919082797
74765,2024-07-06 21:49:00,1,5.8,0,bike,37.969623408900276,SPB,0,21,17.1,0.19,18.3,2.0,7,21,0,5,2.723076923076923,83.33053386690447
93402,2024-01-31 03:53:00,5,1.4,0,car,55.0,SPB,1,14,-5.3,0.74,22.3,nan,1,3,0,2,2.411764705882353,10.938551242747288
831,2025-01-26 09:41:00,3,1.06,0,scooter,55.0,Kazan,1,9,-10.0,0.24,6.3,2.0,1,9,0,6,2.015625,37.411787056540206
98198,2024-07-18 04:27:00,1,1.39,1,car,55.0,Moscow,1,11,20.6,4.058662716885315,15.9,5.0,7,4,0,3,3.736842105263158,11.78542298950132
8174,2025-06-18 07:10:00,2,11.07,0,car,55.0,Moscow,1,12,15.3,3.89,14.4,4.0,6,7,0,2,3.987012987012987,132.7079534477852
52321,2025-01-24 16:41:00,2,1.18,0,scooter,54.69739406908258,Moscow,1,5,-1.3,5.720882520402354,15.2,4.0,1,16,0,4,3.782051282051282,3.5634130193270437
60718,2024-11-08 01:03:00,1,3.02,0,bike,38.162502640513864,Moscow,0,35,4.4,5.37,9.2,4.0,11,1,0,4,3.3421052631578947,87.50501544494334
67590,2025-01-27 18:33:00,2,5.25,0,car,55.0,SPB,0,20,0.5,7.15,16.2,3.0,1,18,0,0,2.2535211267605635,97.35105108306051
37877,2024-02-07 04:32:00,3,2.65,0,car,55.0,Kazan,0,22,-11.6,1.64,4.8,2.0,2,4,0,2,2.1147540983606556,60.52393890530316
26366,2024-02-07 19:32:00,2,4.48,0,scooter,44.150599250049076,Moscow,0,24,-6.5,1.34,1.8,5.0,2,19,0,2,4.026315789473684,97.74459635891776
69487,2024-08-25 11:10:00,3,5.91,0,scooter,41.41642418784267,Moscow,0,30,23.2,8.11,0.0,3.0,8,11,0,6,3.4805194805194803,110.81377465647455
55605,2024-06-30 02:49:00,3,6.57,0,car,55.0,Moscow,1,6,18.6,5.21,9.2,3.0,6,2,0,6,4.184210526315789,81.926675804109
87119,2024-09-09 03:57:00,3,1.61,0,car,55.0,Moscow,0,20,11.7,14.15,7.2,5.0,9,3,1,0,3.948717948717949,72.90541238139045
15747,2025-01-27 08:31:00,5,2.53,0,car,55.0,Moscow,1,11,3.1,10.21,16.5,4.0,1,8,0,0,3.6315789473684212,75.8842295818343
84052,2025-01-22 17:25:00,4,7.23,0,scooter,48.67284070467812,Moscow,0,33,-3.9,0.42,6.8,5.0,1,17,0,2,4.012820512820513,137.43791025440672
86835,2024-05-10 14:22:00,1,2.68,0,car,55.0,SPB,1,10,8.0,18.23,3.6,nan,5,14,1,4,2.2388059701492535,12.081440822755809
73052,2024-09-11 13:50:00,4,9.58,1,bike,38.301186923671516,Moscow,1,11,24.1,0.87,5.2,5.0,9,13,0,2,3.871794871794872,117.77030373093224
66416,2024-04-02 09:11:00,3,1.95,1,car,55.0,SPB,0,38,5.0,5.74,3.8,3.0,4,9,0,1,2.8142857142857145,74.83014285106842
20299,2025-05-15 03:19:00,3,5.21,0,car,55.0,SPB,0,21,3.9,3.16,8.5,4.0,5,3,0,3,2.5714285714285716,87.49679177832951
81582,2024-05-13 21:29:00,3,6.51,0,bike,36.82146628990283,Moscow,1,6,3.9,0.67,17.9,4.0,5,21,0,0,3.8026315789473686,84.759780618989
13307,2025-01-28 18:37:00,3,3.14,0,scooter,54.257799958411795,Moscow,0,26,3.7,10.67,14.9,4.0,1,18,0,1,3.4415584415584415,97.19499178362511
96529,2024-05-08 02:02:00,8,2.41,0,car,55.0,Moscow,1,14,1.9,1.01,6.2,4.0,5,2,0,2,3.8666666666666667,58.07121202754091
85060,2025-01-03 18:28:00,2,3.74,0,bike,30.997625676503116,Kazan,0,32,0.6,4.69,21.9,2.0,1,18,0,4,2.0,101.92057950167128
11950,2024-12-16 01:26:00,4,2.74,0,car,41.750137119404535,Moscow,0,27,-1.4,3.85,1.5,4.0,12,1,0,0,3.8933333333333335,76.0045543640938
10543,2024-04-20 10:33:00,2,1.24,0,car,55.0,Moscow,0,25,6.0,14.03,8.1,3.0,4,10,1,5,4.175675675675675,68.43177247922371
39280,2024-02-13 19:18:00,1,3.04,0,car,55.0,Moscow,1,12,-10.8,4.04,10.7,4.0,2,19,0,1,3.8701298701298703,69.58973043978423
2760,2024-05-09 05:53:00,2,4.0,0,car,55.0,Moscow,1,12,-1.8,4.96,18.9,4.0,5,5,0,3,4.246753246753247,66.72875478628187
7165,2024-09-22 15:58:00,3,3.33,0,car,55.0,Moscow,0,35,13.9,0.04,17.2,3.0,9,15,0,6,3.8157894736842106,80.82185207552817
74108,2025-03-04 00:06:00,3,0.09,0,scooter,55.0,Kazan,0,19,-3.2,3.19,3.7,2.0,3,0,0,1,2.0952380952380953,44.125800486805815
55651,2024-02-04 17:01:00,4,8.85,0,car,55.0,Moscow,0,27,-0.9,9.63,15.2,3.0,2,17,0,6,4.0,146.48692677365068
19385,2024-04-06 11:43:00,4,2.02,0,car,55.0,Moscow,0,21,3.5,6.85,9.381167210597042,4.0,4,11,0,5,3.486842105263158,67.95453086420945
56066,2025-01-23 18:46:00,4,3.85,0,bike,42.40735828019987,SPB,0,31,0.7,3.44,2.7,3.0,1,18,0,3,2.5753424657534247,102.15552885670493
46189,2024-12-03 18:54:00,4,6.69,0,scooter,43.02736698811714,SPB,0,33,3.6,10.25,0.4,3.0,12,18,0,1,2.4444444444444446,131.52373820813435
81401,2024-11-21 01:25:00,4,8.24,0,car,55.0,Kazan,1,8,0.2,2.31,8.5,2.0,11,1,0,3,2.2388059701492535,96.81492028450259
38032,2024-11-24 13:48:00,4,2.3,0,scooter,44.50215595557376,Kazan,1,12,2.4,4.27,23.9,2.0,11,13,0,6,2.125,53.057077012982916
91688,2024-02-02 08:44:00,2,0.49,0,car,55.0,SPB,1,10,-4.4,6.2306721194879096,12.4,3.0,2,8,0,4,2.4328358208955225,47.63843967266145
12334,2025-01-08 21:53:00,2,2.04,0,car,55.0,Moscow,1,14,1.5,2.07,6.8,4.0,1,21,0,2,3.6153846153846154,52.231400511206054
26394,2024-05-18 02:15:00,2,3.38,0,bike,31.260861704088715,Kazan,1,8,8.8,9.04,10.2,1.0,5,2,0,5,2.015151515151515,64.25070044926079
74587,2024-11-02 19:43:00,6,3.86,0,scooter,46.49258940217779,Kazan,0,29,-1.5,3.6,16.5,1.0,11,19,0,5,2.0153846153846153,91.93747772047854
87897,2025-03-07 10:30:00,4,0.32,0,bike,43.09047812324671,Kazan,1,12,-0.7,3.85,17.8,2.0,3,10,0,4,2.1449275362318843,42.79245672385295
62270,2025-02-20 03:14:00,7,5.29,0,bike,40.75594245927035,Moscow,1,14,-9.4,9.56,22.1,4.0,2,3,0,3,3.779220779220779,89.80250672767731
5222,2024-01-30 13:10:00,3,6.5,0,bike,34.060510655019456,Moscow,1,12,0.9,9.02,2.9,4.0,1,13,0,1,4.171052631578948,108.68331737976763
53654,2025-04-01 07:18:00,2,3.5,0,car,55.0,Moscow,0,21,7.0,1.12,9.8,5.0,4,7,0,1,3.8846153846153846,73.72995657335531
48076,2024-03-31 19:57:00,1,4.68,0,bike,30.444795647135667,Moscow,0,25,9.6,3.04,19.1,3.0,3,19,0,6,3.96,99.93002987450905
25012,2024-10-01 14:50:00,3,3.86,0,bike,37.26218109219517,SPB,1,5,10.2,3.38,14.4,3.0,10,14,0,1,2.608695652173913,60.605467294852936
14344,2025-03-30 16:23:00,2,3.14,0,car,55.0,SPB,0,31,15.1,3.34,16.8,2.0,3,16,0,6,2.485294117647059,76.20644334629414
33964,2024-06-21 17:08:00,3,2.21,0,car,55.0,Kazan,0,24,23.5,0.07,13.8,2.0,6,17,0,4,1.967741935483871,61.49177583059727
65119,2024-03-13 22:08:00,1,3.88,0,bike,38.8266233036702,Moscow,0,27,-5.7,0.52,8.3,4.0,3,22,0,2,4.0,77.98275906563241
58232,2024-01-03 13:54:00,3,3.5,0,scooter,52.98290027675885,SPB,0,26,-28.6,1.82,2.0,3.0,1,13,0,2,2.426470588235294,76.95594589921457
7443,2024-09-04 11:56:00,2,7.53,0,car,55.0,Moscow,0,27,20.3,0.55,12.7,5.0,9,11,0,2,3.688311688311688,115.374727599778
82763,2024-04-03 12:22:00,3,1.98,0,scooter,44.02191382946829,Moscow,0,33,14.9,4.66,16.3,4.0,4,12,0,2,3.789473684210526,78.1060220634052
47263,2024-05-17 01:46:00,1,0.95,0,car,55.0,Kazan,0,25,8.6,2.43,6.9,2.0,5,1,0,4,2.3846153846153846,51.16319112725809
3438,2024-02-26 02:30:00,2,3.51,1,car,55.0,Moscow,0,15,-2.1,12.45,10.2,4.0,2,2,1,0,3.7837837837837838,62.51081569916782
5713,2024-08-10 12:39:00,4,4.08,0,scooter,50.660526107716386,Moscow,0,19,21.7,2.38,19.1,4.0,8,12,0,5,4.012987012987013,76.99255071631093
82675,2024-12-02 11:00:00,2,7.78,0,car,55.0,Moscow,0,38,-1.6,4.6,5.0,4.0,12,11,0,0,3.526315789473684,133.97225719194347
97797,2025-03-24 05:56:00,4,2.39,0,scooter,53.6365997086488,SPB,1,11,-1.4,0.79,1.0,4.0,3,5,0,0,2.5074626865671643,52.6223648867227
26066,2025-04-30 03:57:00,1,3.04,0,bike,39.11667838566589,Kazan,1,5,8.8,4.49,17.3,3.0,4,3,0,2,2.2295081967213113,52.0065080033102
93375,2025-03-01 07:18:00,4,0.37,0,scooter,46.0651894724839,Moscow,1,13,-2.9,0.91,14.3,4.0,3,7,0,5,4.0131578947368425,40.971403066067026
75453,2024-12-05 12:40:00,1,1.72,0,bike,25.996363720780828,Kazan,0,32,-2.4,1.76,13.2,2.0,12,12,0,3,1.921875,65.9390399185059
42330,2024-08-13 15:34:00,1,0.45,0,car,55.0,SPB,1,5,21.8,8.76,10.5,3.0,8,15,0,1,2.426470588235294,37.115000124873816
96415,2024-04-10 00:17:00,2,4.44,0,scooter,40.78423204435535,Moscow,1,9,12.1,8.06,1.3,5.0,4,0,0,2,3.871794871794872,77.57030382217435
24740,2024-07-08 23:21:00,7,3.97,0,bike,41.46738347715445,Moscow,1,6,19.7,2.04,8.2,4.0,7,23,0,0,3.9066666666666667,64.5718681118014
97242,2024-11-22 12:04:00,3,3.44,0,car,55.0,Moscow,1,7,0.4,1.37,7.5,4.0,11,12,0,4,3.74025974025974,54.81555230777839
12919,2024-08-05 18:54:00,4,3.77,0,bike,34.78209868887858,Kazan,0,39,21.9,4.04,9.2,2.0,8,18,0,0,2.1940298507462686,107.6238574359306
55576,2024-10-23 20:00:00,3,4.99,0,scooter,53.90710727799128,Kazan,1,12,6.8,0.24,10.5,2.0,10,20,0,2,2.2222222222222223,65.20108099930805
2466,2025-06-04 13:51:00,3,1.84,0,bike,40.58851705937706,SPB,1,14,15.6,0.71,0.4,3.0,6,13,0,2,2.426470588235294,48.17664690200698
31149,2024-08-05 04:34:00,2,4.58,1,car,55.0,Kazan,0,20,16.3,4.04,9.2,2.0,8,4,0,0,2.1147540983606556,62.30417203805608
82986,2025-05-13 22:24:00,3,2.59,0,bike,34.78209868887858,Moscow,0,30,6.7,0.26,7.7,5.0,5,22,0,1,3.8684210526315788,78.71089595193952
18675,2024-04-02 04:35:00,3,7.82,0,car,55.0,Kazan,0,32,2.5,10.24,18.5,2.0,4,4,0,1,2.1384615384615384,129.62396460542132
59866,2025-03-27 07:05:00,3,3.07,1,car,55.0,Moscow,0,25,3.4,3.79,18.4,4.0,3,7,0,3,3.5,65.5532922341275
31510,2025-05-20 09:21:00,4,5.52,0,car,55.0,Kazan,0,32,13.3,7.06,1.7,3.0,5,9,0,1,1.9180327868852458,116.19046167065909
15686,2024-03-16 11:28:00,2,3.45,0,scooter,48.67898980658732,Kazan,0,24,-1.8,8.65,19.1,1.0,3,11,0,5,1.9393939393939394,70.81681255032841
52604,2025-06-13 12:46:00,2,6.24,1,car,55.0,Moscow,0,35,16.6,9.93,12.7,5.0,6,12,0,4,3.74025974025974,112.861675645264
170,2024-11-30 01:17:00,5,1.89,0,scooter,42.827475829915414,SPB,0,35,2.9,3.68,18.6,2.0,11,1,0,5,2.4761904761904763,79.64827392874204
76408,2024-04-27 13:19:00,4,11.04,0,bike,38.94927677658439,Kazan,1,6,23.5,4.46,14.6,1.0,4,13,0,5,2.033333333333333,128.21933531438899
4240,2024-10-04 00:48:00,3,2.89,0,car,55.0,Moscow,1,9,10.9,4.9,2.9,4.0,10,0,0,4,3.5064935064935066,55.07613759995502
46094,2024-02-14 09:14:00,3,2.68,0,car,55.0,Moscow,0,27,-15.6,8.75,7.3,5.0,2,9,0,2,3.6623376623376624,97.51732086675815
82757,2024-09-23 01:42:00,3,1.04,0,scooter,55.0,Moscow,0,28,5.1,2.21,4.7,4.0,9,1,0,0,3.8933333333333335,63.511508277794235
69083,2025-06-05 10:40:00,1,3.01,0,scooter,55.0,Moscow,0,30,20.6,3.04,10.0,5.0,6,10,0,3,3.782051282051282,81.49455925271805
61467,2025-04-01 16:50:00,2,5.4,0,scooter,46.0651894724839,SPB,0,20,11.6,13.79,10.9,3.0,4,16,1,1,2.411764705882353,95.8231125936538
36253,2025-02-20 16:46:00,2,10.41,1,car,55.0,SPB,1,5,-3.9,12.43,12.6,3.0,2,16,1,3,2.588235294117647,113.55032017389549
37617,2024-09-10 18:30:00,2,3.12,0,car,55.0,SPB,0,33,22.8,16.8,9.1,4.0,9,18,1,1,2.4444444444444446,105.33132498033214
93037,2024-12-28 04:09:00,4,2.76,0,car,55.0,Moscow,0,39,-1.3,2.83,4.0,3.0,12,4,0,5,3.6493506493506493,87.88551286250606
65224,2025-03-16 16:39:00,2,1.67,0,car,55.0,Kazan,1,13,1.7,0.12,8.7,1.0,3,16,0,6,1.9428571428571428,35.532040140863295
44204,2024-12-23 15:37:00,4,1.62,0,car,55.0,Moscow,1,14,-2.0,8.43,13.7,4.0,12,15,0,0,3.5789473684210527,58.023020398477776
95035,2024-10-19 17:53:00,3,4.76,0,bike,39.53406196193262,SPB,0,36,9.5,1.66,6.8,2.0,10,17,0,5,2.2222222222222223,104.793244817458
24281,2024-02-17 23:04:00,4,5.89,0,car,55.0,SPB,1,14,-0.8,5.17,19.3,2.0,2,23,0,5,2.5,81.57061595438417
29293,2024-08-09 13:54:00,6,0.79,1,car,55.0,Moscow,1,11,21.4,15.35,7.5,4.0,8,13,1,4,3.935064935064935,42.858491536769606
56434,2024-08-20 17:27:00,3,3.09,0,scooter,41.41642418784267,Moscow,0,39,23.2,2.16,0.2,4.0,8,17,0,1,3.4266666666666667,104.13834809923804
72183,2024-12-28 08:18:00,3,18.36,0,car,55.0,Moscow,0,31,-1.6,2.83,4.0,3.0,12,8,0,5,3.527027027027027,211.72254892345734
93692,2024-04-12 12:49:00,3,5.56,0,bike,42.257796955237886,Moscow,0,36,13.7,1.63,1.0,4.0,4,12,0,4,3.74025974025974,110.41668529666688
36571,2025-01-19 15:51:00,2,0.46,0,car,55.0,SPB,1,7,1.8,8.93,12.8,2.0,1,15,0,6,2.4714285714285715,35.14814998928404
2888,2024-12-03 12:32:00,3,0.83,0,car,55.0,Kazan,1,7,0.1,1.3,15.8,nan,12,12,0,1,2.0793650793650795,11.18969557537028
2575,2025-01-07 00:42:00,3,1.68,0,car,55.0,Moscow,0,38,-5.7,2.15,19.7,4.0,1,0,0,1,3.779220779220779,77.17163961196633
9854,2025-01-08 21:05:00,3,3.67,0,car,55.0,Moscow,1,8,1.5,2.07,6.8,4.0,1,21,0,2,3.6153846153846154,58.74955973923559
92014,2025-03-28 14:54:00,3,0.86,0,car,55.0,Kazan,1,5,10.7,0.71,1.1,2.0,3,14,0,4,2.014705882352941,25.65251262671478
47437,2024-10-13 04:01:00,2,7.03,0,car,55.0,Moscow,1,9,5.0,5.53,6.3,4.0,10,4,0,6,3.68,91.31685444305315
27896,2025-02-26 12:48:00,6,8.88,0,car,55.0,Moscow,1,9,-3.7,0.33,0.6,4.0,2,12,0,2,3.789473684210526,106.8297661968619
65892,2025-05-17 01:56:00,1,12.42,0,car,55.0,Kazan,1,14,12.5,0.86,0.3,1.0,5,1,0,5,2.0303030303030303,141.44208065177475
55544,2025-01-25 10:09:00,3,3.37,0,scooter,55.0,Moscow,0,21,-1.2,6.04,19.1,3.0,1,10,0,5,4.175675675675675,71.46522572162772
55489,2024-06-06 08:53:00,5,2.47,0,car,55.0,Kazan,1,5,21.8,0.91,0.2,2.0,6,8,0,3,2.183333333333333,45.333982518219585
54222,2024-06-19 12:33:00,2,13.16,1,bike,41.46738347715445,SPB,0,24,20.7,2.16,10.32557238464248,3.0,6,12,0,2,2.410958904109589,159.56302069823107
20076,2024-02-26 12:34:00,4,1.93,0,scooter,44.79372201513367,Kazan,0,37,-8.7,1.28,3.5,2.0,2,12,0,0,2.5,75.01328907581569
86168,2024-08-14 04:24:00,2,6.7,0,car,55.0,SPB,1,10,12.8,1.88,15.0,3.0,8,4,0,2,2.357142857142857,82.549183397116
36891,2024-09-19 04:02:00,1,4.31,0,scooter,55.0,Moscow,0,24,10.1,3.57,16.7,4.0,9,4,0,3,3.736842105263158,81.76786302028246
97976,2025-03-30 21:03:00,2,1.52,0,scooter,54.71734502201816,Moscow,1,7,7.6,8.35,2.4,3.0,3,21,0,6,3.5714285714285716,45.71989264298551
22136,2025-04-27 20:57:00,2,5.72,0,bike,31.893950723490853,Moscow,0,27,3.0,3.86,3.5,3.0,4,20,0,6,4.0131578947368425,101.90312692657284
71101,2024-01-13 05:55:00,3,1.1,0,bike,45.195252478472824,SPB,0,31,-15.4,1.02,12.1,3.0,1,5,0,5,2.7,65.00897415320058
24167,2024-11-03 06:50:00,3,1.03,0,car,55.0,Moscow,1,9,-0.2,1.82,16.6,3.0,11,6,0,6,3.736842105263158,39.30706632790615
28302,2025-02-20 05:23:00,4,10.11,0,scooter,54.20006938556093,SPB,1,6,-13.3,12.43,12.6,3.0,2,5,1,3,2.4927536231884058,127.6029391259921
82303,2024-10-18 03:17:00,5,1.04,0,car,55.0,Moscow,0,39,-2.4,1.72,0.0,4.0,10,3,0,4,3.8666666666666667,78.99494504303424
50384,2024-09-07 01:26:00,5,4.07,0,bike,33.93675198010838,SPB,1,13,12.7,2.71,1.3,2.0,9,1,0,5,2.4761904761904763,69.50782381598208
23856,2024-06-03 16:24:00,4,3.13,0,car,55.0,Moscow,1,9,24.0,11.21,15.0,4.0,6,16,1,0,3.8076923076923075,65.02621039309777
24878,2025-05-16 17:07:00,2,4.77,0,bike,39.8116220849798,Moscow,1,6,20.6,0.55,6.0,nan,5,17,0,4,3.9473684210526314,12.316077124908638
92261,2025-04-17 11:59:00,1,1.4,0,bike,39.11667838566589,Moscow,0,30,15.7,5.32,10.8,nan,4,11,0,3,3.9864864864864864,10.295452338523106
78252,2024-12-16 02:36:00,1,5.74,0,car,55.0,SPB,0,29,-6.9,2.8,9.1,3.0,12,2,0,0,2.418918918918919,93.63685249872574
4431,2025-05-28 07:56:00,2,7.72,0,scooter,49.71730148714787,Moscow,0,18,17.0,7.74,18.0,5.0,5,7,0,2,3.987012987012987,120.75876813090053
84224,2024-06-12 11:03:00,3,1.16,0,car,55.0,Moscow,0,28,21.7,1.93,0.7,4.0,6,11,0,2,3.688311688311688,65.13743742609168
35474,2024-03-04 22:57:00,3,8.5,0,scooter,38.31527511177083,Moscow,1,6,-6.0,3.7,6.9,5.0,3,22,0,0,3.4473684210526314,109.11698652237027
2713,2024-11-22 13:33:00,5,7.49,1,bike,41.97329297929299,SPB,0,16,1.1,17.28,6.2,4.0,11,13,1,4,2.347826086956522,119.37806500081888
71621,2024-09-12 18:53:00,2,10.56,0,bike,40.60867476452213,SPB,0,26,19.9,6.4,10.3,4.0,9,18,0,3,2.5753424657534247,172.16445468945852
89803,2024-03-12 18:44:00,5,6.13,0,scooter,46.44984473997541,SPB,0,36,1.3,0.8,4.0,3.0,3,18,0,1,2.4444444444444446,121.81469736427199
93750,2025-05-27 10:51:00,3,1.79,0,car,55.0,Moscow,1,11,23.3,2.03,1.2,5.0,5,10,0,1,3.675324675324675,53.1104869652384
85543,2024-02-01 14:40:00,3,1.65,0,car,55.0,Moscow,1,12,1.4,2.1,0.8,5.0,2,14,0,3,3.7222222222222223,53.35423092134097
81671,2024-11-04 13:22:00,3,1.98,0,scooter,46.44408516513773,SPB,1,9,1.6,0.07,4.6,4.0,11,13,0,0,2.3857142857142857,41.41668935353016
12136,2024-02-01 10:16:00,5,3.46,0,car,55.0,Moscow,0,30,0.9,2.1,0.8,5.0,2,10,0,3,3.782051282051282,93.26011012566805
46091,2024-01-19 00:46:00,2,6.1,0,scooter,44.02191382946829,Moscow,0,27,-2.8,9.77,12.1,4.0,1,0,0,4,3.5064935064935066,110.00922402645807
68531,2025-01-21 11:30:00,3,3.38,0,car,55.0,SPB,0,17,-10.2,5.58,15.0,4.0,1,11,0,1,2.53125,67.23178797742169
43178,2024-10-12 20:27:00,2,1.5,1,scooter,42.921171489570995,SPB,0,20,5.7,2.7,12.9,2.0,10,20,0,5,2.4461538461538463,40.33755042739122
49247,2025-04-08 07:28:00,1,5.94,0,scooter,53.90710727799128,Moscow,1,10,-1.5,1.49,9.381167210597042,4.0,4,7,0,1,3.8846153846153846,78.96747776096453
46454,2024-05-21 07:57:00,3,0.36,0,scooter,42.921171489570995,Moscow,1,9,14.9,8.06,17.0,4.0,5,7,0,1,3.8846153846153846,46.23369111527774
80530,2024-08-10 03:11:00,4,2.06,0,bike,37.26218109219517,Moscow,1,10,13.2,2.38,19.1,4.0,8,3,0,5,4.04,53.903288446765984
22308,2025-06-17 02:21:00,2,5.51,1,scooter,55.0,SPB,0,20,15.9,0.12,12.9,3.0,6,2,0,1,2.5285714285714285,66.3331561053356
87692,2024-03-20 21:55:00,3,5.58,0,car,55.0,Moscow,0,16,1.1,2.44,19.4,5.0,3,21,0,2,3.6153846153846154,89.53207903964365
79479,2025-04-09 18:34:00,2,5.84,0,car,55.0,Moscow,0,31,-0.9,4.56,18.7,4.0,4,18,0,2,3.6623376623376624,115.89075087591294
15917,2024-10-04 18:44:00,2,6.03,0,car,55.0,SPB,1,5,9.2,2.04,7.6,3.0,10,18,0,4,2.356164383561644,80.65063711865542
30659,2024-06-28 04:45:00,1,1.59,0,car,55.0,SPB,0,29,13.4,22.81,2.7,3.0,6,4,1,4,2.5,74.06308022181194
28054,2025-02-23 22:59:00,1,4.84,0,car,55.0,SPB,1,9,-4.3,0.51,16.5,3.0,2,22,0,6,2.5441176470588234,62.46659687776012
37289,2024-07-15 17:24:00,2,2.35,0,bike,31.870139968385395,SPB,0,29,20.4,5.512307147912243,11.7,3.0,7,17,0,0,2.5625,85.66951195168494
13330,2024-05-29 17:44:00,1,0.99,0,car,55.0,Kazan,1,14,25.6,3.67,10.3,2.0,5,17,0,2,2.152542372881356,44.92725497749771
95300,2024-02-21 19:18:00,3,0.61,0,car,55.0,SPB,0,31,-2.1,1.52,4.1,3.0,2,19,0,2,2.1343283582089554,69.22766726369854
81234,2024-05-19 23:08:00,4,3.33,0,car,55.0,Moscow,1,6,11.3,12.34,1.4,3.0,5,23,1,6,3.5657894736842106,59.88385528883186
10573,2024-01-29 15:40:00,1,7.05,0,bike,38.94927677658439,Moscow,0,15,-2.7,7.08,12.2,4.0,1,15,0,0,3.5789473684210527,111.30613310454689
61552,2025-01-27 13:01:00,4,7.28,0,scooter,51.84792119327856,Kazan,1,7,0.8,1.72,3.7,2.0,1,13,0,0,2.3728813559322033,83.82373776959355
97553,2024-10-08 00:07:00,5,7.74,0,bike,34.60585913965475,Kazan,0,24,14.2,0.68,2.7,3.0,10,0,0,1,2.0952380952380953,120.32137616487896
173,2024-01-08 05:51:00,2,2.21,0,car,55.0,Moscow,1,6,-25.3,6.19,23.2,5.0,1,5,0,0,4.116883116883117,41.378193375344765
49565,2024-08-25 11:03:00,1,3.98,0,car,55.0,Kazan,1,8,19.3,6.01,8.8,2.0,8,11,0,6,1.953125,58.176952004153435
23989,2025-06-07 16:16:00,2,1.71,1,car,55.0,Kazan,0,24,23.2,0.24,9.6,1.0,6,16,0,5,2.246153846153846,35.70231624736322
77480,2025-03-02 11:26:00,5,1.91,0,car,55.0,Kazan,0,24,-6.1,0.03,5.1,2.0,3,11,0,6,1.953125,58.88869450345186
37409,2024-09-01 22:03:00,4,0.69,0,bike,37.6456880964658,Kazan,1,5,14.0,3.81,10.3,1.0,9,22,0,6,2.264705882352941,31.602659320795667
59928,2024-02-21 12:12:00,3,5.83,0,car,55.0,Moscow,0,36,-6.3,6.61,0.6,4.0,2,12,0,2,3.789473684210526,115.99037629929154
30808,2025-06-23 01:32:00,3,4.57,0,bike,36.63261474828157,SPB,1,7,9.6,5.4,16.1,3.0,6,1,0,0,2.4242424242424243,66.31487943991206
8618,2024-08-16 08:04:00,3,6.43,0,car,55.0,Moscow,0,30,14.6,5.23,20.0,4.0,8,8,0,4,3.8157894736842106,124.20611022365641
69952,2024-05-17 10:41:00,3,6.75,0,bike,43.09047812324671,Moscow,1,9,17.2,3.17,0.0,4.0,5,10,0,4,3.5714285714285716,94.32175530411688
75408,2024-10-10 18:18:00,1,4.94,0,car,55.0,Moscow,1,5,8.7,0.04,15.2,5.0,10,18,0,3,3.554054054054054,75.14169070474925
66176,2025-03-30 21:47:00,3,2.53,1,car,55.0,SPB,0,23,9.7,3.34,16.8,2.0,3,21,0,6,2.5,51.50989487674225
88225,2025-03-24 03:34:00,5,8.77,1,car,55.0,Kazan,1,6,-3.0,0.11,0.9,2.0,3,3,0,0,1.9827586206896552,83.58866392279657
57923,2024-08-05 07:23:00,6,4.45,0,car,55.0,Moscow,0,34,16.0,0.44,9.9,4.0,8,7,0,0,3.9066666666666667,100.87239072093905
4046,2024-07-30 11:07:00,3,5.83,0,car,55.0,SPB,1,12,20.7,6.09,12.0,3.0,7,11,0,1,2.53125,82.40526234549068
43755,2025-03-05 12:46:00,2,3.14,0,bike,40.60867476452213,Kazan,0,23,-2.1,1.91,14.5,2.0,3,12,0,2,2.140625,68.44715876787153
8441,2024-01-19 02:51:00,4,5.16,0,car,55.0,SPB,0,29,-4.8,5.52,9.6,3.0,1,2,0,4,2.380281690140845,96.99354434337022
19416,2025-06-01 00:08:00,5,3.64,0,scooter,46.7981431143761,SPB,1,5,11.0,9.84,17.0,2.0,6,0,0,6,2.414285714285714,60.05394961916753
54805,2024-07-14 01:21:00,2,2.22,0,scooter,55.0,Moscow,1,12,21.1,3.54,4.2,3.0,7,1,0,6,3.8181818181818183,50.38480311333637
51464,2024-05-30 11:30:00,4,2.26,0,bike,38.8266233036702,Kazan,0,27,20.8,5.15,20.0,2.0,5,11,0,3,2.0806451612903225,76.29684720974174
22268,2024-08-03 11:27:00,3,6.93,0,scooter,46.0651894724839,Moscow,0,21,21.2,8.31,19.6,3.0,8,11,0,5,3.486842105263158,111.55313863840398
86535,2025-03-06 00:32:00,2,3.98,0,car,55.0,Moscow,1,11,1.7,1.39,12.9,4.0,3,0,0,3,4.571428571428571,62.72526874663646
35605,2024-01-12 10:55:00,3,0.64,0,bike,31.367687591946154,Moscow,1,12,-11.6,0.37,4.2,5.0,1,10,0,4,3.5714285714285716,43.856784756621124
44755,2024-02-17 21:10:00,2,1.02,0,scooter,53.88993581645081,Moscow,1,13,-2.2,6.84,13.7,3.0,2,21,0,5,3.9864864864864864,45.80787741796629
78167,2024-01-09 23:02:00,3,1.95,0,scooter,53.88993581645081,Moscow,1,11,-4.5,3.73,10.6,5.0,1,23,0,1,3.91025641025641,55.05444228700161
73184,2025-04-09 00:55:00,3,8.62,0,car,55.0,Kazan,1,11,3.0,4.32,19.4,2.0,4,0,0,2,2.123076923076923,98.73270814285632
4107,2024-03-12 13:05:00,3,1.07,0,scooter,42.921171489570995,Moscow,0,37,0.8,1.5,5.8,4.0,3,13,0,1,4.171052631578948,71.98189447813667
84189,2024-05-31 12:12:00,3,2.21,0,scooter,54.20006938556093,SPB,1,8,25.2,20.61,7.1,4.0,5,12,1,4,2.3768115942028984,62.64961078003965
41610,2024-09-06 11:21:00,5,2.86,0,car,55.0,Moscow,0,27,19.1,0.41,10.4,5.0,9,11,0,4,3.9743589743589745,79.41430236933664
1024,2025-01-08 09:45:00,3,6.36,0,car,55.0,Kazan,1,13,0.6,15.42,19.8,2.0,1,9,1,2,2.098360655737705,101.45253769864749
44467,2024-12-26 00:19:00,6,4.34,1,bike,39.430915777080756,SPB,0,38,3.7,5.56,15.5,4.0,12,0,0,3,2.3970588235294117,103.646510267238
42529,2024-10-28 16:52:00,4,5.95,0,car,55.0,Moscow,0,17,8.8,10.18,6.2,4.0,10,16,0,0,3.8076923076923075,99.86457839898688
57293,2025-02-01 15:59:00,2,5.9,0,car,55.0,Moscow,1,14,3.7,13.08,1.5,3.0,2,15,1,5,3.986666666666667,88.21540826665041
72599,2024-08-24 20:24:00,3,1.78,0,scooter,36.42755350070934,Moscow,1,11,18.1,4.57,14.6,4.0,8,20,0,5,3.8378378378378377,51.39650890589565
28126,2024-03-30 03:15:00,2,3.75,0,scooter,34.01084509779904,SPB,0,39,4.3,21.67,18.6,2.0,3,3,1,5,2.4864864864864864,106.65944700209194
55931,2024-06-23 05:08:00,3,5.2,0,scooter,45.159897613091154,Moscow,1,12,11.7,0.72,2.2,3.0,6,5,0,6,3.7866666666666666,70.49614349101644
47871,2024-10-21 01:10:00,6,2.62,0,car,55.0,Moscow,0,39,6.7,5.15,14.6,4.0,10,1,0,0,3.8933333333333335,98.86725891376331
4558,2024-04-10 15:36:00,8,0.4,0,scooter,44.50215595557376,Moscow,1,7,19.9,8.06,1.3,5.0,4,15,0,2,4.094594594594595,49.67506123198148
12342,2024-03-31 02:45:00,3,7.15,0,scooter,40.65776334533052,Kazan,0,30,1.7,0.79,17.9,2.0,3,2,0,6,1.9538461538461538,111.05772179360545
19601,2024-02-04 10:47:00,3,3.56,1,scooter,55.0,Moscow,0,38,0.8,9.63,15.2,3.0,2,10,0,6,3.5526315789473686,88.2782002759427
55801,2024-01-18 21:27:00,4,5.52,0,car,55.0,SPB,0,22,-7.2,5.21,20.1,3.0,1,21,0,3,2.2916666666666665,93.56831401836313
29061,2025-04-02 12:02:00,3,1.4,0,car,55.0,SPB,0,35,7.2,11.46,9.0,3.0,4,12,1,2,2.410958904109589,84.06818944222323
52119,2024-04-19 07:23:00,3,5.46,0,car,55.0,Moscow,0,20,6.4,5.97,5.4,5.0,4,7,0,4,3.782051282051282,97.20272835854263
73565,2025-01-05 00:35:00,5,0.55,0,bike,32.37325941116156,Kazan,0,33,-4.9,0.03,12.3,1.0,1,0,0,6,2.34375,58.92763858563903
13518,2024-03-06 07:12:00,3,3.0,0,car,55.0,Moscow,1,12,-14.3,5.06,13.2,4.0,3,7,0,2,3.987012987012987,61.48601850243743
10863,2024-09-19 11:33:00,2,5.84,0,car,55.0,Kazan,0,30,20.1,0.23,18.8,3.0,9,11,0,3,2.0806451612903225,96.32906272302006
41863,2025-01-27 09:29:00,1,4.53,0,car,55.0,SPB,0,15,0.4,7.15,16.2,3.0,1,9,0,0,2.417910447761194,84.52713448715308
54181,2024-10-19 03:37:00,2,7.2,0,car,41.750137119404535,SPB,1,13,4.3,1.66,6.8,2.0,10,3,0,5,2.4864864864864864,88.89450815271533
64085,2025-01-08 17:39:00,3,3.57,0,bike,38.94927677658439,SPB,1,7,0.7,10.26,12.2,3.0,1,17,0,2,2.7222222222222223,78.83119035928513
14230,2025-01-16 14:31:00,3,1.62,0,car,55.0,Moscow,0,17,-0.3,0.38,1.8,5.0,1,14,0,3,3.7222222222222223,55.546192930190884
74075,2024-11-10 08:53:00,2,3.7,0,car,55.0,Moscow,1,5,4.0,15.8,12.7,3.0,11,8,1,6,3.8289473684210527,73.03558318318545
46058,2025-01-04 21:09:00,3,3.46,0,car,55.0,Moscow,1,6,-3.6,14.45,8.5,3.0,1,21,1,5,3.9864864864864864,62.959042579273955
96586,2024-06-24 01:39:00,5,1.34,0,bike,38.94927677658439,Moscow,1,13,13.1,0.1,9.6,5.0,6,1,0,0,3.8933333333333335,48.2371907960371
51429,2025-01-27 15:52:00,2,1.9,0,car,55.0,Moscow,0,26,4.5,10.21,16.5,4.0,1,15,0,0,3.5789473684210527,75.6912382111065
47713,2025-04-26 01:12:00,2,2.21,0,car,55.0,Moscow,0,25,5.7,1.08,0.7,3.0,4,1,0,5,3.7662337662337664,62.56979440472203
43172,2024-11-21 08:21:00,1,0.97,0,car,55.0,Moscow,0,34,7.2,1.03,9.9,5.0,11,8,0,3,3.9210526315789473,79.11396992896921
340,2024-07-20 22:59:00,3,0.15,0,car,55.0,Kazan,1,13,18.9,2.53,13.8,1.0,7,22,0,5,2.1206896551724137,33.71838086403759
69984,2024-07-04 04:03:00,3,3.41,0,scooter,55.0,Kazan,1,12,22.5,0.48,13.9,2.0,7,4,0,3,2.044776119402985,52.965146912996836
94561,2025-02-22 05:18:00,2,3.61,0,car,55.0,Moscow,0,17,-8.7,15.38,5.7,4.0,2,5,1,5,3.792207792207792,77.92414037834614
47527,2025-05-04 21:42:00,2,4.55,0,car,55.0,Moscow,1,10,12.0,2.43,19.7,3.0,5,21,0,6,3.5714285714285716,66.0774058472449
8873,2024-06-30 03:01:00,1,8.33,0,car,55.0,SPB,0,33,15.5,0.91,5.0,3.0,6,3,0,6,2.4029850746268657,120.81705218783168
73144,2024-01-09 14:27:00,3,6.52,0,scooter,46.0651894724839,SPB,1,13,-0.3,0.24,20.4,3.0,1,14,0,1,2.608695652173913,87.50582331684117
29659,2025-05-04 14:39:00,4,7.01,0,car,55.0,SPB,0,33,9.5,5.48,8.7,2.0,5,14,0,6,2.5217391304347827,115.17360709442355
16983,2024-04-29 22:36:00,3,2.47,0,bike,37.32002871481163,Moscow,0,16,8.8,10.03,11.4,4.0,4,22,0,0,3.4473684210526314,76.47726874577813
63861,2024-06-25 02:07:00,4,2.93,0,car,55.0,Moscow,0,17,12.6,0.07,1.2,4.0,6,2,0,1,3.727272727272727,57.66001229896135
23296,2024-06-20 19:36:00,3,10.44,0,car,55.0,Moscow,1,14,14.6,8.88,3.0,4.0,6,19,0,3,3.5657894736842106,147.59853751496232
6316,2024-11-16 06:10:00,1,8.12,0,car,55.0,Moscow,0,39,1.0,2.83,1.6,3.0,11,6,0,5,3.76,129.45695029069984
24514,2024-11-28 00:07:00,4,3.17,0,scooter,42.15405365401788,Moscow,0,36,-2.2,5.08,7.0,5.0,11,0,0,3,4.571428571428571,97.44268133095235
24157,2024-05-09 10:09:00,2,2.34,1,car,55.0,Moscow,0,39,1.4,4.96,18.9,4.0,5,10,0,3,3.782051282051282,74.79716295764732
74343,2024-08-12 13:14:00,5,5.86,0,bike,36.862403291529105,Moscow,1,10,18.3,1.8,2.8,4.0,8,13,0,0,3.896103896103896,86.55543189868996
44546,2024-09-26 19:23:00,5,0.38,0,bike,34.60585913965475,Moscow,1,6,18.0,0.54,0.5,4.0,9,19,0,3,3.5657894736842106,42.84515000749391
22588,2025-01-31 13:40:00,4,4.71,0,bike,25.996363720780828,Kazan,1,14,1.6,4.69,9.5,2.0,1,13,0,4,1.878787878787879,82.78278800626151
40240,2024-08-25 20:20:00,4,3.51,0,bike,43.31751317140163,Moscow,1,7,20.4,8.11,0.0,3.0,8,20,0,6,4.0131578947368425,67.15096259562966
88776,2024-03-17 20:10:00,2,2.22,1,bike,33.19299505524494,SPB,1,9,-2.9,0.34,16.2,2.0,3,20,0,6,2.5076923076923077,29.797406117987386
49989,2024-10-25 09:36:00,6,3.77,0,car,55.0,SPB,1,10,5.3,1.82,15.6,4.0,10,9,0,4,2.452054794520548,73.37594221117595
65361,2024-11-28 15:56:00,1,10.14,0,bike,36.862403291529105,Moscow,0,28,-1.8,5.08,7.0,5.0,11,15,0,3,4.078947368421052,160.1033546771894
92490,2024-07-19 11:24:00,2,7.12,0,car,55.0,Moscow,1,9,20.9,9.73,9.3,nan,7,11,0,4,3.9743589743589745,11.600256038517273
47852,2025-04-27 19:51:00,3,4.14,0,car,48.016477908776224,SPB,0,23,4.0,4.74,3.5,2.0,4,19,0,6,2.4029850746268657,85.15192308842663
15783,2025-02-06 20:27:00,2,4.33,0,bike,40.75594245927035,Moscow,0,16,-1.5,2.01,2.4,4.0,2,20,0,3,3.688311688311688,78.33416881861895
58004,2025-05-23 08:07:00,4,3.36,0,bike,32.99180766169915,Moscow,1,9,17.6,0.62,0.9,4.0,5,8,0,4,3.8157894736842106,69.34944870769962
57031,2024-12-16 19:23:00,5,0.65,0,car,55.0,SPB,0,37,-0.7,2.8,9.1,3.0,12,19,0,0,2.585714285714286,84.9708587649223
8647,2025-03-01 08:36:00,1,1.4,0,bike,36.7621488349067,Moscow,1,12,-2.5,0.91,14.3,4.0,3,8,0,5,3.527027027027027,56.41328372743867
46129,2025-02-21 10:09:00,3,4.64,0,car,55.0,SPB,1,10,-3.2,1.89,9.9,3.0,2,10,0,4,2.323943661971831,66.10303357810307
72234,2025-02-26 18:59:00,1,1.41,0,car,55.0,SPB,1,13,0.3,13.35,19.5,3.0,2,18,1,2,2.183098591549296,62.476906647076135
52006,2024-03-15 00:36:00,3,0.66,0,car,55.0,Moscow,1,11,-4.0,6.98,15.5,5.0,3,0,0,4,3.5064935064935066,47.881748305617435
67266,2024-12-01 23:09:00,3,3.95,0,bike,36.82146628990283,SPB,0,31,6.3,0.07,17.9,3.0,12,23,0,6,2.375,84.47640471439894
31924,2025-04-30 13:48:00,3,3.23,0,car,55.0,Moscow,0,17,7.9,4.66,18.3,4.0,4,13,0,2,3.871794871794872,68.29921992932019
90781,2024-05-30 16:22:00,3,3.31,1,scooter,49.864212869682625,Moscow,1,8,28.2,1.06,2.5,5.0,5,16,0,3,3.6363636363636362,47.77155680493913
73805,2024-04-10 12:54:00,3,2.83,1,scooter,53.88993581645081,SPB,0,33,16.4,1.09,6.4,3.0,4,12,0,2,2.410958904109589,65.22080893163492
63005,2024-07-23 18:03:00,2,3.06,0,bike,40.807844015374776,Moscow,1,9,23.0,8.45,0.4,4.0,7,18,0,1,3.4415584415584415,80.86275289955051
64275,2024-09-01 20:32:00,4,3.53,0,car,55.0,Moscow,0,39,23.3,9.12,14.7,4.0,9,20,0,6,4.0131578947368425,104.86130892048624
95792,2025-04-06 01:55:00,4,1.75,0,car,55.0,Moscow,1,5,-0.2,0.07,0.7,3.0,4,1,0,6,3.8181818181818183,32.303090433730524
5541,2024-08-26 07:12:00,3,3.5,1,scooter,44.50215595557376,Moscow,0,17,16.7,2.74,19.3,5.0,8,7,0,0,3.9066666666666667,62.19972845970615
62690,2024-05-08 13:20:00,3,2.71,0,bike,31.260861704088715,SPB,1,7,3.0,9.11,0.2,4.0,5,13,0,2,2.426470588235294,63.693505733225436
88720,2024-06-28 23:30:00,3,1.76,0,scooter,49.71730148714787,Moscow,1,9,18.9,0.92,19.7,nan,6,23,0,4,3.896103896103896,12.271978236088152
54375,2024-07-20 17:50:00,5,2.26,0,bike,30.444795647135667,Moscow,0,17,23.8,0.56,9.5,3.0,7,17,0,5,3.92,70.3532144977216
70910,2025-02-10 23:08:00,3,1.88,0,bike,40.142580832377945,Moscow,0,27,-5.3,2.66,21.3,4.0,2,23,0,0,3.9066666666666667,71.9457874495647
20835,2024-11-24 23:42:00,2,8.67,1,bike,38.3374319784028,Kazan,0,31,1.4,4.27,23.9,2.0,11,23,0,6,2.121212121212121,126.85270300340754
34455,2025-04-28 09:03:00,5,8.42,0,car,55.0,Moscow,0,37,2.9,0.92,15.1,4.0,4,9,0,0,3.776315789473684,152.4787514753669
1508,2024-07-18 11:10:00,3,4.33,0,bike,33.19299505524494,Kazan,0,25,23.9,0.13,3.7,2.0,7,11,0,3,2.0806451612903225,77.71063624221206
19821,2024-06-09 09:38:00,3,9.01,0,car,55.0,Moscow,0,30,17.4,4.3632938816449345,5.4,3.0,6,9,0,6,3.8133333333333335,135.44136967391347
74626,2024-11-26 08:49:00,4,0.92,1,bike,41.97329297929299,Kazan,0,39,-3.0,0.75,23.0,2.0,11,8,0,1,2.235294117647059,68.67478504677713
78967,2024-11-21 20:41:00,4,4.19,0,car,55.0,Moscow,0,21,8.0,1.03,9.9,5.0,11,20,0,3,3.688311688311688,81.5356063999623
42734,2025-04-29 14:06:00,3,3.15,0,car,55.0,Moscow,0,39,7.9,1.66,11.0,5.0,4,14,0,1,3.6,95.07053945489966
19126,2024-06-24 13:34:00,4,0.87,0,scooter,55.0,Moscow,1,14,20.1,0.1,9.6,5.0,6,13,0,0,3.896103896103896,45.167179975021796
53994,2024-04-19 18:50:00,2,3.79,0,scooter,40.06698260588018,SPB,1,11,-2.2,1.61,14.8,3.0,4,18,0,4,2.356164383561644,69.76570383064168
26315,2024-10-31 22:47:00,1,2.93,1,bike,42.40735828019987,Kazan,1,12,1.5,1.48,5.4,2.0,10,22,0,3,2.1129032258064515,39.5229502589925
49866,2024-03-06 12:18:00,3,2.81,0,bike,39.395918500296126,SPB,0,36,-0.9,3.56,14.1,3.0,3,12,0,2,2.410958904109589,89.16034697249158
34337,2024-05-26 00:34:00,4,5.71,0,bike,40.32854369446495,SPB,0,25,15.3,9.94,18.9,3.0,5,0,0,6,2.414285714285714,111.33492543729376
31635,2025-04-06 12:36:00,3,4.17,0,scooter,42.827475829915414,Moscow,0,17,-2.0,0.07,0.7,3.0,4,12,0,6,3.789473684210526,66.55773645935031
66544,2024-12-27 10:07:00,2,2.25,0,car,55.0,Moscow,1,12,0.9,1.23,22.6,4.0,12,10,0,4,3.5714285714285716,54.15424334867079
41831,2024-03-02 23:33:00,1,4.93,0,car,55.0,Moscow,0,27,-1.8,1.26,9.8,3.0,3,23,0,5,4.076923076923077,82.60710592869268
70886,2025-02-09 22:48:00,5,5.88,0,scooter,50.84117784067927,Moscow,0,25,-4.2,9.59,18.6,3.0,2,22,0,6,3.5921052631578947,106.93244372321422
89849,2024-12-23 00:15:00,2,2.57,0,bike,28.43607271038636,Moscow,0,37,-3.6,8.43,13.7,4.0,12,0,0,0,3.727272727272727,99.64151764445828
12699,2024-09-14 19:16:00,5,1.49,0,bike,40.58851705937706,Kazan,1,5,17.9,3.59,1.9,1.0,9,19,0,5,2.0153846153846153,42.80198537221195
14338,2025-03-02 00:08:00,2,2.03,0,car,55.0,Moscow,0,25,-1.4,0.44,16.6,4.0,3,0,0,6,3.727272727272727,62.45851607536115
69300,2024-05-30 06:47:00,3,0.78,0,scooter,45.159897613091154,Moscow,0,27,17.0,1.06,2.5,5.0,5,6,0,3,3.526315789473684,62.92802758191732
41688,2024-09-15 18:52:00,2,3.86,0,bike,36.41063141303707,Kazan,1,5,19.3,17.17,16.3,1.0,9,18,1,6,2.142857142857143,77.12389332867221
19570,2024-09-25 01:55:00,3,4.23,0,car,55.0,Moscow,0,17,11.3,6.16,8.8,4.0,9,1,0,2,3.3766233766233764,75.37424894566729
61042,2024-07-18 13:55:00,1,5.2,0,bike,40.61012440281896,Moscow,0,35,27.0,4.058662716885315,15.9,5.0,7,13,0,3,3.8666666666666667,82.93077641296566
984,2024-03-21 03:20:00,4,3.79,0,car,55.0,Moscow,0,22,-7.3,0.14,13.0,4.0,3,3,0,3,3.779220779220779,73.63293911209036
74039,2025-06-01 10:14:00,4,5.04,0,scooter,47.978038395195696,Moscow,1,9,20.1,5.51,18.2,4.0,6,10,0,6,3.5526315789473686,73.32584549429805
83204,2024-06-20 13:30:00,1,1.33,0,car,55.0,Moscow,0,39,22.5,8.88,3.0,4.0,6,13,0,3,3.8666666666666667,80.68459124879061
61322,2024-09-14 21:33:00,1,9.69,0,bike,35.369149670627664,SPB,1,5,19.4,1.56,14.6,2.0,9,21,0,5,2.723076923076923,111.65528274774861
91013,2024-08-17 05:11:00,4,4.21,1,bike,33.93675198010838,Moscow,0,36,13.1,2.23,4.5,3.0,8,5,0,5,3.792207792207792,88.45778976295001
93822,2025-05-07 21:51:00,3,1.77,0,car,55.0,Moscow,1,9,8.9,5.14,17.2,5.0,5,21,0,2,3.6153846153846154,50.325211252850664
28105,2024-06-19 21:32:00,5,0.27,0,car,55.0,SPB,0,31,14.9,2.16,10.32557238464248,3.0,6,21,0,2,2.292307692307692,64.8989056039287
63209,2024-03-15 05:23:00,3,1.09,0,car,55.0,SPB,0,15,5.1,14.66,5.0,3.0,3,5,1,4,2.2318840579710146,57.98053692665069
45052,2024-06-10 04:41:00,1,7.95,0,car,55.0,Moscow,0,36,11.6,2.04,9.3,4.0,6,4,0,0,4.116883116883117,126.23725342933072
45232,2024-07-02 15:41:00,3,3.74,0,car,55.0,Kazan,0,25,28.8,1.16,15.7,3.0,7,15,0,1,2.1333333333333333,77.31709160910238
67326,2024-11-30 04:53:00,1,2.23,0,scooter,42.921171489570995,Moscow,1,12,-0.1,7.42,23.8,4.0,11,4,0,5,3.6493506493506493,56.22094563219598
91224,2024-06-16 14:10:00,2,1.79,0,car,55.0,Moscow,0,16,25.0,3.67,5.0,3.0,6,14,0,6,3.971830985915493,46.87453688919141
61776,2025-05-30 13:33:00,3,5.63,0,scooter,45.13982204557147,Kazan,0,34,29.7,5.21,10.5,2.0,5,13,0,4,1.878787878787879,104.53968793791702
73516,2024-06-12 07:34:00,3,0.54,0,bike,30.444795647135667,Moscow,0,28,20.9,1.93,0.7,4.0,6,7,0,2,3.987012987012987,63.81377564115332
62246,2025-04-12 18:24:00,4,3.54,0,bike,36.63261474828157,SPB,1,13,1.3,6.5199082568807345,0.4,3.0,4,18,0,5,2.4027777777777777,81.13546754634265
4048,2024-08-09 08:53:00,4,4.68,1,car,55.0,Moscow,0,16,17.1,15.35,7.5,4.0,8,8,1,4,3.8157894736842106,87.66825481130516
88019,2025-05-06 11:27:00,3,1.53,0,car,55.0,Moscow,1,8,7.7,2.08,18.8,5.0,5,11,0,1,3.831168831168831,47.582373787879106
15583,2024-12-14 05:07:00,1,3.55,0,car,55.0,Moscow,0,39,-9.3,0.29,16.8,4.0,12,5,0,5,3.792207792207792,83.66415867548889
80630,2024-03-18 21:44:00,3,2.89,0,car,55.0,Moscow,0,31,-0.7,4.24,5.3,4.0,3,21,0,0,3.8026315789473686,80.37388052730087
31551,2024-06-23 08:34:00,5,4.2,0,bike,35.23265629823605,SPB,1,5,16.3,1.67,14.2,2.0,6,8,0,6,2.323529411764706,65.30672790956895
48109,2024-09-01 05:45:00,1,7.74,0,car,55.0,Moscow,1,5,16.3,9.12,14.7,4.0,9,5,0,6,3.7866666666666666,101.34797954769581
263,2024-03-31 03:14:00,4,4.82,1,car,55.0,Moscow,0,30,2.3,3.04,19.1,3.0,3,3,0,6,3.710526315789474,83.4504546776766
96343,2024-11-01 22:45:00,7,2.95,0,bike,40.61012440281896,Moscow,1,11,9.1,3.24,10.5,nan,11,22,0,4,3.9466666666666668,9.09987812554121
67876,2024-10-23 19:36:00,2,5.1,0,car,55.0,Kazan,0,34,7.4,0.24,10.5,2.0,10,19,0,2,2.046153846153846,95.07209814239235
12196,2025-04-30 10:51:00,3,2.08,0,scooter,49.00620380326575,SPB,1,10,3.3,14.15,0.6,3.0,4,10,1,2,2.449275362318841,55.54314561401932
14177,2024-10-19 08:07:00,5,1.07,0,car,55.0,SPB,0,16,2.5,1.66,6.8,2.0,10,8,0,5,2.4285714285714284,52.88012481772614
2,2024-08-16 02:46:00,2,8.66,0,bike,38.94927677658439,Moscow,0,28,11.0,5.23,20.0,4.0,8,2,0,4,3.8552631578947367,140.05969210405368
29956,2024-12-04 12:03:00,4,1.6,0,car,55.0,SPB,0,16,-2.1,2.05,3.8,3.0,12,12,0,2,2.410958904109589,51.830227966208795
1317,2025-03-08 00:27:00,2,0.6,0,car,55.0,Kazan,0,17,0.7,4.46,7.1,2.0,3,0,0,5,2.3492063492063493,43.84700886275452
59713,2024-04-05 04:11:00,3,1.63,0,car,55.0,Moscow,1,10,-3.6,7.39,3.8,4.0,4,4,0,4,4.025974025974026,51.84767833680166
65312,2024-04-19 11:48:00,3,8.63,0,bike,40.58851705937706,Kazan,1,8,19.3,2.75,2.1,2.0,4,11,0,4,2.1875,108.80852449413382
53387,2024-09-17 22:12:00,4,3.37,0,car,55.0,Kazan,0,32,15.7,4.48,0.4,2.0,9,22,0,1,2.2459016393442623,80.78160772491566
87773,2024-10-17 13:28:00,3,3.52,0,car,55.0,Moscow,0,17,7.6,18.88,11.0,4.0,10,13,1,3,3.8666666666666667,82.73623409242835
26656,2024-12-18 10:58:00,2,5.9,0,bike,35.23265629823605,Kazan,0,37,-7.6,0.15,19.6,3.0,12,10,0,2,2.0153846153846153,106.06242702180094
49601,2024-05-25 19:24:00,5,8.6,0,car,55.0,SPB,0,20,21.8,5.9,16.2,2.0,5,19,0,5,2.484375,125.34995059230076
64024,2025-04-20 19:41:00,1,5.96,0,bike,38.56610576982384,Kazan,0,29,19.7,1.34,11.1,2.0,4,19,0,6,1.9508196721311475,101.82064522678601
22927,2024-08-06 11:17:00,2,4.39,0,scooter,53.06435092865217,Moscow,1,9,21.6,6.03,2.2,5.0,8,11,0,1,3.831168831168831,73.80879137673097
90169,2024-06-22 08:00:00,2,2.85,0,car,51.43065228264467,Kazan,1,5,18.6,10.34,5.3,1.0,6,8,0,5,1.9857142857142858,53.47781602535077
2263,2024-05-09 08:15:00,4,2.36,0,scooter,38.31527511177083,SPB,0,31,3.3,2.34,12.8,3.0,5,8,0,3,2.3676470588235294,87.145632195459
70593,2024-01-25 04:25:00,2,1.67,0,car,55.0,SPB,1,10,0.4,1.86,11.4,3.0,1,4,0,3,2.263888888888889,41.80592375795046
82142,2025-02-18 21:42:00,3,2.97,0,car,55.0,Moscow,0,32,-9.0,1.68,20.1,4.0,2,21,0,1,3.5789473684210527,80.50474660545007
7865,2024-09-18 08:01:00,2,1.25,0,scooter,49.49166115263669,Kazan,0,39,16.8,9.61,13.9,2.0,9,8,0,2,2.1639344262295084,83.6105761341976
83057,2024-08-22 18:27:00,4,3.49,0,car,55.0,SPB,0,31,21.3,3.61,0.8,4.0,8,18,0,3,2.5753424657534247,98.79268937069823
68028,2024-02-25 15:03:00,4,3.61,0,car,55.0,Moscow,1,9,-1.4,5.09,0.1,3.0,2,15,0,6,3.8157894736842106,61.10211527726741
26160,2024-11-07 22:57:00,2,7.18,0,car,55.0,Moscow,0,36,4.9,0.76,17.8,5.0,11,22,0,3,3.5789473684210527,120.91420252741578
37692,2024-06-06 05:48:00,2,0.44,1,bike,40.142580832377945,Moscow,0,32,16.6,12.39,9.4,5.0,6,5,1,3,4.246753246753247,68.67783126608566
19100,2024-12-16 03:06:00,2,1.76,0,car,55.0,Moscow,1,12,-1.5,3.85,1.5,4.0,12,3,0,0,3.948717948717949,47.85557672957603
4029,2025-06-27 11:17:00,5,9.37,0,bike,38.82921835200169,Moscow,1,12,15.3,7.76,1.0,4.0,6,11,0,4,3.9743589743589745,139.16003050036534
48944,2025-01-23 18:19:00,4,4.51,0,car,55.0,Moscow,1,12,-2.9,7.8,7.9,4.0,1,18,0,3,3.554054054054054,89.21148911558132
51469,2025-02-09 22:57:00,1,0.5,0,car,55.0,Moscow,1,13,-4.2,9.59,18.6,3.0,2,22,0,6,3.5921052631578947,45.425667010074434
55628,2024-02-07 02:02:00,3,5.75,0,car,55.0,SPB,1,11,-11.8,8.88,4.7,3.0,2,2,0,2,2.272727272727273,83.97561109275149
66051,2025-05-04 20:07:00,4,3.37,0,car,55.0,Moscow,1,8,12.2,2.43,19.7,3.0,5,20,0,6,4.0131578947368425,56.18895508741643
48956,2024-01-06 10:15:00,2,3.15,0,scooter,55.0,Kazan,1,12,-19.4,12.27,4.0,1.0,1,10,1,5,1.791044776119403,60.88510999517296
80015,2024-08-29 11:02:00,4,4.5,0,car,55.0,Moscow,0,26,22.1,4.19,18.2,4.0,8,11,0,3,3.9864864864864864,84.06308553181044
98819,2025-03-28 17:12:00,5,2.49,0,bike,37.22409459253831,Moscow,1,10,9.5,1.08,10.4,4.0,3,17,0,4,3.9473684210526314,66.85508518862827
52939,2025-01-19 03:48:00,4,1.84,0,car,55.0,Moscow,1,5,0.1,4.33,15.4,3.0,1,3,0,6,3.710526315789474,38.806597197299986
63786,2025-04-18 04:39:00,3,2.35,0,car,55.0,Moscow,0,20,12.1,1.49,0.7,4.0,4,4,0,4,4.025974025974026,60.219798810785434
97236,2024-08-15 03:47:00,3,5.32,0,car,55.0,Moscow,1,12,11.1,3.32,5.3,4.0,8,3,0,3,3.779220779220779,78.26074279285828
71105,2024-12-28 06:11:00,1,1.31,0,car,55.0,Moscow,0,34,-1.6,2.83,4.0,3.0,12,6,0,5,3.76,64.18655546164526
33411,2024-08-17 01:57:00,2,1.66,0,car,55.0,Moscow,1,11,15.0,2.23,4.5,3.0,8,1,0,5,3.7662337662337664,43.99390408790353
42755,2024-03-07 15:14:00,3,1.25,0,car,55.0,Moscow,0,25,0.5,5.58,16.3,4.0,3,15,0,3,4.078947368421052,62.49330991395986
81575,2025-04-03 15:44:00,6,2.58,0,scooter,36.42755350070934,Moscow,1,9,12.5,3.77,9.7,4.0,4,15,0,3,4.078947368421052,55.178482227281236
69067,2025-01-05 15:18:00,3,0.59,0,scooter,49.864212869682625,Moscow,1,7,-4.1,10.68,19.6,3.0,1,15,0,6,3.8157894736842106,41.795145400944044
32866,2025-01-31 19:05:00,3,2.1,0,car,55.0,Moscow,0,39,1.8,1.45,17.2,4.0,1,19,0,4,4.026315789473684,94.40865857647358
54157,2025-03-25 09:15:00,5,1.17,0,car,55.0,SPB,0,21,2.2,1.03,9.762717882504843,4.0,3,9,0,1,2.8142857142857145,66.43752574245566
95929,2025-06-16 16:57:00,4,1.23,0,scooter,45.159897613091154,Moscow,1,9,23.1,12.91,15.7,4.0,6,16,1,0,3.8076923076923075,53.80777714766937
74349,2024-07-21 12:21:00,2,2.35,0,car,55.0,Moscow,0,28,23.6,6.59,18.1,3.0,7,12,0,6,3.789473684210526,72.87481421139647
61314,2025-04-03 00:37:00,2,8.62,0,car,55.0,Moscow,1,7,5.9,3.77,9.7,4.0,4,0,0,3,4.571428571428571,101.05667135600653
74440,2025-01-06 19:02:00,2,2.44,0,scooter,44.150599250049076,SPB,1,8,-5.7,7.22041542040545,3.3,3.0,1,19,0,0,2.585714285714286,60.842313166174634
68354,2025-03-19 02:10:00,2,5.63,0,car,55.0,Moscow,0,15,-3.1,0.92,14.1,4.0,3,2,0,2,3.8666666666666667,81.28170244493789
3510,2024-04-20 10:12:00,2,4.66,0,car,55.0,Moscow,0,35,6.0,14.03,8.1,3.0,4,10,1,5,4.175675675675675,106.33558763799547
22518,2024-06-12 07:06:00,3,0.67,0,car,55.0,Kazan,1,10,25.0,3.92,16.8,2.0,6,7,0,2,1.7384615384615385,31.58514955536466
67677,2025-05-03 22:13:00,2,4.21,0,bike,35.574343203740504,Moscow,1,9,10.4,3.71,17.3,3.0,5,22,0,5,4.0,67.43141212819393
28204,2024-06-07 14:14:00,1,2.31,0,scooter,36.309932338308485,Kazan,0,32,25.8,1.01,10.9,2.0,6,14,0,4,2.014705882352941,66.53320962633927
67551,2024-12-19 05:40:00,3,1.98,1,scooter,53.06435092865217,Moscow,1,13,-16.8,6.56,20.5,nan,12,5,0,3,4.246753246753247,4.249462640842978
53407,2024-01-01 04:34:00,1,4.4,0,car,55.0,Moscow,0,16,-12.9,5.720882520402354,23.0,4.0,1,4,0,0,4.116883116883117,23.277951503746692
24827,2024-03-01 17:18:00,5,1.58,0,car,55.0,Moscow,0,16,0.8,0.0,2.9,4.0,3,17,0,4,3.9473684210526314,59.65015772565083
94720,2024-06-01 06:13:00,1,1.35,1,car,55.0,Kazan,0,32,18.5,2.89881917211329,3.8,2.0,6,6,0,5,2.2205882352941178,47.21178925217744
43235,2025-02-23 05:03:00,4,1.7,0,bike,34.60585913965475,SPB,0,21,-2.6,0.51,16.5,3.0,2,5,0,6,2.5,57.694474050780535
41207,2024-07-12 06:35:00,1,2.9,0,car,55.0,SPB,0,25,19.6,5.512307147912243,2.0,4.0,7,6,0,4,2.0434782608695654,71.89142770379793
1916,2025-03-31 07:40:00,1,1.64,0,car,55.0,Kazan,1,13,1.4,3.73,16.8,2.0,3,7,0,0,2.03125,44.646801569745534
8108,2025-02-17 05:28:00,2,3.61,0,car,55.0,Moscow,1,6,-14.9,1.94,22.7,4.0,2,5,0,0,4.116883116883117,48.46496950942259
21134,2025-02-22 04:04:00,2,3.8,0,car,55.0,Moscow,1,5,-8.2,15.38,5.7,4.0,2,4,1,5,3.6493506493506493,68.01641675137758
43715,2025-05-29 21:02:00,3,7.26,0,bike,37.106988143682905,Kazan,0,31,24.3,1.93,5.0,3.0,5,21,0,3,2.238095238095238,123.3456496965391
71214,2024-10-06 00:52:00,3,0.96,0,car,55.0,Kazan,0,20,8.7,0.66,10.5,1.0,10,0,0,6,2.34375,41.01991957086355
53363,2024-05-26 18:40:00,2,2.46,0,bike,40.61012440281896,Moscow,1,11,20.3,1.1,1.5,4.0,5,18,0,6,3.547945205479452,66.01439023396388
75617,2024-08-31 14:34:00,2,1.81,0,scooter,41.41642418784267,Kazan,0,37,20.7,4.8,10.2,1.0,8,14,0,5,2.1176470588235294,70.00630030497341
83527,2024-12-14 14:51:00,4,0.66,0,scooter,55.0,SPB,0,21,-4.4,4.16,20.5,2.0,12,14,0,5,2.391304347826087,51.88764851517129
14967,2025-02-09 14:02:00,2,1.89,0,bike,30.567021598673445,Moscow,1,7,-4.3,9.59,18.6,3.0,2,14,0,6,3.971830985915493,55.89698114360102
48314,2025-01-17 19:16:00,3,2.99,0,car,55.0,SPB,0,36,2.0,11.67,8.3,3.0,1,19,1,4,2.315068493150685,102.31017145356626
46606,2025-04-10 20:34:00,1,2.53,0,bike,39.11667838566589,Kazan,1,12,2.1,6.54,1.6,2.0,4,20,0,3,1.876923076923077,58.95551780869762
23331,2024-08-07 01:04:00,5,11.64,1,car,55.0,SPB,0,23,12.1,16.21,19.8,3.0,8,1,1,2,2.4153846153846152,160.38344281336515
68624,2024-04-21 02:16:00,2,1.91,0,car,55.0,Kazan,0,35,7.6,1.04,13.0,2.0,4,2,0,6,1.9538461538461538,66.42147104620992
3008,2025-06-13 11:50:00,5,5.67,0,bike,40.89902689179051,SPB,0,23,18.3,3.85,1.5,3.0,6,11,0,4,2.514705882352941,100.5635489146031
23860,2024-07-09 05:12:00,4,3.27,0,bike,43.1943022875045,Kazan,0,24,17.7,0.29,7.8,2.0,7,5,0,1,2.03125,67.62352651464649
53916,2024-03-27 00:27:00,2,4.55,0,car,55.0,Moscow,0,36,0.2,2.85,13.7,nan,3,0,0,2,3.871794871794872,11.416351185395492
29023,2024-06-08 01:25:00,3,7.61,0,car,55.0,Kazan,0,18,17.9,2.57,9.8,1.0,6,1,0,5,2.0303030303030303,97.47237351495545
78917,2024-12-23 01:44:00,2,4.92,0,car,55.0,SPB,0,15,1.3,4.06,11.1,3.0,12,1,0,0,2.4242424242424243,67.81555940208264
97412,2025-04-20 22:09:00,3,6.16,0,car,55.0,Kazan,0,30,18.0,1.34,11.1,2.0,4,22,0,6,2.264705882352941,98.74572044009875
13129,2025-05-03 17:36:00,3,2.69,0,scooter,53.6365997086488,SPB,0,35,9.7,6.98,0.7,2.0,5,17,0,5,2.2222222222222223,87.99925040557942
88938,2024-06-03 04:55:00,2,3.79,0,car,55.0,Moscow,0,29,16.4,11.21,15.0,4.0,6,4,1,0,4.116883116883117,91.22624820028693
8347,2024-01-19 00:13:00,3,2.58,0,car,55.0,Moscow,0,36,-2.8,9.77,12.1,4.0,1,0,0,4,3.5064935064935066,91.32251375668288
66990,2025-06-27 16:52:00,5,1.71,0,bike,40.807844015374776,SPB,0,35,20.1,4.33,15.1,3.0,6,16,0,4,2.4927536231884058,81.29279257068595
11133,2024-06-14 08:51:00,4,10.7,0,scooter,49.49166115263669,Moscow,1,9,17.9,2.24,3.0,4.0,6,8,0,4,3.8157894736842106,141.59351600950743
27182,2025-06-23 16:06:00,5,3.33,1,car,55.0,SPB,0,20,19.8,5.4,16.1,3.0,6,16,0,0,2.4925373134328357,58.719855370943435
64538,2025-05-14 22:24:00,3,2.3,0,bike,42.40735828019987,SPB,0,23,6.7,5.43,3.7,3.0,5,22,0,2,2.537313432835821,72.26458533905368
79818,2024-12-04 23:34:00,4,10.04,0,car,55.0,Moscow,1,8,-3.8,7.03,21.7,4.0,12,23,0,2,3.776315789473684,118.62099038190215
36961,2025-02-04 19:04:00,2,9.63,0,car,55.0,SPB,1,8,-11.0,9.63,17.6,4.0,2,19,0,1,2.4225352112676055,131.34003837160412
42338,2025-06-29 02:57:00,5,2.35,0,scooter,55.0,Moscow,0,16,14.3,7.29,11.2,3.0,6,2,0,6,4.184210526315789,62.938467612568886
27727,2025-06-04 00:09:00,5,8.75,0,car,55.0,SPB,1,5,11.3,0.71,0.4,3.0,6,0,0,2,2.6338028169014085,98.43662746913684
9811,2025-05-23 11:03:00,2,3.18,0,car,55.0,Moscow,0,35,23.5,0.62,0.9,4.0,5,11,0,4,3.9743589743589745,82.9133031365202
5128,2024-06-09 03:48:00,4,2.13,0,car,55.0,SPB,0,24,10.5,4.600628491620112,15.9,3.0,6,3,0,6,2.4029850746268657,64.70177975868944
60625,2024-07-13 11:41:00,3,6.72,0,car,55.0,Kazan,0,19,19.3,10.51,18.1,1.0,7,11,0,5,1.9393939393939394,97.21726262789498
13180,2024-01-14 20:09:00,4,4.89,0,car,41.750137119404535,Kazan,0,27,-18.1,1.54,10.2,1.0,1,20,0,6,2.0597014925373136,85.17314975752899
60385,2025-03-25 02:21:00,6,4.27,0,bike,33.0915722275002,Kazan,1,8,-0.7,7.3,6.5,3.0,3,2,0,1,2.161764705882353,78.85403625654727
3088,2024-09-30 02:06:00,4,4.93,0,car,55.0,Kazan,0,32,14.0,6.43,14.1,3.0,9,2,0,0,2.1194029850746268,99.09569283815769
46541,2024-10-06 03:55:00,6,0.57,0,scooter,45.66908855409564,Moscow,0,22,7.3,1.28,17.3,3.0,10,3,0,6,3.710526315789474,55.957197796539646
51436,2025-06-07 14:05:00,4,3.13,0,bike,33.19299505524494,SPB,0,38,18.0,4.600628491620112,5.2,2.0,6,14,0,5,2.391304347826087,95.53386746949099
79675,2025-03-22 03:24:00,3,2.48,0,car,55.0,SPB,0,23,-3.3,4.0,6.1,2.0,3,3,0,5,2.4864864864864864,63.44735393047763
1753,2024-05-10 04:29:00,4,2.47,0,car,55.0,Moscow,1,6,0.7,2.63,16.2,5.0,5,4,0,4,4.025974025974026,51.6839583614028
4653,2025-04-24 14:24:00,2,4.97,0,scooter,49.71730148714787,Moscow,1,14,18.3,3.42,17.7,5.0,4,14,0,3,3.7222222222222223,79.93567047534916
42636,2024-03-11 01:16:00,5,1.66,0,bike,36.82146628990283,Moscow,0,28,-12.8,2.5,2.4,4.0,3,1,0,0,3.8933333333333335,75.36859473682291
26308,2025-01-08 08:00:00,2,2.88,0,bike,36.7621488349067,SPB,1,7,0.3,10.26,12.2,3.0,1,8,0,2,2.4242424242424243,71.68692610248397
19845,2024-09-14 13:39:00,3,4.68,0,bike,36.62098754864886,Moscow,1,9,23.2,0.62,18.8,4.0,9,13,0,5,3.9743589743589745,71.03020024976773
13361,2025-04-04 07:28:00,3,1.43,0,bike,36.41063141303707,Moscow,1,10,4.6,2.4,15.8,5.0,4,7,0,4,3.782051282051282,53.29919586654485
70681,2024-06-11 06:23:00,1,1.16,0,scooter,49.6149146410911,Moscow,1,6,18.1,2.77,3.8,4.0,6,6,0,1,3.6973684210526314,37.978678113472256
5345,2025-06-08 21:41:00,1,3.43,0,car,55.0,SPB,1,9,14.9,8.34,14.8,2.0,6,21,0,6,2.5,57.78226567517414
55306,2024-04-09 09:19:00,2,1.87,0,car,55.0,Moscow,0,31,12.0,0.6,7.1,5.0,4,9,0,1,3.9342105263157894,82.03983390108903
59114,2025-02-05 01:39:00,1,1.82,0,scooter,45.13982819313042,Moscow,1,9,-2.2,20.28,7.0,4.0,2,1,1,2,3.3766233766233764,61.0823622191791
31426,2024-08-12 04:34:00,1,2.22,0,bike,39.395918500296126,Moscow,0,26,11.4,1.8,2.8,4.0,8,4,0,0,4.116883116883117,65.8755412135669
56496,2024-09-02 15:41:00,5,0.61,0,car,55.0,Moscow,0,18,25.8,0.96,15.2,4.0,9,15,0,0,3.5789473684210527,50.397451245189885
28819,2025-01-03 05:06:00,1,0.43,0,car,55.0,Moscow,0,25,-0.4,4.32,23.0,5.0,1,5,0,4,3.75,56.83592099743191
45694,2024-03-21 16:51:00,2,5.7,0,car,55.0,Moscow,0,28,3.3,0.14,13.0,4.0,3,16,0,3,3.6363636363636362,94.38676483967264
18499,2024-05-19 22:13:00,3,5.26,0,car,55.0,Kazan,1,13,13.2,7.81,9.5,1.0,5,22,0,6,2.264705882352941,75.02895616542813
90679,2024-01-18 01:29:00,4,2.52,1,car,55.0,Moscow,0,38,-14.0,0.16,14.0,4.0,1,1,0,3,3.710526315789474,71.81940719221859
47715,2024-11-15 22:44:00,4,4.48,0,bike,33.503041454143556,Kazan,0,37,-0.1,6.41,8.2,3.0,11,22,0,4,2.3015873015873014,112.53649364282603
32751,2025-03-09 22:14:00,4,1.46,0,car,55.0,SPB,0,21,-1.7,2.36,6.4,2.0,3,22,0,6,2.5441176470588234,54.65732684160063
54589,2024-02-16 01:02:00,2,2.69,0,car,55.0,SPB,0,33,-3.4,1.55,0.3,3.0,2,1,0,4,2.338235294117647,75.03166951851856
6971,2024-07-05 19:55:00,4,4.17,0,car,55.0,SPB,1,7,17.5,2.42,7.3,4.0,7,19,0,4,2.315068493150685,73.15698425021743
27155,2025-06-16 12:04:00,4,2.81,0,scooter,53.88993581645081,Moscow,0,16,21.7,12.91,15.7,4.0,6,12,1,0,3.551282051282051,73.452767258526
44163,2024-03-23 16:20:00,3,5.54,0,car,55.0,Moscow,1,11,3.3,1.42,6.5,3.0,3,16,0,5,4.0394736842105265,75.5305792318565
81072,2025-01-15 19:10:00,1,4.72,1,car,55.0,Kazan,1,12,-2.0,2.19,15.5,3.0,1,19,0,2,2.046153846153846,62.43788438148064
74364,2024-11-25 05:10:00,4,4.19,0,car,55.0,Moscow,1,5,-6.7,6.94,13.4,4.0,11,5,0,0,4.116883116883117,63.93043415977187
94301,2025-01-18 02:29:00,3,0.4,0,bike,33.624359958418964,Moscow,0,27,1.1,5.86,17.9,4.0,1,2,0,5,3.779220779220779,64.03511017757627
58707,2024-01-05 05:51:00,4,6.93,0,scooter,48.78408734662869,Moscow,0,30,-27.4,2.74,16.9,4.0,1,5,0,4,3.75,121.86152419548094
3726,2025-06-14 15:48:00,2,1.13,0,car,55.0,Moscow,1,11,17.4,1.68,12.0,3.0,6,15,0,5,3.986666666666667,40.27871153812
80691,2025-02-06 15:29:00,4,3.77,0,car,55.0,Moscow,1,10,-0.8,2.01,2.4,4.0,2,15,0,3,4.078947368421052,63.15853289680625
81910,2024-12-29 15:41:00,2,3.81,0,car,55.0,Kazan,0,27,-5.8,6.6,19.5,1.0,12,15,0,6,2.0,67.91130728402408
26184,2025-03-02 18:56:00,3,11.44,0,car,55.0,SPB,0,36,0.5,12.54,0.4,2.0,3,18,1,6,2.5675675675675675,178.230259365375
12560,2024-05-06 13:09:00,4,4.39,1,scooter,55.0,SPB,0,16,6.0,0.25,4.1,3.0,5,13,0,0,2.3857142857142857,57.63445653770336
87271,2024-06-22 22:27:00,5,0.86,0,car,55.0,Moscow,0,31,13.9,0.3,6.1,3.0,6,22,0,5,4.0,61.31920481789234
39305,2024-08-18 18:53:00,5,1.29,0,car,55.0,SPB,1,12,19.8,4.92,15.9,3.0,8,18,0,6,2.5675675675675675,56.01917883247046
13132,2024-03-04 07:32:00,1,0.72,0,bike,34.44266775511231,Moscow,1,10,-12.4,3.7,6.9,5.0,3,7,0,0,3.9066666666666667,48.43061073163861
36513,2024-07-18 14:05:00,2,12.0,0,car,55.0,Kazan,1,9,26.4,0.13,3.7,2.0,7,14,0,3,2.1470588235294117,123.28517592719572
64888,2024-04-09 21:30:00,3,3.73,0,scooter,48.34342395184287,SPB,1,13,8.6,3.24,19.0,3.0,4,21,0,1,2.3676470588235294,64.3676748194193
97598,2024-10-13 06:41:00,5,6.34,0,car,55.0,SPB,1,11,1.2,1.69,15.5,3.0,10,6,0,6,2.1641791044776117,84.51745536959146
28506,2024-04-08 01:12:00,3,2.17,0,car,55.0,Moscow,0,24,5.2,4.96,15.3,4.0,4,1,0,0,3.8933333333333335,67.43655878799096
83203,2024-10-18 13:42:00,2,0.68,0,car,55.0,Kazan,1,8,7.1,0.77,13.4,2.0,10,13,0,4,1.878787878787879,27.83394301089593
64974,2025-05-16 03:08:00,5,11.48,0,car,55.0,Moscow,1,11,9.7,0.55,6.0,nan,5,3,0,4,3.8666666666666667,19.94863150750337
1675,2024-02-21 12:40:00,2,0.39,0,bike,38.07882928487708,Moscow,1,5,-6.3,6.61,0.6,4.0,2,12,0,2,3.789473684210526,42.6981820159347
7591,2024-08-16 05:53:00,2,1.3,0,scooter,34.01084509779904,Kazan,0,19,12.3,2.1,11.9,2.0,8,5,0,4,2.066666666666667,48.47821694680689
20298,2024-05-18 21:33:00,4,2.05,0,bike,30.444795647135667,Moscow,1,11,13.5,3.6699035187287175,14.3,4.0,5,21,0,5,3.9864864864864864,51.36399586899026
96154,2024-12-18 19:29:00,1,2.36,0,bike,41.76333005471556,Moscow,1,12,-11.7,6.24,15.8,5.0,12,19,0,2,4.026315789473684,78.37541821919484
12816,2024-06-06 17:49:00,4,1.56,1,bike,34.44266775511231,Moscow,1,13,21.2,12.39,9.4,5.0,6,17,1,3,4.012820512820513,73.83341996033353
34697,2025-05-24 18:32:00,1,3.95,0,car,45.85950269980694,Moscow,0,27,26.9,6.26,7.9,3.0,5,18,0,5,3.8701298701298703,91.82492516165343
11803,2024-06-08 10:20:00,4,4.46,0,bike,33.520197773802906,SPB,0,21,15.9,0.65,10.32557238464248,2.0,6,10,0,5,2.3661971830985915,77.13393103436252
32530,2024-02-08 20:01:00,1,8.27,0,scooter,49.71730148714787,SPB,0,21,-20.2,11.32,0.4,3.0,2,20,1,3,2.1857142857142855,120.23880179450734
80904,2024-07-23 02:53:00,2,6.27,0,car,55.0,SPB,0,31,16.6,0.05,8.4,3.0,7,2,0,1,2.5285714285714285,97.20304905763297
26806,2024-05-21 18:10:00,5,5.44,0,bike,36.62098754864886,Moscow,0,20,22.6,8.06,17.0,4.0,5,18,0,1,3.4415584415584415,120.47897011709964
73338,2025-05-30 03:33:00,4,1.64,0,car,55.0,SPB,1,11,15.1,13.63,15.8,3.0,5,3,1,4,2.476923076923077,56.05634952133502
24547,2024-07-15 20:07:00,2,4.64,0,car,55.0,SPB,1,5,19.4,5.512307147912243,11.7,3.0,7,20,0,0,2.289855072463768,60.07303788720424
76222,2024-12-14 11:03:00,3,2.07,0,car,55.0,Kazan,1,12,-9.0,7.83,19.7,1.0,12,11,0,5,1.9393939393939394,38.903608460706366
66011,2024-03-24 18:23:00,4,9.8,0,scooter,45.13982204557147,Moscow,0,20,4.0,0.78,12.4,4.0,3,18,0,6,3.547945205479452,143.14475973676613
21619,2024-01-08 09:27:00,3,0.31,0,bike,28.43607271038636,Kazan,1,12,-21.4,1.22,16.5,2.0,1,9,0,0,2.1285714285714286,42.72600427062551
41044,2025-01-20 12:27:00,4,4.16,0,car,55.0,Kazan,1,9,-2.4,0.79,21.1,3.0,1,12,0,0,2.5,61.88574147216899
54330,2024-09-06 19:28:00,2,7.48,0,bike,41.76333005471556,Moscow,1,10,20.9,0.41,10.4,5.0,9,19,0,4,4.026315789473684,111.40493617969273
24165,2025-03-23 22:37:00,1,2.53,0,car,55.0,Moscow,0,30,1.1,0.68,19.2,3.0,3,22,0,6,3.5921052631578947,65.9513158586374
1922,2025-02-06 14:31:00,2,0.45,1,scooter,53.90710727799128,Moscow,1,11,-1.2,2.01,2.4,4.0,2,14,0,3,3.7222222222222223,27.4219519996196
22999,2025-02-24 10:12:00,4,5.03,1,car,55.0,Moscow,0,16,-11.7,4.55,20.3,4.0,2,10,0,0,3.4025974025974026,72.204151395366
24993,2024-07-30 17:49:00,5,1.86,0,bike,30.997625676503116,SPB,0,20,20.8,6.09,12.0,3.0,7,17,0,1,2.1076923076923078,80.67545994913495
97147,2024-12-20 04:39:00,5,0.8,0,car,55.0,Kazan,0,32,-11.4,2.6,15.7,2.0,12,4,0,4,1.9848484848484849,64.8303050041307
78728,2024-09-01 16:41:00,1,1.43,0,car,55.0,Moscow,1,11,29.1,9.12,14.7,4.0,9,16,0,6,3.32,53.841462221339064
98952,2025-03-19 20:31:00,2,4.2,0,scooter,34.01084509779904,Moscow,1,9,2.7,0.92,14.1,4.0,3,20,0,2,3.883116883116883,64.89732698283487
55198,2024-01-26 12:27:00,1,2.7,0,bike,31.260861704088715,SPB,0,25,-3.9,2.89,15.3,3.0,1,12,0,4,2.3768115942028984,73.79097193031922
56923,2025-02-19 03:27:00,6,7.98,0,bike,35.96575629651888,SPB,0,16,-6.8,2.44,13.3,3.0,2,3,0,2,2.411764705882353,120.18412032349346
35562,2024-05-11 03:39:00,2,8.28,0,scooter,48.67898980658732,Moscow,0,17,6.9,3.6699035187287175,1.0,3.0,5,3,0,5,4.04,105.9242646800368
44670,2025-04-29 20:13:00,3,3.88,0,bike,38.82921835200169,Kazan,0,23,10.4,1.36,4.9,2.0,4,20,0,1,2.0757575757575757,74.96279857362333
89249,2025-05-28 02:05:00,4,4.87,1,scooter,39.091298449230436,Kazan,1,13,14.9,8.97,13.5,2.0,5,2,0,2,2.242424242424242,67.18488274847758
29782,2024-06-13 02:36:00,4,4.8,0,car,55.0,Kazan,1,14,22.1,0.33,9.8,2.0,6,2,0,3,1.9846153846153847,65.80305697223301
63740,2024-05-29 12:02:00,4,5.17,0,bike,39.430915777080756,Kazan,0,27,25.4,3.67,10.3,2.0,5,12,0,2,2.140625,95.52332587889384
89898,2024-07-12 03:08:00,3,1.71,0,scooter,38.31527511177083,Moscow,1,12,16.7,2.55,6.7,4.0,7,3,0,4,3.8666666666666667,50.1062468389068
72421,2024-12-06 16:30:00,2,1.44,0,scooter,34.01084509779904,Moscow,0,25,-5.2,1.92,14.8,4.0,12,16,0,4,3.782051282051282,62.46813729159035
69834,2024-10-07 19:54:00,2,5.91,0,car,55.0,SPB,1,7,9.9,0.48,6.0,3.0,10,19,0,0,2.585714285714286,77.5948408128864
3870,2025-04-18 01:32:00,2,1.41,0,car,55.0,SPB,0,37,10.4,8.33,2.6,3.0,4,1,0,4,2.338235294117647,79.36172172588311
63968,2024-07-11 13:30:00,4,10.94,0,scooter,34.01084509779904,Moscow,0,17,26.3,14.06,6.5,4.0,7,13,1,3,3.8666666666666667,157.50715740861466
24836,2024-08-21 07:05:00,4,3.83,0,scooter,52.32152702875614,SPB,1,8,12.2,2.75,18.3,3.0,8,7,0,2,2.5757575757575757,60.68717251205955
47805,2024-11-29 03:10:00,3,0.37,0,car,55.0,Moscow,1,12,-0.6,5.43,19.1,4.0,11,3,0,4,3.8666666666666667,42.3698297071681
5165,2025-05-24 06:16:00,2,2.97,0,car,55.0,Kazan,0,18,12.1,0.36,1.1,1.0,5,6,0,5,2.2205882352941178,50.8743099669814
80778,2024-04-11 23:14:00,3,3.53,0,car,55.0,SPB,0,24,6.1,4.55,4.0,4.0,4,23,0,3,2.3424657534246576,79.64075098093545
36450,2024-06-28 10:06:00,4,1.04,0,bike,35.76167786475204,Moscow,1,12,22.5,0.92,19.7,nan,6,10,0,4,3.5714285714285716,12.117994425831668
3117,2024-06-16 02:54:00,2,3.9,0,bike,39.11667838566589,Moscow,0,36,15.1,3.67,5.0,3.0,6,2,0,6,4.184210526315789,91.41420174905328
76446,2024-02-11 00:03:00,3,3.44,0,bike,34.21679163845626,Moscow,0,20,-18.7,5.716251278903212,18.1,3.0,2,0,0,6,3.727272727272727,42.44697987774127
5136,2024-11-04 09:09:00,3,4.74,0,car,55.0,Moscow,1,12,-0.9,4.05,19.3,4.0,11,9,0,0,3.776315789473684,66.94242404143539
45959,2024-08-20 06:34:00,3,6.62,1,car,55.0,Moscow,1,8,18.4,2.16,0.2,4.0,8,6,0,1,3.6973684210526314,74.23720908152673
64268,2024-02-17 19:58:00,3,1.75,0,car,55.0,Moscow,0,33,-3.3,6.84,13.7,3.0,2,19,0,5,3.6486486486486487,83.46556254685662
15034,2025-01-31 06:11:00,4,0.54,0,car,55.0,Moscow,0,17,4.2,1.45,17.2,4.0,1,6,0,4,3.831168831168831,50.17249477605627
87004,2024-10-23 16:52:00,3,9.12,0,car,55.0,Moscow,0,36,11.3,0.69,15.5,4.0,10,16,0,2,3.858974358974359,141.2723145190251
70379,2024-11-03 17:51:00,4,2.5,0,scooter,40.06698260588018,SPB,0,20,0.3,6.977453416149069,18.5,2.0,11,17,0,6,2.1538461538461537,71.70227709409701
91263,2025-05-13 09:50:00,1,1.12,1,car,55.0,SPB,1,10,9.8,2.24,4.6,3.0,5,9,0,1,2.8142857142857145,34.581696493463376
82875,2024-06-02 22:00:00,3,6.85,0,car,55.0,SPB,0,37,19.4,4.92,12.7,2.0,6,22,0,6,2.5441176470588234,117.26959957010172
10169,2024-07-06 07:59:00,2,5.49,0,car,55.0,Moscow,1,13,17.0,0.66,10.4,4.0,7,7,0,5,4.0131578947368425,76.82715531887641
46025,2024-02-22 05:36:00,4,7.8,0,car,55.0,Moscow,1,9,-5.0,3.43,9.6,4.0,2,5,0,3,4.246753246753247,100.47503058339336
76715,2024-01-01 06:35:00,1,8.01,0,scooter,39.047551890965785,SPB,0,32,-15.7,3.33,22.5,3.0,1,6,0,0,2.426470588235294,125.36478570702084
51443,2025-06-12 03:46:00,2,2.43,0,car,51.43065228264467,SPB,0,31,10.9,2.24,6.9,4.0,6,3,0,3,2.5714285714285716,73.96425795100289
59090,2024-07-06 02:49:00,5,4.37,0,bike,34.302746560329744,Moscow,1,7,18.7,0.66,10.4,4.0,7,2,0,5,3.779220779220779,66.35321032288435
67025,2024-12-08 13:48:00,3,4.51,0,car,55.0,Moscow,0,17,-2.0,4.42,1.4,3.0,12,13,0,6,3.935064935064935,75.36640478845825
89538,2024-01-16 20:21:00,5,2.26,0,car,55.0,Moscow,0,17,-4.0,2.09,19.5,5.0,1,20,0,1,3.730769230769231,66.09442245871946
24702,2024-11-23 03:05:00,5,2.24,0,car,55.0,SPB,0,20,-0.4,4.56,1.4,2.0,11,3,0,5,2.4864864864864864,62.682360243672605
70833,2024-08-02 07:27:00,1,5.77,0,car,55.0,Moscow,0,20,14.7,3.56,19.7,4.0,8,7,0,4,3.782051282051282,91.05473600130836
61587,2024-12-03 05:36:00,5,3.42,0,bike,31.893950723490853,SPB,0,31,2.6,10.25,0.4,3.0,12,5,0,1,2.464788732394366,101.39855094365538
39224,2025-02-13 05:32:00,3,5.77,0,car,55.0,Kazan,1,11,-6.6,2.93,21.5,2.0,2,5,0,3,2.074626865671642,78.8895915941853
93998,2025-06-03 11:00:00,1,6.65,0,car,55.0,Moscow,0,32,22.3,0.06,3.3,5.0,6,11,0,1,3.831168831168831,107.42929052575886
67969,2024-02-02 19:22:00,1,2.34,0,car,55.0,Moscow,0,15,-4.4,6.61,8.7,4.0,2,19,0,4,4.026315789473684,72.28010514470095
22371,2024-01-12 20:31:00,4,2.88,0,car,55.0,Moscow,1,9,-19.9,0.37,4.2,5.0,1,20,0,4,3.923076923076923,55.38713487140991
85474,2025-04-17 16:01:00,4,3.99,0,car,55.0,Kazan,1,7,19.3,3.63,8.7,2.0,4,16,0,3,1.9206349206349207,56.25691613500326
87349,2024-11-06 09:07:00,5,2.14,0,bike,35.369149670627664,Moscow,0,36,-5.3,0.12,10.3,4.0,11,9,0,2,3.6623376623376624,92.03642942553313
66883,2025-06-24 05:05:00,3,3.37,0,car,55.0,SPB,0,16,13.8,3.38,17.8,3.0,6,5,0,1,2.464788732394366,64.73179747522124
53937,2025-05-24 10:44:00,3,4.3,0,car,55.0,Moscow,0,35,24.3,6.26,7.9,3.0,5,10,0,5,4.175675675675675,98.62124426739098
94386,2025-05-17 01:29:00,3,2.53,0,car,55.0,Kazan,1,8,12.5,0.86,0.3,1.0,5,1,0,5,2.0303030303030303,33.69979618839597
50751,2025-06-09 14:51:00,5,2.8,1,scooter,46.760053354253095,Kazan,0,18,29.6,1.37,5.3,2.0,6,14,0,0,2.0307692307692307,48.60011722971582
75867,2025-05-17 14:51:00,4,5.62,0,scooter,55.0,Moscow,1,9,19.4,4.37,19.3,3.0,5,14,0,5,3.6363636363636362,69.69452519750222
71691,2024-12-05 19:42:00,3,2.92,0,car,55.0,Kazan,1,6,-3.8,1.76,13.2,2.0,12,19,0,3,2.096774193548387,50.237739398269355
26836,2024-07-13 10:39:00,1,5.82,0,scooter,55.0,Moscow,0,22,24.0,0.22,14.8,3.0,7,10,0,5,4.175675675675675,84.26987947335736
41141,2025-05-10 06:52:00,2,5.44,0,car,55.0,SPB,1,5,2.7,0.04,15.7,2.0,5,6,0,5,2.449275362318841,58.68113981186554
84775,2024-01-13 19:27:00,2,2.34,0,scooter,55.0,SPB,0,21,-15.9,1.02,12.1,3.0,1,19,0,5,2.484375,66.03222557778815
38232,2024-04-11 11:57:00,2,3.76,0,car,55.0,Moscow,0,34,15.6,2.88,0.3,4.0,4,11,0,3,3.9864864864864864,89.22649344226434
79776,2024-07-30 04:57:00,2,9.23,0,scooter,45.13982819313042,Moscow,1,5,11.9,10.95,2.1,4.0,7,4,0,1,3.8,118.81201421450459
84858,2024-07-04 13:24:00,2,1.52,0,car,55.0,Moscow,1,13,32.3,0.86,13.0,4.0,7,13,0,3,3.8666666666666667,46.628893517764126
64527,2024-10-23 16:24:00,5,5.58,0,car,55.0,Kazan,0,23,8.5,0.24,10.5,2.0,10,16,0,2,2.046875,85.83169382279986
95626,2025-04-16 07:39:00,3,0.8,0,scooter,52.991687044958624,Moscow,0,31,7.7,13.29,4.0,4.0,4,7,1,2,3.987012987012987,78.79726823445891
10452,2025-05-14 06:38:00,4,3.72,1,scooter,55.0,Kazan,1,7,12.9,4.26,8.9,2.0,5,6,0,2,1.9850746268656716,40.421881031193855
26856,2024-12-26 16:32:00,1,9.5,0,bike,35.5218365044405,Kazan,1,8,-4.0,3.869590301003344,16.1,2.0,12,16,0,3,1.9206349206349207,120.01199506753768
7594,2024-04-03 05:03:00,1,1.34,0,car,55.0,Moscow,0,21,12.6,4.66,16.3,4.0,4,5,0,2,3.68,55.53331485121285
63347,2024-11-14 21:59:00,4,3.39,0,scooter,52.98290027675885,Kazan,0,30,0.0,0.58,11.7,2.0,11,21,0,3,2.238095238095238,75.70827198300951
62738,2025-03-25 03:57:00,3,6.76,0,car,55.0,Kazan,1,5,-1.0,7.3,6.5,3.0,3,3,0,1,2.3833333333333333,86.44700185840028
58878,2024-02-24 15:23:00,4,7.74,1,bike,28.43607271038636,Kazan,1,5,-9.4,3.12,19.3,1.0,2,15,0,5,1.876923076923077,82.6300407226108
6006,2025-03-02 03:07:00,4,0.31,0,scooter,55.0,Kazan,1,8,-9.3,0.03,5.1,2.0,3,3,0,6,2.1639344262295084,26.07053856039093
29081,2024-05-27 07:03:00,4,2.17,0,scooter,48.78408734662869,Moscow,0,16,13.9,3.1,6.7,4.0,5,7,0,0,3.9066666666666667,59.9321755406973
7407,2025-06-06 06:27:00,2,2.59,0,scooter,43.02736698811714,Moscow,1,11,17.0,0.61,7.9,4.0,6,6,0,4,3.831168831168831,51.20905469695278
15944,2024-02-01 10:18:00,3,6.02,0,car,55.0,Kazan,0,35,-6.9,1.28,1.4,3.0,2,10,0,3,2.126984126984127,106.705860110174
70193,2025-01-22 18:04:00,2,1.83,0,car,55.0,Moscow,1,11,-3.2,0.42,6.8,5.0,1,18,0,2,3.6623376623376624,59.96833135211419
16,2024-12-06 03:44:00,5,5.44,0,bike,40.75594245927035,Moscow,0,37,-5.6,1.92,14.8,4.0,12,3,0,4,3.8666666666666667,118.09822975181089
26342,2024-04-05 02:27:00,3,2.28,0,car,55.0,Moscow,1,9,-2.2,7.39,3.8,4.0,4,2,0,4,3.8552631578947367,57.07370357617178
34308,2025-05-14 18:02:00,4,5.85,0,car,55.0,Kazan,1,5,12.6,4.26,8.9,2.0,5,18,0,2,2.1538461538461537,74.80678585986966
96931,2025-06-29 15:41:00,4,0.81,0,bike,38.07882928487708,Moscow,0,27,20.8,7.29,11.2,3.0,6,15,0,6,3.8157894736842106,72.33154415854686
2131,2024-11-30 00:35:00,4,1.38,0,car,55.0,Moscow,1,10,-0.5,7.42,23.8,4.0,11,0,0,5,3.9358974358974357,46.13640736605121
79209,2024-06-18 19:39:00,3,1.79,0,bike,30.444795647135667,Moscow,1,5,20.3,0.13,14.8,4.0,6,19,0,1,3.8701298701298703,48.289285474299675
45199,2025-04-20 03:10:00,2,1.49,0,bike,37.22409459253831,Moscow,0,16,13.5,0.5,5.1,3.0,4,3,0,6,3.710526315789474,46.14302338296753
39645,2025-03-28 23:02:00,5,5.25,0,car,55.0,Kazan,0,32,2.3,0.71,1.1,2.0,3,23,0,4,2.0597014925373136,96.74141320990746
12190,2024-09-21 09:44:00,3,4.46,0,bike,41.76333005471556,Moscow,1,11,14.6,5.21,9.3,3.0,9,9,0,5,3.6973684210526314,81.98864585043303
26805,2025-02-27 16:15:00,4,3.3,0,car,55.0,Moscow,1,6,0.8,2.57,18.0,5.0,2,16,0,3,3.6363636363636362,57.031082872732014
53481,2024-12-14 11:39:00,7,4.72,0,bike,43.09047812324671,Moscow,1,14,-5.1,0.29,16.8,4.0,12,11,0,5,3.486842105263158,79.1150394980631
97246,2024-09-04 12:40:00,2,1.06,0,bike,30.444795647135667,SPB,0,20,22.8,8.34,8.1,4.0,9,12,0,2,2.410958904109589,69.1835144752728
80931,2024-08-18 17:23:00,2,6.01,0,car,55.0,SPB,0,39,20.1,4.92,15.9,3.0,8,17,0,6,2.1538461538461537,120.01523119442848
30226,2024-10-29 13:54:00,2,4.34,0,bike,28.43607271038636,Kazan,0,23,5.4,1.02,13.7,2.0,10,13,0,1,1.9523809523809523,80.4555428588774
2227,2025-03-19 16:34:00,3,1.92,0,bike,35.574343203740504,Moscow,0,36,3.1,0.92,14.1,4.0,3,16,0,2,3.858974358974359,79.80490725589236
63859,2025-03-21 07:57:00,6,3.52,0,bike,38.301186923671516,SPB,0,31,0.1,1.56,0.7,3.0,3,7,0,4,2.3285714285714287,93.74269563510079
14155,2025-06-23 05:07:00,1,3.38,0,car,55.0,Moscow,0,23,11.3,5.44,10.1,5.0,6,5,0,0,4.116883116883117,72.50474263472151
1392,2024-06-21 03:46:00,2,1.63,0,bike,36.82146628990283,SPB,0,20,14.2,8.4,3.2,3.0,6,3,0,4,2.476923076923077,66.76118662588382
33395,2025-03-26 07:44:00,2,4.25,0,car,55.0,Moscow,1,12,1.3,3.21,5.3,4.0,3,7,0,2,3.987012987012987,69.9632487566712
42504,2024-05-03 13:16:00,2,2.47,0,car,55.0,Moscow,1,12,7.2,8.7,16.4,4.0,5,13,0,4,3.935064935064935,62.379856096016255
68136,2025-06-22 10:38:00,2,6.24,0,scooter,55.0,Kazan,0,18,15.6,0.46,3.8,1.0,6,10,0,6,2.0,80.09131107190032
39129,2024-11-16 20:12:00,5,11.94,0,car,55.0,Moscow,1,10,4.7,2.83,1.6,3.0,11,20,0,5,3.8378378378378377,139.62075014558263
96496,2024-06-18 14:12:00,1,4.9,0,car,55.0,Moscow,1,11,22.5,0.13,14.8,4.0,6,14,0,1,3.6,67.92875529794982
59953,2024-03-17 00:52:00,1,0.69,0,scooter,49.86328877279848,Moscow,0,39,-3.4,6.32,16.2,4.0,3,0,0,6,3.727272727272727,71.11934509870757
2086,2024-08-17 18:28:00,1,3.58,0,car,55.0,SPB,1,7,20.8,3.37,17.1,3.0,8,18,0,5,2.4027777777777777,63.240945009815036
14992,2024-11-08 18:50:00,3,2.71,0,scooter,45.13982819313042,Kazan,1,5,-0.2,0.51,15.9,2.0,11,18,0,4,2.0,46.67883639239454
23236,2024-06-08 04:10:00,3,10.3,0,bike,39.395918500296126,SPB,0,26,10.0,0.65,10.32557238464248,2.0,6,4,0,5,2.7,141.55608926671837
90811,2024-04-16 02:22:00,4,1.78,0,scooter,42.827475829915414,Moscow,0,34,3.7,2.62,3.1,4.0,4,2,0,1,3.727272727272727,78.32162437444794
9943,2024-07-27 23:09:00,3,3.36,0,car,55.0,SPB,1,8,20.0,1.38,4.7,2.0,7,23,0,5,2.5,48.5006605688257
66447,2025-01-09 05:06:00,3,0.98,0,bike,33.93675198010838,SPB,1,11,-4.0,1.34,16.8,3.0,1,5,0,3,2.4927536231884058,43.242945478792656
42719,2025-03-12 16:36:00,4,1.6,0,scooter,53.06435092865217,Moscow,0,39,11.0,2.61,12.6,4.0,3,16,0,2,3.858974358974359,85.03651715712171
22041,2024-03-01 22:25:00,3,1.53,0,car,55.0,Moscow,0,18,-1.7,0.0,2.9,4.0,3,22,0,4,3.9466666666666668,47.04684795912496
90264,2024-08-14 21:42:00,5,4.37,0,car,55.0,Moscow,1,7,15.5,2.19,16.1,4.0,8,21,0,2,3.6153846153846154,63.81003829074273
63817,2025-02-17 00:38:00,5,0.71,1,scooter,46.49258940217779,Moscow,0,38,-12.4,1.94,22.7,4.0,2,0,0,0,3.727272727272727,65.22763143740625
28038,2024-08-15 11:22:00,5,6.37,0,bike,34.06066537047135,SPB,1,7,21.9,2.25,3.7,3.0,8,11,0,3,2.619047619047619,87.33815712348537
7039,2024-08-11 19:23:00,2,2.68,0,bike,31.870139968385395,Moscow,1,6,17.6,2.32,20.0,3.0,8,19,0,6,3.96,60.5946256112548
70775,2025-01-25 03:44:00,2,10.19,0,car,55.0,Moscow,1,12,-1.6,6.04,19.1,3.0,1,3,0,5,4.04,125.69902798024637
41665,2024-05-05 18:35:00,5,2.18,0,car,55.0,Moscow,1,11,8.9,2.55,10.5,3.0,5,18,0,6,3.547945205479452,59.87142467582329
93146,2024-06-22 03:57:00,3,0.68,0,car,55.0,Moscow,0,39,12.9,0.3,6.1,3.0,6,3,0,5,4.04,62.62147884710379
18184,2024-11-25 09:13:00,2,4.52,0,scooter,50.81018222286416,Moscow,1,10,-5.2,6.94,13.4,4.0,11,9,0,0,3.776315789473684,82.06797678358771
83750,2025-02-03 00:51:00,2,10.0,0,car,55.0,SPB,0,26,-0.2,4.96,14.8,3.0,2,0,0,0,2.536231884057971,142.262454176291
51819,2025-03-03 19:46:00,3,3.59,0,car,55.0,SPB,0,26,1.1,0.63,9.762717882504843,3.0,3,19,0,0,2.585714285714286,81.80447037655453
37047,2024-02-07 10:54:00,1,8.43,0,car,55.0,Moscow,0,25,-13.6,1.34,1.8,5.0,2,10,0,2,3.5584415584415585,121.5782020305487
6893,2025-01-19 06:17:00,4,4.33,0,bike,34.88035136798393,Kazan,1,7,-0.8,2.96,20.0,1.0,1,6,0,6,1.8923076923076922,55.653314082102604
90176,2024-04-24 13:00:00,2,5.13,0,scooter,50.19968924951003,Moscow,0,39,11.4,1.55,18.5,4.0,4,13,0,2,3.871794871794872,105.64684220302797
1394,2025-02-23 06:06:00,4,5.74,0,bike,35.76167786475204,Moscow,0,36,-13.8,22.11,9.9,3.0,2,6,1,6,3.736842105263158,138.09676106077995
69852,2024-04-13 13:09:00,4,4.3,0,scooter,44.02191382946829,Moscow,0,35,12.1,3.78,3.8,3.0,4,13,0,5,3.9743589743589745,96.65576957060729
61902,2024-05-18 05:50:00,3,1.87,0,car,55.0,Moscow,0,39,6.9,3.6699035187287175,14.3,4.0,5,5,0,5,3.792207792207792,76.25531930767487
92546,2025-05-17 19:07:00,2,2.37,0,car,55.0,Moscow,1,5,18.6,4.37,19.3,3.0,5,19,0,5,3.6486486486486487,47.112268243780036
20887,2025-04-05 22:01:00,3,3.73,0,bike,36.41063141303707,Moscow,1,7,1.9,5.04,17.9,4.0,4,22,0,5,4.0,67.67810875505606
73029,2025-04-21 04:17:00,3,2.33,0,car,55.0,Moscow,1,7,12.5,4.4560500481231955,7.5,4.0,4,4,0,0,4.116883116883117,47.20514033753547
53223,2024-04-25 09:05:00,2,1.3,0,car,55.0,Moscow,1,11,13.6,1.96,9.3,4.0,4,9,0,3,3.871794871794872,54.63035387079029
91746,2025-04-28 12:23:00,4,3.75,0,car,55.0,Moscow,1,10,6.9,0.92,15.1,4.0,4,12,0,0,3.551282051282051,61.7344656162448
14312,2024-10-02 08:53:00,2,1.32,0,car,55.0,Moscow,1,9,9.7,0.83,6.2,4.0,10,8,0,2,3.8493150684931505,51.526048255892505
49483,2024-02-18 08:15:00,3,4.49,0,bike,39.53406196193262,Moscow,1,13,0.3,3.1,0.1,4.0,2,8,0,6,3.8289473684210527,88.82637607274678
22920,2024-06-07 19:26:00,2,0.73,0,car,55.0,Kazan,0,34,22.8,1.01,10.9,2.0,6,19,0,4,1.9855072463768115,64.20886319412678
15387,2025-04-27 10:02:00,2,0.62,1,car,55.0,Moscow,1,13,3.5,3.86,3.5,3.0,4,10,0,6,3.5526315789473686,27.32947404087073
96029,2024-10-29 15:03:00,1,3.09,0,car,55.0,Moscow,0,36,6.5,2.07,15.3,4.0,10,15,0,1,3.9210526315789473,84.04731379181726
58663,2024-01-24 02:32:00,4,0.21,0,car,55.0,Moscow,1,12,-2.3,10.36,15.9,5.0,1,2,0,2,3.8666666666666667,53.368897406538
13895,2025-05-27 21:19:00,2,7.45,0,bike,38.56610576982384,Moscow,1,13,23.7,2.03,1.2,5.0,5,21,0,1,3.5789473684210527,107.48889757614197
40207,2024-05-06 19:51:00,5,3.02,1,scooter,46.760053354253095,Moscow,0,38,6.7,2.04,0.3,5.0,5,19,0,0,3.453333333333333,100.26730889639025
71814,2025-04-11 15:53:00,1,1.95,0,bike,30.58051523310684,Moscow,0,39,2.3,14.75,6.3,4.0,4,15,1,4,3.581081081081081,96.82951780361579
10468,2024-04-24 17:24:00,2,6.93,0,car,55.0,Moscow,1,7,13.1,1.55,18.5,4.0,4,17,0,2,4.012820512820513,98.80034201629958
14196,2024-03-21 08:58:00,5,1.96,0,car,55.0,SPB,0,20,0.3,30.26,2.8,4.0,3,8,1,3,2.3676470588235294,89.39504123456669
36570,2024-11-16 09:21:00,3,4.67,0,bike,33.782298784964645,Moscow,0,25,2.0,2.83,1.6,3.0,11,9,0,5,3.6973684210526314,100.94253444788454
72134,2024-05-14 07:53:00,1,2.09,0,bike,41.46738347715445,Moscow,1,13,3.8,7.82,19.8,4.0,5,7,0,1,3.8846153846153846,66.13848135315997
18307,2025-03-15 13:44:00,2,8.27,0,car,55.0,Moscow,1,9,0.1,0.27,9.7,3.0,3,13,0,5,3.9743589743589745,94.90093206965443
11763,2024-08-31 13:13:00,2,1.45,0,car,55.0,Moscow,0,35,24.6,1.35,19.1,3.0,8,13,0,5,3.9743589743589745,69.69547831450198
10669,2024-08-06 02:18:00,2,5.26,0,car,55.0,SPB,1,7,12.9,8.37,0.2,3.0,8,2,0,1,2.5285714285714285,76.02470325584525
47244,2025-03-18 08:29:00,3,11.93,0,bike,31.870139968385395,Moscow,1,5,-5.9,0.86,7.8,4.0,3,8,0,1,3.8533333333333335,151.62813695451672
32682,2025-06-24 08:44:00,4,3.26,1,bike,35.574343203740504,Moscow,0,35,15.7,1.16,10.9,4.0,6,8,0,1,3.8533333333333335,91.60732480049884
5732,2025-02-17 20:40:00,4,1.63,0,car,55.0,SPB,1,9,-7.3,1.74,23.4,3.0,2,20,0,0,2.289855072463768,44.05475455870273
67731,2024-06-23 13:13:00,3,6.7,0,scooter,54.20006938556093,Moscow,1,5,21.1,0.72,2.2,3.0,6,13,0,6,3.935064935064935,76.11791246944773
40415,2024-05-24 15:47:00,2,6.17,0,car,55.0,Moscow,1,9,19.8,2.84,0.8,5.0,5,15,0,4,3.581081081081081,87.65545227569164
84911,2024-05-20 22:55:00,2,1.85,0,car,55.0,SPB,0,23,10.1,2.97,10.3,4.0,5,22,0,0,2.4057971014492754,62.07892298771578
92909,2025-04-08 10:52:00,2,2.61,1,car,55.0,Kazan,0,29,12.3,2.29,9.8,3.0,4,10,0,1,2.234375,58.239171276385136
6400,2024-04-23 07:05:00,3,1.85,0,scooter,46.44408516513773,SPB,0,25,5.6,19.52,9.8,4.0,4,7,1,1,2.6285714285714286,80.93449238764862
96434,2024-01-30 11:13:00,2,6.76,0,car,55.0,Moscow,0,21,0.3,9.02,2.9,4.0,1,11,0,1,3.831168831168831,108.1896013422067
92247,2024-03-22 14:10:00,4,1.28,0,bike,38.07269195618679,Moscow,0,21,2.6,1.82,5.1,4.0,3,14,0,4,3.7260273972602738,60.345615652782136
94705,2024-03-30 19:25:00,1,6.23,0,car,55.0,SPB,1,10,5.5,21.67,18.6,2.0,3,19,1,5,2.484375,99.6676334040389
28837,2025-05-29 21:54:00,2,1.23,0,scooter,46.44984473997541,Moscow,0,29,26.4,0.76,0.0,4.0,5,21,0,3,3.810810810810811,61.58413242636784
23167,2024-06-20 18:37:00,6,7.81,0,scooter,53.88993581645081,Moscow,1,5,14.5,8.88,3.0,4.0,6,18,0,3,3.554054054054054,115.18622013040533
62131,2025-02-13 05:49:00,4,2.0,0,car,55.0,Kazan,1,5,-6.6,2.93,21.5,2.0,2,5,0,3,2.074626865671642,40.63603520166811
30770,2024-01-23 07:20:00,1,1.23,0,car,55.0,Kazan,0,34,-15.4,0.82,23.4,2.0,1,7,0,1,2.142857142857143,60.62270789349165
72588,2024-09-20 22:21:00,2,10.25,0,scooter,44.79372201513367,Kazan,0,34,13.3,0.7,11.4,3.0,9,22,0,4,2.3015873015873014,147.21614210233201
94020,2024-04-27 16:13:00,4,1.16,0,car,55.0,Moscow,0,25,11.9,7.54,1.8,3.0,4,16,0,5,4.0394736842105265,65.49831857470856
82006,2025-03-02 07:54:00,2,3.58,0,car,55.0,Moscow,0,38,-2.2,0.44,16.6,4.0,3,7,0,6,4.065789473684211,87.44854809452472
75648,2025-06-03 22:53:00,1,5.7,0,car,55.0,SPB,0,33,12.6,1.07,8.7,3.0,6,22,0,1,2.227272727272727,94.40090928082115
95293,2025-04-20 05:44:00,4,2.8,0,car,55.0,SPB,0,36,6.5,4.45,7.3,2.0,4,5,0,6,2.5,84.78556573333631
92682,2024-07-27 11:10:00,3,5.6,0,car,55.0,Moscow,1,12,24.6,1.58,5.2,3.0,7,11,0,5,3.486842105263158,76.52836526248215
23934,2024-04-19 17:40:00,1,8.14,0,car,55.0,Moscow,1,6,10.1,5.97,5.4,5.0,4,17,0,4,3.9473684210526314,115.93860955296122
24717,2024-03-21 14:54:00,1,3.84,0,bike,41.253268832294935,Moscow,1,12,2.7,0.14,13.0,4.0,3,14,0,3,3.7222222222222223,62.2294996666434
92950,2024-05-18 14:34:00,2,2.38,0,car,55.0,Kazan,0,23,14.4,9.04,10.2,1.0,5,14,0,5,2.1176470588235294,64.06677770489347
17345,2025-04-23 02:41:00,4,0.56,0,car,55.0,Moscow,0,28,11.4,0.24,10.5,5.0,4,2,0,2,3.8666666666666667,61.69954260457337
52927,2024-09-24 03:54:00,2,2.25,0,scooter,55.0,Kazan,1,9,8.9,7.1,10.2,3.0,9,3,0,1,2.3833333333333333,52.20022157687551
38247,2024-07-29 22:22:00,3,3.54,0,scooter,46.65016744281999,Moscow,1,9,16.7,1.59,7.6,4.0,7,22,0,0,3.4473684210526314,58.645195485063766
34410,2024-04-21 13:20:00,2,2.34,0,bike,40.142580832377945,Moscow,0,36,14.6,11.55,17.4,4.0,4,13,1,6,3.935064935064935,97.23129741422075
22556,2024-03-26 03:12:00,3,11.17,0,car,55.0,Kazan,1,8,-2.5,2.94,1.7,2.0,3,3,0,1,2.3833333333333333,132.88840465358192
27090,2024-12-17 02:13:00,3,5.73,0,scooter,55.0,Moscow,0,23,-1.0,2.55,22.6,4.0,12,2,0,1,3.727272727272727,92.51693282880402
8281,2024-12-24 21:02:00,5,0.72,0,car,55.0,Moscow,1,11,0.0,3.02,4.4,4.0,12,21,0,1,3.5789473684210527,44.9056759987602
37469,2025-03-21 14:36:00,1,1.57,0,car,55.0,Moscow,1,5,8.2,4.74,7.6,4.0,3,14,0,4,3.7260273972602738,42.10463976516464
54753,2024-11-01 18:43:00,5,6.26,0,scooter,50.81018222286416,Kazan,1,11,1.4,12.92,5.2,2.0,11,18,1,4,2.0,100.22219439139997
73610,2024-04-30 11:34:00,1,0.54,0,car,55.0,SPB,0,35,11.1,2.14,16.6,3.0,4,11,0,1,2.53125,62.55469787484302
77406,2025-02-26 13:50:00,2,10.08,0,bike,42.8376824131858,Moscow,1,11,-2.6,0.33,0.6,4.0,2,13,0,2,3.871794871794872,127.00749575064782
20288,2024-08-26 05:19:00,6,4.75,1,car,55.0,Kazan,0,18,14.2,1.65,9.8,2.0,8,5,0,0,2.0307692307692307,65.18813397790701
45579,2025-01-27 00:58:00,5,1.5,0,car,55.0,Moscow,0,37,1.5,10.21,16.5,4.0,1,0,0,0,3.727272727272727,93.00848058747573
33219,2024-09-09 00:22:00,5,4.85,0,scooter,53.90710727799128,Moscow,0,34,13.8,14.15,7.2,5.0,9,0,1,0,3.727272727272727,119.11455107454094
11849,2024-08-08 21:06:00,4,5.27,0,car,55.0,SPB,0,39,17.2,1.48,15.4,4.0,8,21,0,3,2.2916666666666665,112.36362692247903
33481,2025-05-24 03:57:00,2,1.41,0,scooter,55.0,SPB,1,8,10.0,2.61,8.5,2.0,5,3,0,5,2.4864864864864864,37.34050831706563
49263,2024-07-05 03:30:00,2,2.79,0,car,55.0,SPB,1,6,17.2,2.42,7.3,4.0,7,3,0,4,2.476923076923077,49.487300129284506
25373,2024-03-11 20:24:00,3,6.17,0,scooter,55.0,Moscow,0,18,-0.8,2.5,2.4,4.0,3,20,0,0,3.779220779220779,95.1835792027443
85077,2024-09-11 15:44:00,4,1.14,0,car,55.0,SPB,0,26,20.8,3.0,19.4,3.0,9,15,0,2,2.3692307692307693,64.38405695106688
98330,2025-03-07 11:05:00,4,2.74,0,scooter,49.49166115263669,Kazan,0,19,-0.4,3.85,17.8,2.0,3,11,0,4,2.1875,62.73444265753934
41339,2024-09-23 01:18:00,3,6.27,0,bike,37.21804023678132,SPB,0,32,7.0,6.09,13.4,3.0,9,1,0,0,2.4242424242424243,118.80527805804667
80756,2024-09-29 19:57:00,6,3.21,0,car,55.0,Moscow,1,11,12.8,0.82,3.7,3.0,9,19,0,6,3.96,64.0776787883216
87623,2025-01-16 15:58:00,2,4.83,0,car,55.0,Moscow,0,36,-0.2,0.38,1.8,5.0,1,15,0,3,4.078947368421052,101.65993863557122
35088,2025-01-14 02:54:00,2,3.38,0,scooter,55.0,Moscow,1,5,-7.7,2.73,4.5,5.0,1,2,0,1,3.727272727272727,56.53066280962148
30081,2024-01-09 11:07:00,2,2.57,0,car,55.0,Moscow,0,27,-8.8,3.73,10.6,5.0,1,11,0,1,3.831168831168831,76.24508391629371
93948,2024-11-17 13:28:00,2,5.29,0,bike,38.8266233036702,Moscow,0,16,5.8,34.3,21.1,3.0,11,13,1,6,3.935064935064935,113.4671345004262
60144,2024-03-10 05:31:00,4,4.0,0,car,55.0,Moscow,1,12,-12.2,3.04,18.0,3.0,3,5,0,6,3.7866666666666666,64.66078663770796
68705,2024-08-29 03:13:00,3,2.06,0,bike,38.162502640513864,Moscow,1,6,15.5,4.19,18.2,4.0,8,3,0,3,3.779220779220779,42.713641917122246
97474,2024-08-29 22:34:00,2,1.93,0,bike,41.219692330682875,SPB,0,23,14.8,2.09,13.6,4.0,8,22,0,3,2.4558823529411766,64.91393471128015
85471,2024-08-11 06:39:00,3,3.36,0,car,55.0,SPB,1,14,13.6,3.25,5.3,2.0,8,6,0,6,2.1641791044776117,57.31391521081079
90405,2024-03-08 05:07:00,3,7.6,1,bike,34.060510655019456,SPB,0,32,-1.0,10.52,6.7,3.0,3,5,0,4,2.2318840579710146,128.32954960211728
24708,2024-05-07 04:12:00,5,7.78,0,scooter,44.79372201513367,Kazan,0,19,-0.4,1.22,1.7,2.0,5,4,0,1,2.1384615384615384,108.72717033605521
51593,2024-04-19 15:21:00,3,3.77,0,bike,40.89902689179051,Moscow,0,36,13.9,5.97,5.4,5.0,4,15,0,4,3.581081081081081,102.77187619266255
75819,2025-04-17 21:32:00,3,4.69,0,car,54.680479951338505,Moscow,1,9,13.9,5.32,10.8,nan,4,21,0,3,3.810810810810811,10.873435274504672
29628,2025-06-16 05:20:00,2,4.79,0,bike,42.191249465282176,Moscow,1,14,13.2,12.91,15.7,4.0,6,5,1,0,4.116883116883117,92.5652354428597
48027,2025-04-17 09:57:00,2,3.2,0,car,55.0,Moscow,0,15,11.3,5.32,10.8,nan,4,9,0,3,3.871794871794872,11.711774712286307
11919,2024-02-03 15:51:00,4,2.38,0,car,55.0,SPB,1,10,0.2,10.95,13.1,3.0,2,15,0,5,2.373134328358209,58.26871457230473
52436,2024-02-11 17:17:00,3,3.06,0,bike,40.52713657796784,Moscow,0,38,-7.7,5.716251278903212,18.1,3.0,2,17,0,6,4.0,61.931976016730914
1830,2024-09-15 11:20:00,4,0.16,0,car,55.0,Kazan,0,24,22.1,17.17,16.3,1.0,9,11,1,6,1.953125,59.82734151900201
16233,2024-12-06 13:01:00,2,6.97,0,bike,40.804334648574,Moscow,1,5,-5.7,1.92,14.8,4.0,12,13,0,4,3.935064935064935,89.84268930814984
23190,2024-09-19 01:51:00,3,7.56,0,car,55.0,Moscow,1,9,11.2,3.57,16.7,4.0,9,1,0,3,3.710526315789474,97.50966101436634
38382,2025-04-06 01:23:00,3,3.06,0,bike,44.833362383592664,Moscow,0,38,-0.2,0.07,0.7,3.0,4,1,0,6,3.8181818181818183,82.13317530700571
84068,2025-06-02 21:19:00,2,2.03,0,scooter,44.50215595557376,Moscow,0,35,21.2,4.39,9.0,4.0,6,21,0,0,3.8026315789473686,77.9932478799145
67871,2025-04-12 04:20:00,1,3.18,0,bike,33.93675198010838,SPB,0,23,-5.9,6.5199082568807345,0.4,3.0,4,4,0,5,2.7,77.24238781974138
16400,2025-02-20 22:42:00,4,5.09,1,scooter,39.047551890965785,Moscow,1,5,-9.1,9.56,22.1,4.0,2,22,0,3,3.5789473684210527,57.97519648795269
18588,2024-11-26 08:09:00,3,5.3,0,car,55.0,Moscow,0,27,-2.5,11.66,0.1,5.0,11,8,1,1,3.8533333333333335,119.99813809298954
97846,2024-05-02 03:49:00,3,7.58,0,car,55.0,Moscow,1,11,5.3,20.55,9.875,4.0,5,3,1,3,3.779220779220779,114.08591765681452
97148,2024-03-30 10:18:00,3,3.56,0,bike,34.21679163845626,SPB,0,16,5.1,21.67,18.6,2.0,3,10,1,5,2.3661971830985915,89.71181432879513
33534,2024-01-03 18:14:00,1,3.56,0,car,55.0,Kazan,0,37,-17.1,3.04,14.1,2.0,1,18,0,2,2.1538461538461537,86.70239083380416
7431,2024-04-30 16:37:00,5,4.18,0,car,55.0,Moscow,1,6,21.1,1.31,1.9,4.0,4,16,0,1,3.8157894736842106,61.33751483707947
39867,2025-04-11 12:17:00,2,4.26,1,scooter,44.50215595557376,Kazan,0,19,8.1,4.45,14.1,2.0,4,12,0,4,2.0476190476190474,59.600874781455516
21552,2024-02-24 23:27:00,4,0.87,0,car,55.0,Moscow,0,38,1.1,5.17,7.2,3.0,2,23,0,5,4.076923076923077,76.38546957402662
31789,2024-02-24 20:48:00,2,5.52,0,scooter,49.00620380326575,Moscow,0,30,1.3,5.17,7.2,3.0,2,20,0,5,3.8378378378378377,98.51240780118137
79414,2024-08-30 00:51:00,2,6.32,0,bike,31.260861704088715,SPB,0,38,13.4,10.65,0.0,4.0,8,0,0,4,2.2903225806451615,127.43595848233215
46790,2024-01-01 14:17:00,2,2.32,0,scooter,45.13982204557147,Moscow,0,36,-15.7,5.720882520402354,23.0,4.0,1,14,0,0,4.142857142857143,29.751653719033065
83867,2024-10-18 15:00:00,3,1.98,0,car,55.0,Moscow,0,35,7.7,1.72,0.0,4.0,10,15,0,4,3.581081081081081,78.96676040393739
58671,2024-05-06 21:13:00,4,0.74,0,bike,38.82921835200169,Moscow,0,20,5.9,2.04,0.3,5.0,5,21,0,0,3.8026315789473686,62.275878727977386
11107,2024-04-22 12:58:00,6,0.62,0,car,55.0,Moscow,0,30,16.4,7.93,19.3,4.0,4,12,0,0,3.551282051282051,78.73448174043153
64990,2024-07-25 10:13:00,5,1.03,0,car,55.0,Moscow,1,6,22.4,0.24,4.7,4.0,7,10,0,3,3.782051282051282,33.856575196905986
43939,2024-03-17 17:41:00,3,7.31,0,bike,25.996363720780828,SPB,0,15,-2.0,0.34,16.2,2.0,3,17,0,6,2.1538461538461537,108.1819568041004
55045,2025-06-12 18:40:00,3,7.54,0,car,55.0,Kazan,1,14,21.0,0.57,10.8,2.0,6,18,0,3,2.09375,96.74852430341247
26295,2024-06-18 10:57:00,2,2.61,0,scooter,49.00620380326575,SPB,0,33,18.8,10.26,14.0,3.0,6,10,0,1,2.564516129032258,84.34564591668168
87338,2025-04-16 17:40:00,4,4.82,0,bike,38.8266233036702,Moscow,1,6,19.6,13.29,4.0,4.0,4,17,1,2,4.012820512820513,97.38388042072684
50314,2024-06-23 22:55:00,1,4.13,1,car,55.0,Moscow,1,7,15.6,0.72,2.2,3.0,6,22,0,6,3.5921052631578947,41.55399738101293
70535,2024-04-14 08:55:00,2,3.09,0,car,55.0,Moscow,1,11,7.5,10.69,17.5,nan,4,8,0,6,3.8289473684210527,13.754962493193084
41087,2024-08-21 22:41:00,1,3.58,0,bike,36.41063141303707,Moscow,0,21,16.6,4.1,15.4,5.0,8,22,0,2,4.0,71.43374440839001
87301,2024-12-08 16:17:00,3,2.82,0,bike,34.060510655019456,Kazan,0,37,-6.1,5.64,7.6,1.0,12,16,0,6,1.9428571428571428,82.35127820738597
44168,2025-05-20 18:19:00,3,4.7,0,car,55.0,Kazan,0,31,12.5,7.06,1.7,3.0,5,18,0,1,1.9661016949152543,106.22120417691471
64683,2024-01-14 22:52:00,3,0.9,0,car,55.0,SPB,0,24,-11.1,16.86,17.5,2.0,1,22,1,6,2.5441176470588234,63.972903076003924
95355,2024-07-29 20:12:00,5,3.39,0,bike,36.673060427125655,Moscow,0,28,17.7,1.59,7.6,4.0,7,20,0,0,3.779220779220779,87.52097297559156
34000,2024-07-16 09:47:00,2,2.68,0,bike,40.879308302895126,Moscow,0,29,25.2,3.29,7.0,4.0,7,9,0,1,3.9342105263157894,90.54431739835206
30936,2024-10-18 14:02:00,4,9.41,0,car,55.0,Kazan,0,32,7.3,0.77,13.4,2.0,10,14,0,4,2.014705882352941,136.16146659648192
28089,2024-12-05 08:18:00,3,4.25,0,scooter,50.502841360509194,Moscow,0,30,-6.0,5.55,19.4,5.0,12,8,0,3,3.9210526315789473,104.57972198926387
36526,2024-10-25 03:19:00,2,2.38,0,car,55.0,SPB,0,35,4.8,1.82,15.6,4.0,10,3,0,4,2.476923076923077,79.63121904594477
7455,2025-06-04 06:13:00,2,3.02,0,car,55.0,Moscow,0,32,14.8,0.78,11.2,5.0,6,6,0,2,3.769230769230769,80.67487936266396
11331,2024-09-16 09:46:00,2,11.12,0,car,55.0,SPB,0,32,17.4,4.42,9.0,3.0,9,9,0,0,2.417910447761194,170.24262119871452
5630,2024-02-04 07:56:00,2,3.01,0,scooter,43.02736698811714,Kazan,1,9,-8.0,4.1,6.7,1.0,2,7,0,6,1.8636363636363635,50.08590588945134
79153,2025-02-16 13:37:00,1,3.56,0,car,55.0,SPB,1,12,-9.2,11.85,20.4,2.0,2,13,1,6,2.5303030303030303,62.905269214724235
60626,2025-03-05 07:41:00,3,4.81,0,car,55.0,Moscow,0,31,0.1,2.82,2.8,4.0,3,7,0,2,3.987012987012987,96.18822072962557
23215,2025-04-03 20:17:00,3,1.45,0,car,55.0,Moscow,0,17,9.6,3.77,9.7,4.0,4,20,0,3,3.688311688311688,54.77979797990362
94775,2024-05-23 05:31:00,1,0.97,0,car,55.0,Moscow,0,25,8.2,0.98,9.8,4.0,5,5,0,3,4.246753246753247,53.0520401007947
41337,2024-02-14 05:37:00,5,3.46,0,car,55.0,Moscow,0,39,-12.5,8.75,7.3,5.0,2,5,0,2,3.68,110.95313995599474
89992,2025-01-29 23:14:00,4,4.34,0,car,55.0,Kazan,1,5,0.8,0.5,18.7,3.0,1,23,0,2,2.1129032258064515,55.328459564271284
79940,2025-03-24 09:33:00,5,5.89,0,scooter,52.991687044958624,Moscow,0,18,1.3,3.43,5.8,5.0,3,9,0,0,3.776315789473684,109.52096413949971
96242,2024-10-15 18:56:00,1,3.56,0,scooter,48.34342395184287,SPB,0,22,6.9,9.4,7.8,3.0,10,18,0,1,2.4444444444444446,85.719715604855
12383,2024-02-17 03:15:00,4,7.17,0,scooter,55.0,Moscow,0,17,-8.9,6.84,13.7,3.0,2,3,0,5,4.04,102.36022654719005
567,2024-03-01 02:38:00,3,2.99,0,scooter,54.69739406908258,Moscow,0,27,-0.7,0.0,2.9,4.0,3,2,0,4,3.8552631578947367,70.8752718870569
98223,2024-07-22 11:21:00,3,4.36,0,scooter,45.651242794209146,Kazan,0,24,18.1,1.19,13.2,2.0,7,11,0,0,2.0163934426229506,75.82042964935742
68420,2024-02-11 16:59:00,3,5.74,0,scooter,52.32152702875614,Moscow,1,12,-7.2,5.716251278903212,18.1,3.0,2,16,0,6,3.32,45.21475152301988
12308,2024-09-04 23:26:00,3,8.66,0,car,55.0,Moscow,0,37,13.4,0.55,12.7,5.0,9,23,0,2,3.776315789473684,141.05907704484864
82041,2024-03-23 16:39:00,2,1.3,0,car,55.0,SPB,0,32,1.8,21.09,13.8,2.0,3,16,1,5,2.4393939393939394,78.4430700148861
98964,2024-03-11 03:47:00,4,2.11,0,car,55.0,Kazan,0,32,-17.4,3.64,11.6,2.0,3,3,0,0,1.9827586206896552,74.00890348126072
22633,2025-05-12 15:09:00,4,0.66,0,car,55.0,SPB,0,20,13.1,1.74,12.6,nan,5,15,0,0,2.6818181818181817,11.331754224627993
38038,2025-06-19 22:59:00,2,11.62,0,car,55.0,SPB,0,31,13.8,0.25,12.7,3.0,6,22,0,3,2.4558823529411766,154.93161605672603
94586,2024-10-29 13:59:00,6,1.68,0,bike,37.632500976867355,SPB,1,7,5.9,3.65,19.4,3.0,10,13,0,1,2.5,48.03686808852928
52143,2024-04-11 05:17:00,1,1.47,0,car,55.0,Moscow,0,35,12.5,2.88,0.3,4.0,4,5,0,3,4.246753246753247,68.91013098437975
94669,2024-02-06 00:20:00,4,4.16,0,car,55.0,Moscow,1,11,-7.4,3.52,21.1,4.0,2,0,0,1,3.779220779220779,67.15247075671023
98544,2024-09-27 05:20:00,3,5.57,0,car,55.0,Moscow,0,39,15.9,1.37,6.9,4.0,9,5,0,4,3.75,109.02609664766086
8878,2024-07-07 07:36:00,5,1.12,0,scooter,52.991687044958624,Kazan,1,5,20.6,0.04,14.2,1.0,7,7,0,6,1.8636363636363635,19.291963458667333
84302,2025-02-03 12:25:00,3,3.31,0,bike,40.75594245927035,Kazan,0,24,-0.4,11.12,17.0,2.0,2,12,1,0,2.5,85.65684834136718
83435,2024-03-16 16:06:00,6,1.29,0,car,55.0,Moscow,1,14,4.4,9.44,9.9,3.0,3,16,0,5,4.0394736842105265,54.701959765691754
33642,2024-09-08 05:52:00,1,6.08,0,scooter,49.00620380326575,Kazan,0,29,15.2,0.08,14.6,1.0,9,5,0,6,2.289855072463768,85.81528083917759
86564,2024-12-21 07:55:00,3,4.34,0,scooter,44.02191382946829,SPB,1,9,-4.1,4.25,10.6,2.0,12,7,0,5,2.6027397260273974,61.27150825319052
86232,2024-08-12 15:02:00,1,3.38,0,bike,40.61012440281896,Moscow,1,9,18.5,1.8,2.8,4.0,8,15,0,0,3.5789473684210527,59.837548670071435
70430,2024-10-17 10:12:00,3,4.07,0,scooter,52.378878477670696,Moscow,1,11,3.6,18.88,11.0,4.0,10,10,1,3,3.782051282051282,79.85887616747276
51720,2024-09-29 02:40:00,1,1.4,0,scooter,45.44612180823244,Kazan,1,5,16.2,1.26,11.5,1.0,9,2,0,6,1.9538461538461538,28.91601994863307
35863,2025-01-18 07:51:00,2,0.75,0,car,55.0,SPB,0,35,2.6,7.58,16.8,3.0,1,7,0,5,2.6027397260273974,72.82509537801083
81778,2024-09-16 08:44:00,2,9.53,0,bike,40.142580832377945,Moscow,1,13,13.9,2.24,10.8,4.0,9,8,0,0,3.6315789473684212,136.26261939349686
56106,2024-02-10 14:12:00,3,0.84,1,car,55.0,Kazan,1,12,-14.5,4.86,15.1,1.0,2,14,0,5,2.1176470588235294,23.63365685486872
54285,2025-05-11 10:02:00,1,1.16,0,car,55.0,SPB,0,32,5.7,4.76,18.3,2.0,5,10,0,6,2.2465753424657535,61.81462698532107
92029,2024-08-12 03:02:00,1,1.07,0,bike,31.870139968385395,SPB,0,37,14.4,6.45,14.0,4.0,8,3,0,0,2.5652173913043477,76.14292856592752
69390,2024-12-17 06:17:00,2,5.26,0,scooter,51.84792119327856,SPB,1,11,-8.6,6.58,17.3,3.0,12,6,0,1,2.272727272727273,77.43038139760444
25262,2024-02-07 01:38:00,3,3.21,0,bike,34.06066537047135,SPB,0,23,-11.8,8.88,4.7,3.0,2,1,0,2,2.4153846153846152,83.54500844236813
95577,2024-11-23 21:00:00,3,4.07,0,car,55.0,Moscow,1,11,0.2,2.94,20.6,3.0,11,21,0,5,3.9864864864864864,65.70331003994873
30846,2024-03-16 02:45:00,5,2.1,1,car,55.0,Moscow,0,30,-3.2,9.44,9.9,3.0,3,2,0,5,3.779220779220779,70.13209244000915
78804,2024-07-06 15:25:00,4,4.81,0,car,55.0,Moscow,0,18,23.0,0.66,10.4,4.0,7,15,0,5,3.986666666666667,78.53412982598935
80434,2024-11-13 22:06:00,5,3.18,1,car,55.0,Moscow,0,34,0.7,0.64,8.9,5.0,11,22,0,2,4.0,79.52501278360558
21015,2024-04-25 17:34:00,4,0.86,0,bike,36.7621488349067,Moscow,0,30,19.2,1.96,9.3,4.0,4,17,0,3,4.012820512820513,81.67565888268234
18751,2024-12-19 07:48:00,2,5.36,0,car,55.0,Moscow,0,39,-18.7,6.56,20.5,nan,12,7,0,3,3.5,5.174898787664375
74092,2024-09-10 09:30:00,2,2.72,0,car,55.0,Moscow,0,39,18.5,2.23,18.7,4.0,9,9,0,1,3.9342105263157894,97.75421180991941
36118,2024-03-05 17:10:00,2,2.77,0,bike,38.01026765395612,Moscow,1,7,-2.2,4.97,11.1,5.0,3,17,0,1,3.4266666666666667,73.88830382641677
9052,2025-05-11 14:05:00,2,3.5,0,bike,31.260861704088715,Moscow,0,36,8.3,1.82,6.4,3.0,5,14,0,6,3.971830985915493,88.85454339142515
95277,2024-04-02 23:34:00,5,3.45,0,car,55.0,Kazan,0,33,3.9,10.24,18.5,2.0,4,23,0,1,1.791044776119403,92.56453436161449
44405,2024-06-13 01:14:00,3,4.07,0,car,55.0,SPB,1,6,14.0,1.92,1.5,4.0,6,1,0,3,2.208955223880597,58.2920372856895
30407,2024-04-07 10:55:00,1,4.65,0,car,55.0,Moscow,0,27,8.6,0.62,2.2,nan,4,10,0,6,3.5526315789473686,10.989609309951284
12197,2024-08-30 13:12:00,4,6.98,0,car,55.0,Moscow,0,16,23.1,4.87,18.4,4.0,8,13,0,4,3.935064935064935,103.54401040521083
83034,2025-03-27 14:47:00,1,3.45,0,car,55.0,Moscow,1,5,7.5,3.79,18.4,4.0,3,14,0,3,3.7222222222222223,52.35197738877358
69041,2024-03-21 21:46:00,2,2.83,0,car,55.0,Moscow,0,22,-2.9,0.14,13.0,4.0,3,21,0,3,3.810810810810811,61.36420151207855
21614,2025-01-26 09:08:00,2,1.95,0,bike,39.430915777080756,Moscow,0,38,1.5,5.720882520402354,21.9,3.0,1,9,0,6,3.8133333333333335,51.009680997752824
39107,2024-05-04 05:35:00,3,4.19,0,car,55.0,SPB,0,36,3.0,1.27,1.1,3.0,5,5,0,5,2.7,92.95016208181558
70018,2025-06-26 05:20:00,2,8.21,0,car,55.0,SPB,1,8,12.3,7.04,11.1,4.0,6,5,0,3,2.4927536231884058,104.97153434871358
57431,2025-04-23 03:29:00,3,4.74,1,bike,34.302746560329744,SPB,1,10,7.6,0.22,7.9,4.0,4,3,0,2,2.411764705882353,56.28604848696976
56779,2024-08-22 11:47:00,1,5.45,0,bike,30.58051523310684,Moscow,1,9,21.3,6.76,8.4,4.0,8,11,0,3,3.9864864864864864,90.03195128955782
15509,2025-06-23 21:47:00,1,1.94,0,car,55.0,SPB,0,21,16.2,5.4,16.1,3.0,6,21,0,0,2.5652173913043477,51.31503273127857
6259,2025-04-27 03:57:00,1,3.3,0,car,55.0,SPB,1,13,-2.0,4.74,3.5,2.0,4,3,0,6,2.4029850746268657,56.533918946873165
14812,2025-05-17 22:33:00,5,1.23,1,car,55.0,SPB,0,17,9.4,1.2,4.0,2.0,5,22,0,5,2.361111111111111,33.6407221787599
79908,2024-07-11 19:24:00,6,4.21,0,car,55.0,Moscow,0,31,26.4,14.06,6.5,4.0,7,19,1,3,3.5657894736842106,117.14998652528384
88377,2024-02-18 20:02:00,1,1.46,0,bike,41.253268832294935,Moscow,1,11,-4.6,3.1,0.1,4.0,2,20,0,6,4.0131578947368425,52.17246347702152
71731,2025-06-21 04:04:00,4,1.46,0,bike,36.62098754864886,Kazan,0,17,13.7,6.5,8.5,2.0,6,4,0,5,2.3333333333333335,59.004195811494995
59039,2024-06-01 00:59:00,1,4.53,0,car,55.0,SPB,1,7,17.4,5.17,15.8,2.0,6,0,0,5,2.4571428571428573,60.321387377230444
53068,2025-02-17 12:02:00,2,2.58,0,scooter,47.978038395195696,Moscow,1,9,-11.3,1.94,22.7,4.0,2,12,0,0,3.551282051282051,49.02021812894458
36691,2025-04-17 19:42:00,4,3.27,1,car,55.0,Kazan,1,12,15.4,3.63,8.7,2.0,4,19,0,3,2.096774193548387,49.588332296703975
93134,2024-01-18 17:11:00,6,2.45,0,bike,33.624359958418964,Kazan,1,7,-19.3,0.31,4.5,2.0,1,17,0,3,2.0163934426229506,47.672767955761145
85264,2024-06-10 21:15:00,3,1.48,0,car,55.0,SPB,1,8,15.8,3.42,3.2,4.0,6,21,0,0,2.5652173913043477,44.06203041868997
26853,2024-12-31 07:48:00,2,5.05,0,bike,35.76167786475204,Moscow,1,10,-1.0,3.71,3.0,4.0,12,7,0,1,3.8846153846153846,78.49522765261507
35103,2025-06-09 06:41:00,2,6.92,0,bike,35.574343203740504,Moscow,0,21,18.8,1.3,13.1,5.0,6,6,0,0,3.8133333333333335,111.78532443309834
73128,2024-01-24 07:46:00,1,7.57,0,car,55.0,Moscow,1,5,-2.6,10.36,15.9,5.0,1,7,0,2,3.987012987012987,103.50821650517297
22811,2025-05-07 19:01:00,4,16.53,0,scooter,45.13982819313042,Moscow,1,6,11.8,5.14,17.2,5.0,5,19,0,2,4.026315789473684,197.33609792274095
47653,2025-05-29 21:03:00,2,2.18,1,scooter,55.0,Moscow,0,17,26.4,0.76,0.0,4.0,5,21,0,3,3.810810810810811,44.10325431825319
51804,2024-05-27 10:13:00,3,7.6,0,bike,33.782298784964645,SPB,0,21,19.9,0.41,4.9,3.0,5,10,0,0,2.5277777777777777,107.98609489935748
3928,2024-01-13 08:59:00,4,2.98,0,scooter,46.7981431143761,Kazan,1,5,-22.9,2.28,6.8,2.0,1,8,0,5,1.9857142857142858,50.90309403563582
26378,2024-04-17 21:58:00,3,1.13,0,car,55.0,SPB,1,8,-0.8,15.92,17.3,3.0,4,21,1,2,2.292307692307692,49.91914773562965
45827,2024-05-02 01:06:00,1,2.98,0,car,41.750137119404535,Moscow,1,6,6.4,20.55,9.875,4.0,5,1,1,3,3.710526315789474,69.9774973017462
74961,2025-02-02 19:53:00,3,2.2,0,scooter,40.78423204435535,Moscow,1,12,-0.1,5.26,8.8,3.0,2,19,0,6,3.96,62.42724219114109
61638,2024-05-13 14:15:00,2,5.5,0,bike,41.219692330682875,Moscow,1,10,7.4,0.67,17.9,4.0,5,14,0,0,4.142857142857143,79.2514961164591
55293,2024-01-12 15:32:00,2,10.36,0,scooter,54.69739406908258,Kazan,0,24,-17.9,3.85,20.4,2.0,1,15,0,4,1.96875,137.23188942405568
98025,2024-03-12 15:04:00,2,7.85,0,bike,40.58851705937706,Moscow,0,17,1.9,1.5,5.8,4.0,3,15,0,1,3.9210526315789473,112.733721993328
11481,2024-12-31 17:25:00,3,0.77,1,car,55.0,SPB,0,38,-1.4,4.78,15.6,3.0,12,17,0,1,2.1076923076923078,70.90368809989634
14558,2024-01-06 18:27:00,4,1.74,0,scooter,45.44612180823244,Moscow,0,35,-16.8,17.65,22.0,4.0,1,18,1,5,3.8701298701298703,102.39100342563218
41488,2024-05-10 10:00:00,3,8.9,0,scooter,53.88993581645081,SPB,0,32,5.5,18.23,3.6,nan,5,10,1,4,2.323943661971831,13.924016504053519
92763,2024-07-13 08:38:00,4,7.0,0,scooter,50.22988603518088,Moscow,1,13,22.6,0.22,14.8,3.0,7,8,0,5,3.527027027027027,98.70026300006799
35054,2024-07-29 22:39:00,5,4.13,0,car,55.0,SPB,1,7,19.3,0.75,17.5,3.0,7,22,0,0,2.4057971014492754,56.646800457505336
39729,2024-04-27 02:56:00,2,1.07,0,bike,38.07882928487708,SPB,0,39,0.8,1.28,13.3,2.0,4,2,0,5,2.1323529411764706,68.85433088852056
73545,2024-06-16 23:15:00,2,1.62,0,bike,38.8266233036702,Moscow,1,6,20.4,3.67,5.0,3.0,6,23,0,6,3.5657894736842106,41.788670827007586
1434,2024-01-10 13:25:00,1,5.59,0,scooter,52.991687044958624,Moscow,1,12,-12.0,2.85,11.7,4.0,1,13,0,2,3.871794871794872,79.791897567608
27008,2024-09-01 02:32:00,2,4.86,0,bike,43.09047812324671,Kazan,0,19,11.9,3.81,10.3,1.0,9,2,0,6,1.9538461538461538,78.57448577295975
82471,2025-06-29 08:05:00,5,6.09,1,bike,31.367687591946154,SPB,1,6,14.6,1.22,15.9,2.0,6,8,0,6,2.323529411764706,74.7098579521445
94143,2025-01-19 04:32:00,5,2.24,0,scooter,39.047551890965785,Kazan,1,5,-0.9,2.96,20.0,1.0,1,4,0,6,2.046153846153846,32.39999571579591
28462,2024-04-21 16:29:00,2,5.09,0,bike,40.75594245927035,Kazan,0,29,18.9,1.04,13.0,2.0,4,16,0,6,1.9428571428571428,89.65475746221156
860,2024-04-28 22:12:00,2,2.83,0,car,55.0,Moscow,1,12,10.0,0.97,8.6,3.0,4,22,0,6,3.5921052631578947,50.74358148947128
75156,2025-01-19 22:32:00,4,1.99,0,bike,38.62838052170366,Moscow,0,27,0.1,4.33,15.4,3.0,1,22,0,6,3.5921052631578947,72.47560653693003
14443,2024-10-28 16:43:00,3,2.51,0,bike,39.220014514791444,Kazan,0,24,3.4,3.64,1.9,2.0,10,16,0,0,2.1578947368421053,69.2762238051035
12562,2024-12-24 02:30:00,3,2.01,0,bike,43.1943022875045,Moscow,1,9,-0.8,3.02,4.4,4.0,12,2,0,1,3.727272727272727,51.747393379117554
98358,2024-01-25 10:50:00,3,0.89,1,car,55.0,Kazan,1,5,-5.8,1.51,23.5,3.0,1,10,0,3,2.126984126984127,24.678605411057625
64361,2025-02-07 10:48:00,3,3.34,0,car,55.0,SPB,0,21,-4.0,6.11,0.1,3.0,2,10,0,4,2.323943661971831,72.2215537831473
61078,2025-06-29 01:34:00,6,4.28,0,scooter,40.06698260588018,Moscow,1,9,15.2,7.29,11.2,3.0,6,1,0,6,3.8181818181818183,73.05520226578447
62341,2024-01-04 04:25:00,3,1.7,0,bike,40.10929179910456,Kazan,1,5,-19.2,0.42,12.8,2.0,1,4,0,3,2.044776119402985,31.843632172423327
73654,2024-10-08 01:50:00,3,2.44,0,car,55.0,SPB,1,13,7.8,1.32,6.1,3.0,10,1,0,1,2.3055555555555554,51.342714644172105
70045,2024-10-01 00:29:00,4,6.06,1,scooter,44.79372201513367,Moscow,0,28,8.6,0.95,16.3,4.0,10,0,0,1,3.779220779220779,93.80441727048861
95009,2024-03-06 02:21:00,2,0.47,0,scooter,47.978038395195696,Moscow,1,9,-9.7,5.06,13.2,4.0,3,2,0,2,3.8666666666666667,40.89654294167218
92391,2025-03-18 17:15:00,4,2.56,0,scooter,36.309932338308485,Moscow,1,7,1.2,0.86,7.8,4.0,3,17,0,1,3.4266666666666667,59.57163372893078
12387,2024-11-12 07:43:00,2,4.45,0,bike,42.257796955237886,Moscow,1,5,-1.0,13.58,9.5,4.0,11,7,1,1,3.8846153846153846,79.50885322749818
9073,2024-09-08 08:08:00,1,1.81,0,car,55.0,Kazan,1,14,18.5,0.08,14.6,1.0,9,8,0,6,2.169491525423729,38.19325824758771
89996,2025-06-17 05:14:00,3,0.5,0,car,55.0,SPB,0,35,14.1,0.12,12.9,3.0,6,5,0,1,2.464788732394366,60.85331222419667
284,2024-06-23 11:42:00,3,1.99,0,car,55.0,Kazan,1,11,18.0,0.2,8.6,2.0,6,11,0,6,1.953125,39.56034543292945
25701,2024-03-11 08:10:00,1,1.47,0,car,55.0,Kazan,0,19,-16.7,3.64,11.6,2.0,3,8,0,0,2.189655172413793,54.98915163024534
59071,2025-05-12 15:01:00,1,3.43,0,car,55.0,Kazan,1,12,15.7,3.09,16.5,2.0,5,15,0,0,2.1666666666666665,54.82190866913208
39567,2024-02-01 22:28:00,5,3.94,0,car,55.0,Moscow,0,35,-0.9,2.1,0.8,5.0,2,22,0,3,3.5789473684210527,101.87407986703982
26417,2024-11-08 15:12:00,2,5.27,0,scooter,55.0,Moscow,0,39,4.4,5.37,9.2,4.0,11,15,0,4,3.581081081081081,108.96298970963224
85912,2024-04-07 15:50:00,1,2.85,0,bike,41.76333005471556,SPB,1,11,7.9,0.65,17.0,2.0,4,15,0,6,2.4714285714285715,48.92473066889413
65018,2024-02-03 14:46:00,4,2.4,0,bike,33.19299505524494,SPB,0,31,-0.1,10.95,13.1,3.0,2,14,0,5,2.391304347826087,95.11804526883199
54242,2024-11-10 09:17:00,2,3.06,0,car,55.0,Moscow,1,13,4.0,15.8,12.7,3.0,11,9,1,6,3.8133333333333335,75.78176204825347
62470,2024-09-03 00:02:00,4,1.17,0,bike,35.086380143438284,Moscow,0,22,15.9,1.38,5.7,4.0,9,0,0,1,3.779220779220779,58.102112521890604
57402,2025-06-26 23:45:00,5,3.41,0,car,55.0,Moscow,0,33,13.5,7.21,0.6,4.0,6,23,0,3,3.3461538461538463,96.61652177149247
97534,2024-01-31 03:14:00,5,7.97,0,scooter,34.01084509779904,SPB,0,16,-5.3,0.74,22.3,nan,1,3,0,2,2.411764705882353,7.4911161553959005
86062,2025-01-23 11:07:00,3,9.28,0,car,55.0,Moscow,1,8,-2.6,7.8,7.9,4.0,1,11,0,3,3.9864864864864864,122.59375176588715
40146,2024-03-23 12:19:00,5,0.95,1,scooter,54.69739406908258,Moscow,0,37,3.5,1.42,6.5,3.0,3,12,0,5,4.012987012987013,62.24940080167707
54612,2024-07-13 19:41:00,3,9.01,0,car,55.0,Kazan,0,30,21.4,10.51,18.1,1.0,7,19,0,5,2.0153846153846153,137.96810868153588
59657,2024-09-06 14:52:00,1,1.56,0,car,55.0,Moscow,1,14,21.3,0.41,10.4,5.0,9,14,0,4,3.7260273972602738,48.97105859255369
52385,2025-02-19 10:43:00,3,2.48,0,car,54.680479951338505,Moscow,0,15,-7.6,0.46,23.6,4.0,2,10,0,2,3.5584415584415585,54.30445105546195
71810,2024-01-03 20:06:00,3,0.28,0,scooter,51.84792119327856,Kazan,0,37,-17.1,3.04,14.1,2.0,1,20,0,2,2.2222222222222223,65.38264984227973
5704,2024-05-05 21:34:00,3,5.99,0,bike,36.847051198698445,Moscow,1,11,5.6,2.55,10.5,3.0,5,21,0,6,3.5714285714285716,87.54759665587785
45715,2024-05-14 07:55:00,3,4.87,0,bike,37.6456880964658,SPB,1,13,7.1,0.35,14.5,4.0,5,7,0,1,2.6285714285714286,76.75603704710096
24896,2025-02-09 08:44:00,2,2.31,0,bike,40.61012440281896,Moscow,0,23,-5.1,9.59,18.6,3.0,2,8,0,6,3.8289473684210527,84.87527873017451
65313,2024-03-14 12:05:00,1,3.44,0,bike,35.5218365044405,Kazan,0,39,-1.8,1.39,4.0,2.0,3,12,0,3,1.921875,85.3955573545349
95574,2024-01-21 20:03:00,3,3.55,0,car,55.0,Moscow,1,6,-16.3,15.17,23.5,3.0,1,20,1,6,4.0131578947368425,54.8403782267616
82453,2025-03-28 07:05:00,3,5.99,0,car,45.85950269980694,Moscow,0,35,4.0,1.08,10.4,4.0,3,7,0,4,3.782051282051282,110.9333839948447
94764,2024-05-06 12:14:00,4,2.74,0,scooter,41.544742159650916,Kazan,1,14,6.4,0.99,18.6,2.0,5,12,0,0,2.5,52.61084797497166
14460,2024-07-27 10:49:00,1,3.03,0,bike,40.58851705937706,SPB,1,5,24.7,1.38,4.7,2.0,7,10,0,5,2.3661971830985915,47.32700479893025
1463,2024-02-08 16:38:00,1,2.61,0,car,55.0,Moscow,0,39,-12.8,15.55,21.5,5.0,2,16,1,3,3.6363636363636362,100.43593806827609
39845,2024-10-21 22:48:00,3,1.01,0,car,55.0,Moscow,1,12,6.9,5.15,14.6,4.0,10,22,0,0,3.4473684210526314,48.240588833303335
71137,2025-01-29 17:02:00,3,1.06,0,car,55.0,SPB,1,12,3.3,3.04,7.0,4.0,1,17,0,2,2.7222222222222223,57.815090822339656
93092,2024-12-11 12:09:00,3,4.56,0,bike,38.3374319784028,Moscow,0,23,-4.7,1.68,3.1,4.0,12,12,0,2,3.789473684210526,85.90813023551138
2023,2024-09-15 11:55:00,6,8.71,0,car,55.0,SPB,1,7,19.7,1.57,13.8,nan,9,11,0,6,2.2,12.931783649087755
61024,2024-04-21 11:18:00,1,0.81,0,car,55.0,Moscow,0,30,10.0,11.55,17.4,4.0,4,11,1,6,3.4805194805194803,70.92920493497327
49673,2024-03-01 10:01:00,5,10.9,0,scooter,55.0,SPB,0,16,0.5,10.26,1.5,3.0,3,10,0,4,2.323943661971831,146.1836862414984
65971,2024-02-10 20:29:00,1,3.77,0,car,55.0,Kazan,0,37,-15.3,4.86,15.1,1.0,2,20,0,5,2.0142857142857142,80.31264662501025
86993,2024-08-01 03:54:00,2,3.58,0,car,55.0,Moscow,0,21,13.8,5.37,4.0,4.0,8,3,0,3,3.779220779220779,69.47154002710445
81641,2025-05-05 07:08:00,4,5.98,0,scooter,46.65016744281999,Moscow,0,15,10.5,4.36,1.7,4.0,5,7,0,0,3.9066666666666667,89.6240651437788
60782,2024-04-12 02:13:00,5,1.14,0,scooter,55.0,Moscow,1,10,6.7,1.63,1.0,4.0,4,2,0,4,3.8552631578947367,45.48754637100522
6598,2024-05-01 00:37:00,3,2.34,0,bike,42.40735828019987,Moscow,0,16,13.4,1.52,13.0,4.0,5,0,0,2,3.871794871794872,60.52092476845522
49178,2025-06-24 20:45:00,4,0.42,0,bike,39.430915777080756,Moscow,0,35,16.5,1.16,10.9,4.0,6,20,0,1,3.730769230769231,72.77216717194138
8739,2025-05-17 06:06:00,5,2.47,0,scooter,54.69739406908258,Kazan,0,24,12.5,0.86,0.3,1.0,5,6,0,5,2.2205882352941178,54.482501733958806
27696,2024-10-29 00:46:00,2,2.76,0,scooter,48.70580908301911,SPB,1,12,6.9,3.65,19.4,3.0,10,0,0,1,2.4857142857142858,54.26351425710838
55804,2024-07-21 09:39:00,2,7.88,0,scooter,42.15405365401788,SPB,0,29,19.0,5.35,18.3,2.0,7,9,0,6,2.375,126.05110375535239
30038,2024-11-07 07:53:00,2,8.93,0,car,55.0,Moscow,0,21,3.3,0.76,17.8,5.0,11,7,0,3,3.5,123.9364536967579
64273,2025-01-08 04:28:00,1,6.56,0,bike,31.260861704088715,SPB,0,33,0.2,10.26,12.2,3.0,1,4,0,2,2.357142857142857,128.06708978608634
67752,2024-04-15 22:27:00,2,1.19,0,scooter,49.00620380326575,SPB,1,6,4.7,8.74,11.9,4.0,4,22,0,0,2.4057971014492754,44.46890275654292
42456,2024-01-11 16:29:00,2,9.27,0,car,55.0,Moscow,1,10,-9.5,1.27,1.0,4.0,1,16,0,3,3.6363636363636362,115.2172319318849
76813,2024-04-30 15:57:00,4,4.47,0,car,55.0,Kazan,1,13,18.0,1.58,18.5,2.0,4,15,0,1,2.1333333333333333,65.00935650504127
8595,2024-09-09 03:16:00,2,1.93,0,bike,34.78209868887858,Kazan,1,5,15.9,4.92,8.8,2.0,9,3,0,0,1.9827586206896552,42.51089875078301
37327,2024-01-14 00:40:00,2,7.67,0,car,55.0,SPB,0,29,-15.9,16.86,17.5,2.0,1,0,1,6,2.414285714285714,122.93809550323861
16546,2024-06-03 17:54:00,1,6.9,1,car,55.0,SPB,0,16,22.4,10.84,10.3,nan,6,17,0,0,2.5625,9.728839319439345
43413,2024-12-20 02:14:00,4,6.67,0,bike,38.3374319784028,SPB,0,33,3.5,0.92,11.3,4.0,12,2,0,4,2.380281690140845,120.24666864068698
58658,2025-01-28 11:44:00,3,7.26,0,car,55.0,Moscow,0,18,3.2,10.67,14.9,4.0,1,11,0,1,3.831168831168831,113.13198936616847
97902,2024-05-07 02:24:00,2,5.5,0,car,55.0,Kazan,0,19,0.6,1.22,1.7,2.0,5,2,0,1,2.161764705882353,79.67529587176142
36022,2024-08-18 00:35:00,3,5.14,0,bike,39.8116220849798,Moscow,1,7,18.5,3.58,1.3,4.0,8,0,0,6,3.727272727272727,75.38896536000455
96952,2024-01-26 03:20:00,1,11.13,0,bike,41.219692330682875,Kazan,0,29,-11.4,0.33,23.4,3.0,1,3,0,4,2.208955223880597,155.74535029519538
75382,2024-06-22 12:31:00,3,7.67,0,scooter,48.67284070467812,Kazan,1,14,21.8,10.34,5.3,1.0,6,12,0,5,2.1875,102.06296323187694
77769,2024-02-18 15:18:00,2,6.56,0,bike,40.52713657796784,Kazan,1,12,-7.6,2.74,16.9,2.0,2,15,0,6,2.0,90.39647609837951
36563,2025-03-16 10:31:00,2,3.89,0,car,55.0,Moscow,0,17,0.2,3.52,18.2,3.0,3,10,0,6,3.5526315789473686,70.40948575363333
20717,2025-02-19 22:24:00,2,6.66,0,scooter,44.150599250049076,SPB,0,20,-11.4,2.44,13.3,3.0,2,22,0,2,2.537313432835821,96.76197247629905
43397,2024-12-01 08:08:00,3,4.95,1,bike,35.76167786475204,Moscow,1,10,0.9,1.39,10.5,3.0,12,8,0,6,3.8289473684210527,71.34449514475439
91374,2025-05-23 04:03:00,3,6.03,1,scooter,40.65776334533052,Moscow,0,25,13.9,0.62,0.9,4.0,5,4,0,4,4.025974025974026,85.01803430899079
64112,2024-02-04 13:13:00,2,2.51,0,bike,31.893950723490853,Moscow,0,37,0.7,9.63,15.2,3.0,2,13,0,6,3.935064935064935,96.24839607765809
38088,2024-02-13 06:43:00,6,6.59,0,car,55.0,Moscow,1,14,-5.4,4.04,10.7,4.0,2,6,0,1,3.6973684210526314,96.4058843826389
39220,2025-06-04 05:05:00,5,3.02,0,car,55.0,Moscow,0,20,14.8,0.78,11.2,5.0,6,5,0,2,3.68,70.95625093029983
90501,2024-04-17 03:27:00,2,5.76,0,car,48.016477908776224,Moscow,0,21,7.2,5.44,11.9,5.0,4,3,0,2,3.8552631578947367,93.98437430724888
94595,2025-06-26 02:47:00,2,0.81,0,bike,30.567021598673445,SPB,0,21,12.6,7.04,11.1,4.0,6,2,0,3,2.4027777777777777,62.66807329404954
66803,2024-07-12 02:11:00,5,2.81,0,scooter,50.22988603518088,Moscow,1,7,17.1,2.55,6.7,4.0,7,2,0,4,3.8552631578947367,52.98642542605553
36654,2024-06-09 01:07:00,2,0.91,0,scooter,40.65776334533052,Moscow,0,29,14.9,4.3632938816449345,5.4,3.0,6,1,0,6,3.8181818181818183,53.00732747979015
77060,2024-08-04 22:27:00,4,3.22,0,bike,39.58581281157731,Moscow,0,36,15.8,1.3,13.0,4.0,8,22,0,6,3.5921052631578947,92.24434456337184
39766,2025-01-17 23:08:00,2,2.77,0,car,55.0,Kazan,0,19,-5.4,3.71,2.6,2.0,1,23,0,4,2.0597014925373136,59.64518433112002
96916,2024-04-15 01:56:00,4,4.19,1,scooter,48.78408734662869,Moscow,1,12,9.9,2.39,12.7,5.0,4,1,0,0,3.8933333333333335,60.93068870375778
73302,2024-04-03 12:19:00,2,2.22,0,car,55.0,Moscow,0,27,14.9,4.66,16.3,4.0,4,12,0,2,3.789473684210526,70.61487819177697
85723,2024-02-28 02:29:00,6,2.58,0,scooter,55.0,Moscow,0,39,-7.6,2.12,13.6,4.0,2,2,0,2,3.8666666666666667,94.09523557882227
97873,2024-07-02 07:50:00,5,1.51,0,car,55.0,Kazan,1,12,21.5,1.16,15.7,3.0,7,7,0,1,2.142857142857143,45.8271259850752
92099,2025-02-21 13:01:00,3,0.3,1,car,55.0,Moscow,0,39,-5.1,4.43,21.2,4.0,2,13,0,4,3.935064935064935,61.59626139035419
48837,2024-09-17 02:46:00,1,5.55,0,car,55.0,Moscow,0,36,13.1,19.82,4.9,4.0,9,2,1,1,3.727272727272727,118.3231040373889
95056,2025-01-23 01:31:00,1,8.36,0,car,55.0,SPB,0,25,1.2,3.44,2.7,3.0,1,1,0,3,2.208955223880597,118.79196983437384
54148,2024-06-14 04:40:00,4,1.55,0,car,55.0,Moscow,1,9,14.5,2.24,3.0,4.0,6,4,0,4,4.025974025974026,45.47089999715936
7307,2025-03-11 13:32:00,4,5.64,0,bike,40.61012440281896,SPB,1,7,5.7,2.82,12.3,3.0,3,13,0,1,2.5,79.18757386653628
22396,2025-05-03 05:05:00,4,1.66,0,bike,41.253268832294935,Moscow,1,5,2.0,3.71,17.3,3.0,5,5,0,5,3.792207792207792,42.97331125001976
8439,2024-06-23 04:38:00,3,3.43,0,car,55.0,Moscow,0,17,10.7,0.72,2.2,3.0,6,4,0,6,3.68,61.21332039569336
39764,2024-12-31 21:56:00,1,1.91,0,car,55.0,Kazan,1,11,-2.2,1.0,8.7,2.0,12,21,0,1,2.238095238095238,38.54902054656856
74797,2024-12-21 01:19:00,4,0.95,1,car,55.0,Moscow,1,14,1.7,2.61,22.6,3.0,12,1,0,5,3.7662337662337664,35.059462599451
71049,2025-01-18 03:59:00,3,6.02,0,car,55.0,Kazan,1,14,-5.2,13.27,15.1,1.0,1,3,1,5,1.9661016949152543,88.75336922375519
42071,2024-09-04 10:59:00,2,1.15,0,bike,40.32854369446495,Kazan,1,13,14.9,0.56,8.1,3.0,9,10,0,2,2.0153846153846153,41.579008083289246
8028,2025-03-28 16:06:00,4,4.09,0,car,55.0,Kazan,1,5,10.7,0.71,1.1,2.0,3,16,0,4,2.125,50.0975167841597
1635,2024-04-07 00:07:00,1,5.65,0,car,55.0,Moscow,1,7,1.3,0.62,2.2,nan,4,0,0,6,3.727272727272727,11.780811981171752
8182,2024-06-04 12:31:00,1,4.66,0,scooter,48.78408734662869,Moscow,0,31,24.0,7.07,11.6,4.0,6,12,0,1,4.012987012987013,97.2669724900596
92262,2025-02-01 16:10:00,4,0.81,0,car,55.0,Moscow,1,13,3.8,13.08,1.5,3.0,2,16,1,5,4.0394736842105265,49.15897080750919
98014,2025-03-17 10:49:00,3,2.28,0,car,55.0,SPB,0,23,-6.8,2.23,6.5,3.0,3,10,0,0,2.5277777777777777,63.60486782767334
40516,2025-03-02 00:48:00,5,1.19,0,car,55.0,Moscow,0,18,-1.4,0.44,16.6,4.0,3,0,0,6,3.727272727272727,51.98437348030252
2742,2024-09-15 14:49:00,4,0.75,0,bike,37.632500976867355,Moscow,1,6,24.9,4.63,11.8,3.0,9,14,0,6,3.971830985915493,39.5283792969071
37554,2024-02-07 23:03:00,2,7.31,0,car,55.0,SPB,1,6,-15.9,8.88,4.7,3.0,2,23,0,2,2.353846153846154,93.14631791373975
2002,2024-11-06 07:47:00,6,7.96,0,bike,34.60585913965475,Moscow,1,13,-6.9,0.12,10.3,4.0,11,7,0,2,3.987012987012987,109.27114627727694
25814,2024-01-24 04:29:00,4,2.04,0,car,55.0,Kazan,1,12,-11.4,11.43,2.2,2.0,1,4,1,2,2.1147540983606556,56.01635068339908
97888,2024-11-01 01:22:00,2,5.73,0,car,55.0,Moscow,1,12,2.7,3.24,10.5,nan,11,1,0,4,3.3421052631578947,11.119648015520077
1247,2024-11-14 01:21:00,1,4.17,0,car,55.0,Kazan,1,8,0.2,0.58,11.7,2.0,11,1,0,3,2.2388059701492535,52.73717181303802
46518,2024-08-10 12:45:00,2,5.13,0,bike,35.5218365044405,SPB,0,38,20.3,9.86,19.8,2.0,8,12,0,5,2.3134328358208953,114.96476537134862
50078,2024-03-01 10:05:00,3,3.42,0,car,55.0,SPB,1,9,0.5,10.26,1.5,3.0,3,10,0,4,2.323943661971831,63.50038864536056
66841,2025-05-23 08:46:00,3,3.79,0,car,55.0,Kazan,0,37,13.8,9.68,6.0,2.0,5,8,0,4,2.2285714285714286,104.43125591944204
36165,2024-06-16 23:48:00,5,1.31,0,car,55.0,Kazan,0,24,21.5,1.46,7.7,1.0,6,23,0,6,2.121212121212121,53.797582155204815
84854,2024-10-24 12:30:00,1,2.34,0,car,55.0,Moscow,1,12,8.3,9.14,17.4,5.0,10,12,0,3,3.6842105263157894,63.350947641642065
59280,2025-05-04 03:27:00,3,5.72,1,car,55.0,Moscow,0,39,7.2,2.43,19.7,3.0,5,3,0,6,3.710526315789474,101.54037639105603
23950,2025-01-05 00:52:00,2,5.4,0,car,55.0,SPB,1,7,-6.6,9.65,12.2,2.0,1,0,0,6,2.414285714285714,74.61561861857139
83489,2025-03-16 14:01:00,1,6.14,0,car,55.0,Kazan,0,21,1.7,0.12,8.7,1.0,3,14,0,6,2.0,77.06893813475642
55087,2025-02-15 14:41:00,3,10.71,0,bike,39.8116220849798,SPB,0,24,-9.0,0.78,5.9,3.0,2,14,0,5,2.391304347826087,147.35537322678698
24304,2025-05-24 12:29:00,1,3.93,0,car,55.0,Kazan,1,8,17.9,0.36,1.1,1.0,5,12,0,5,2.1875,46.081598458582405
89263,2024-01-25 13:51:00,4,1.72,0,car,46.1550413594705,SPB,0,33,0.6,1.86,11.4,3.0,1,13,0,3,2.4571428571428573,72.25969673170502
70287,2024-11-04 10:51:00,5,3.71,0,car,55.0,Moscow,0,30,-0.8,4.05,19.3,4.0,11,10,0,0,3.4025974025974026,76.46045008020083
76089,2025-03-29 15:26:00,5,3.01,0,bike,40.75594245927035,SPB,0,36,13.9,0.9,3.9,2.0,3,15,0,5,2.373134328358209,86.16935922911262
83430,2024-03-18 13:37:00,1,5.56,0,bike,39.8116220849798,Kazan,0,24,-1.0,1.48,17.6,nan,3,13,0,0,2.3728813559322033,11.007813306976978
22463,2025-01-04 23:33:00,1,1.91,0,car,55.0,Kazan,0,19,-4.4,0.37,7.5,1.0,1,23,0,5,2.032258064516129,41.7248502381656
25951,2024-10-18 08:10:00,2,3.43,0,bike,42.8376824131858,SPB,1,13,3.1,20.33,10.290958164642376,4.0,10,8,1,4,2.4328358208955225,96.87431393045128
45727,2024-01-20 20:27:00,2,3.78,1,car,55.0,Moscow,0,28,-14.0,7.13,19.6,3.0,1,20,0,5,3.8378378378378377,73.1993066390952
67093,2024-07-04 06:40:00,4,2.67,0,car,55.0,Moscow,1,9,20.6,0.86,13.0,4.0,7,6,0,3,3.526315789473684,51.69130469807954
5929,2025-01-20 19:49:00,3,1.38,1,scooter,46.760053354253095,Kazan,1,13,-2.7,0.79,21.1,3.0,1,19,0,0,2.1666666666666665,41.41174674609001
47864,2024-08-16 00:22:00,4,1.94,0,bike,43.1943022875045,Moscow,0,36,11.8,5.23,20.0,4.0,8,0,0,4,3.5064935064935066,88.06327171846452
9100,2024-02-04 13:17:00,2,3.28,0,scooter,48.78408734662869,Moscow,0,39,0.7,9.63,15.2,3.0,2,13,0,6,3.935064935064935,95.00360569680063
16179,2024-07-04 22:55:00,1,1.13,0,scooter,46.0651894724839,Moscow,1,12,24.6,0.86,13.0,4.0,7,22,0,3,3.5789473684210527,42.51577139171168
27809,2024-03-31 08:26:00,2,1.76,0,bike,37.32002871481163,Moscow,1,13,3.4,3.04,19.1,3.0,3,8,0,6,3.8289473684210527,62.01307107343382
17127,2024-02-14 19:45:00,2,6.09,0,scooter,55.0,Moscow,0,18,-9.6,8.75,7.3,5.0,2,19,0,2,4.026315789473684,115.61831207884586
11111,2024-02-13 03:44:00,2,2.99,0,bike,33.624359958418964,SPB,0,22,-15.9,4.47,21.9,3.0,2,3,0,1,2.242857142857143,72.15593173622808
42313,2024-09-14 03:27:00,2,10.34,0,car,55.0,SPB,0,22,17.4,1.56,14.6,2.0,9,3,0,5,2.4864864864864864,130.22653381795408
97688,2025-02-17 11:24:00,4,2.64,0,bike,34.060510655019456,Moscow,1,6,-11.7,1.94,22.7,4.0,2,11,0,0,3.526315789473684,50.26278844923694
50882,2024-02-28 11:59:00,5,6.6,0,car,55.0,Kazan,1,8,-7.7,2.4,8.5,3.0,2,11,0,2,2.3181818181818183,84.02910485541416
24277,2025-02-21 17:13:00,3,6.94,0,car,55.0,Kazan,0,24,-11.2,0.59,18.0,2.0,2,17,0,4,1.967741935483871,105.2299316708871
1087,2025-06-04 12:55:00,3,8.36,0,car,55.0,Moscow,1,10,19.9,0.78,11.2,5.0,6,12,0,2,3.789473684210526,106.94189694858832
5412,2025-06-08 13:33:00,2,3.74,0,scooter,45.13982819313042,Kazan,0,24,26.7,3.11,17.5,1.0,6,13,0,6,2.125,69.25875848872094
40409,2025-02-04 19:43:00,3,0.31,1,scooter,45.66908855409564,Moscow,1,10,-1.6,3.47,17.3,4.0,2,19,0,1,3.8701298701298703,41.4882257642562
30877,2025-01-24 04:24:00,6,6.28,0,bike,40.804334648574,Kazan,1,9,-10.7,7.25,11.829227053140096,2.0,1,4,0,4,1.9848484848484849,93.8464667865725
20782,2025-03-18 07:30:00,3,2.11,0,car,55.0,Moscow,0,17,-6.4,0.86,7.8,4.0,3,7,0,1,3.8846153846153846,56.11166888625391
64944,2025-06-16 01:34:00,3,5.69,0,bike,33.520197773802906,Kazan,0,34,16.2,5.92,4.7,2.0,6,1,0,0,2.130434782608696,109.29457105741922
26433,2024-05-29 11:05:00,5,1.59,0,bike,42.25170720017491,Kazan,0,19,24.7,3.67,10.3,2.0,5,11,0,2,2.3181818181818183,58.91426903175977
84401,2025-04-03 16:37:00,1,7.25,0,bike,34.060510655019456,SPB,0,21,10.5,2.72,5.0,3.0,4,16,0,3,2.588235294117647,109.13519271256234
244,2024-06-05 23:33:00,1,2.6,0,car,55.0,Moscow,1,12,19.7,2.98,7.3,4.0,6,23,0,2,3.776315789473684,54.152178919253814
48704,2025-02-25 00:45:00,3,5.48,0,car,55.0,SPB,0,39,-3.5,6.63,0.8,3.0,2,0,0,1,2.4857142857142858,113.85852249316478
62833,2024-03-01 03:04:00,3,5.9,0,car,55.0,Moscow,0,37,-0.3,0.0,2.9,4.0,3,3,0,4,3.8666666666666667,107.08546986844226
20512,2024-05-09 03:25:00,2,7.08,0,car,55.0,Moscow,1,6,-0.7,4.96,18.9,4.0,5,3,0,3,3.779220779220779,89.62135204683305
10934,2025-01-13 04:49:00,2,6.4,0,car,55.0,SPB,0,17,-13.3,16.88,6.5,3.0,1,4,1,0,2.6,103.40171433464667
30937,2025-01-12 15:36:00,1,6.31,0,car,55.0,Moscow,0,17,-0.6,3.06,12.807115834984687,4.0,1,15,0,6,3.8157894736842106,93.21080762246146
18103,2025-03-30 22:29:00,2,2.12,0,scooter,55.0,Kazan,1,5,3.2,2.15,1.6,1.0,3,22,0,6,2.264705882352941,33.33535094213052
42315,2024-10-16 11:14:00,2,2.16,0,scooter,39.262412605512424,Moscow,0,27,6.0,3.37,4.0,5.0,10,11,0,2,3.688311688311688,75.1734360957002
79781,2024-10-19 08:39:00,3,1.17,0,car,55.0,Kazan,0,32,1.5,1.36,4.0,1.0,10,8,0,5,1.9857142857142858,61.90025552515609
3983,2024-03-07 13:39:00,2,7.67,1,car,55.0,SPB,1,11,0.1,6.95,15.0,3.0,3,13,0,3,2.4571428571428573,86.92244273640412
48503,2024-10-30 07:00:00,5,11.08,0,car,48.016477908776224,SPB,0,24,6.5,3.32,17.6,3.0,10,7,0,2,2.5757575757575757,161.91969346449275
43183,2024-01-08 12:47:00,3,2.0,0,car,55.0,SPB,1,11,-4.8,8.24,15.7,3.0,1,12,0,0,2.5,53.109109616713354
61046,2024-11-28 11:30:00,1,5.74,0,scooter,38.31527511177083,Moscow,0,26,-2.2,5.08,7.0,5.0,11,11,0,3,3.9864864864864864,103.0477996273646
32427,2024-02-25 06:58:00,8,6.96,0,bike,36.847051198698445,Moscow,1,13,0.0,5.09,0.1,3.0,2,6,0,6,3.736842105263158,108.11601968269072
50881,2024-03-12 22:09:00,1,9.87,1,car,55.0,Kazan,0,25,-8.3,5.32,9.6,3.0,3,22,0,1,2.2459016393442623,121.21605077233758
58075,2024-09-28 06:25:00,3,1.08,0,car,55.0,Moscow,1,7,14.0,0.12,11.5,3.0,9,6,0,5,3.76,30.469262060164716
32954,2025-03-18 02:40:00,6,5.03,0,scooter,53.88993581645081,SPB,1,8,-5.3,4.31,11.7,3.0,3,2,0,1,2.5285714285714285,68.02216054481258
37428,2024-04-25 05:04:00,2,1.2,0,bike,36.62098754864886,Moscow,1,12,8.6,1.96,9.3,4.0,4,5,0,3,4.246753246753247,46.091446025234085
6779,2024-04-30 12:27:00,2,2.48,0,bike,41.46738347715445,Moscow,1,13,19.6,1.31,1.9,4.0,4,12,0,1,4.012987012987013,56.389827156945074
59284,2024-01-03 15:08:00,3,5.78,0,car,55.0,Moscow,0,16,-25.9,2.3,22.4,4.0,1,15,0,2,4.094594594594595,85.56551561526693
21429,2025-05-13 21:13:00,3,1.89,1,scooter,55.0,SPB,0,16,10.1,2.24,4.6,3.0,5,21,0,1,2.3676470588235294,40.054495233661584
59506,2024-12-21 09:49:00,3,5.67,0,car,55.0,Kazan,0,39,1.7,0.26,8.4,1.0,12,9,0,5,2.1944444444444446,104.96677058196869
69325,2024-03-05 21:34:00,3,4.26,0,bike,33.19299505524494,Moscow,1,5,-6.0,4.97,11.1,5.0,3,21,0,1,3.5789473684210527,75.33780271972144
18033,2024-02-17 22:30:00,2,2.26,0,car,55.0,Moscow,1,9,-1.9,6.84,13.7,3.0,2,22,0,5,4.0,50.7747495746007
57487,2024-02-24 17:44:00,3,2.02,0,car,55.0,Kazan,0,32,-11.2,3.12,19.3,1.0,2,17,0,5,2.1911764705882355,63.841678853820426
81149,2024-08-04 06:24:00,4,1.03,0,scooter,44.50215595557376,Moscow,1,9,14.2,1.3,13.0,4.0,8,6,0,6,3.736842105263158,40.8819087928761
62917,2024-05-13 08:03:00,3,6.77,0,car,55.0,SPB,0,23,7.8,0.5,16.6,4.0,5,8,0,0,2.3823529411764706,111.90294710271424
50571,2024-03-17 23:56:00,6,2.68,0,bike,42.191249465282176,Moscow,0,18,0.7,6.32,16.2,4.0,3,23,0,6,3.5657894736842106,79.59100358699364
81043,2024-09-20 02:09:00,5,6.94,0,bike,34.88035136798393,Moscow,0,35,13.6,0.6,7.3,4.0,9,2,0,4,3.8552631578947367,127.94301658781714
46595,2024-12-12 17:18:00,2,6.36,0,bike,44.833362383592664,Moscow,0,28,-4.5,1.29,1.2,4.0,12,17,0,3,4.012820512820513,118.85554524819375
49609,2024-11-29 11:05:00,2,6.95,0,car,55.0,Moscow,0,17,0.5,5.43,19.1,4.0,11,11,0,4,3.9743589743589745,100.32731412751471
51409,2024-03-08 13:13:00,3,2.23,0,car,55.0,SPB,1,13,1.7,10.52,6.7,3.0,3,13,0,4,2.347826086956522,59.01195735814548
46019,2025-02-13 17:04:00,4,1.97,0,car,55.0,SPB,0,33,-3.3,14.19,0.8,nan,2,17,1,3,2.5211267605633805,13.276430503610385
23123,2025-02-03 04:06:00,5,2.8,1,car,55.0,Moscow,0,21,-1.3,1.68,6.9,5.0,2,4,0,0,4.116883116883117,60.807815460413785
89430,2025-01-13 01:26:00,2,1.29,0,bike,37.45176782140707,SPB,0,16,-11.9,16.88,6.5,3.0,1,1,1,0,2.4242424242424243,69.19133213517465
13484,2024-02-14 08:02:00,1,1.65,0,car,55.0,Moscow,0,39,-15.0,8.75,7.3,5.0,2,8,0,2,3.8493150684931505,98.47602192334166
97356,2024-04-28 17:09:00,4,6.2,0,car,55.0,Kazan,0,37,14.6,7.16,8.2,1.0,4,17,0,6,2.1,118.18179451260974
45344,2025-04-11 16:14:00,3,4.35,0,car,55.0,Moscow,1,13,2.4,14.75,6.3,4.0,4,16,1,4,3.782051282051282,81.94666936806884
57886,2024-09-26 21:57:00,2,0.18,0,car,55.0,SPB,1,5,14.6,11.65,12.7,3.0,9,21,1,3,2.2916666666666665,38.324456687622074
68005,2025-05-27 13:14:00,4,4.98,0,car,55.0,Moscow,0,30,25.0,2.03,1.2,5.0,5,13,0,1,4.171052631578948,102.87136258375003
91046,2024-06-16 22:05:00,5,1.57,0,car,55.0,Moscow,1,5,20.1,3.67,5.0,3.0,6,22,0,6,3.5921052631578947,38.085302395169236
83915,2024-04-19 09:38:00,3,5.17,0,car,55.0,Moscow,0,21,9.2,5.97,5.4,5.0,4,9,0,4,3.858974358974359,103.02887872493908
26624,2024-09-07 04:26:00,2,4.77,0,car,55.0,Moscow,1,8,11.5,5.21,6.0,3.0,9,4,0,5,3.6493506493506493,66.65732197717986
93973,2025-06-19 23:41:00,1,2.45,1,bike,36.62098754864886,SPB,1,11,13.8,0.25,12.7,3.0,6,23,0,3,2.3424657534246576,34.5222119390358
10539,2024-07-26 16:47:00,4,5.78,0,car,55.0,Moscow,1,12,24.4,1.99,18.1,4.0,7,16,0,4,3.782051282051282,83.87562142579063
11328,2025-03-18 10:19:00,5,2.59,0,bike,38.01026765395612,Moscow,1,6,-2.4,0.86,7.8,4.0,3,10,0,1,3.675324675324675,50.53735994027623
98603,2025-02-21 21:32:00,2,1.66,0,car,55.0,Kazan,0,34,-15.3,0.59,18.0,2.0,2,21,0,4,2.4925373134328357,61.97871298758087
1172,2024-12-30 05:54:00,2,1.03,0,car,55.0,SPB,1,10,4.2,1.56,13.647540983606557,3.0,12,5,0,0,2.5074626865671643,37.87282442954127
74894,2024-11-30 01:40:00,4,8.38,0,car,55.0,Moscow,0,31,-0.2,7.42,23.8,4.0,11,1,0,5,3.7662337662337664,135.91214360903402
34301,2024-12-19 11:24:00,5,2.96,0,car,55.0,Moscow,1,9,-18.1,6.56,20.5,nan,12,11,0,3,3.9864864864864864,4.568765715069887
82398,2024-10-10 14:00:00,4,12.6,0,car,55.0,Moscow,0,34,10.2,0.04,15.2,5.0,10,14,0,3,3.7222222222222223,184.22382111142247
61350,2025-01-11 13:36:00,2,9.79,0,scooter,54.20006938556093,Moscow,1,7,3.5,3.57,3.9,4.0,1,13,0,5,3.9743589743589745,115.95926891931526
60323,2024-06-19 20:02:00,4,6.38,0,car,55.0,Moscow,0,17,22.2,9.28,11.6,5.0,6,20,0,2,3.883116883116883,106.53410023140904
22058,2024-12-15 04:54:00,4,6.84,0,car,55.0,Moscow,0,18,-4.9,4.83,4.6,4.0,12,4,0,6,3.68,103.64240178846285
26261,2024-10-26 06:37:00,3,4.3,0,scooter,55.0,Kazan,0,27,3.8,1.74,0.5,1.0,10,6,0,5,2.2205882352941178,72.18462079449414
44832,2025-01-01 19:39:00,4,4.21,0,scooter,46.87140935662086,Moscow,0,20,0.4,10.43,1.0,4.0,1,19,0,2,4.026315789473684,99.52368033523344
3005,2024-09-20 05:19:00,4,4.43,0,car,55.0,Moscow,1,12,9.6,0.6,7.3,4.0,9,5,0,4,3.75,67.51337822166329
28464,2024-11-26 08:01:00,3,4.31,0,bike,36.7621488349067,Moscow,0,30,-2.5,11.66,0.1,5.0,11,8,1,1,3.8533333333333335,124.18838915010926
14698,2024-10-06 16:35:00,3,2.83,0,scooter,55.0,Kazan,0,35,12.7,0.66,10.5,1.0,10,16,0,6,1.9428571428571428,72.26584703446254
44611,2024-11-28 03:55:00,2,5.28,0,bike,40.52713657796784,Kazan,0,39,-4.3,1.0,0.3,2.0,11,3,0,3,2.19672131147541,103.6671376700044
72973,2024-07-15 12:36:00,4,6.31,0,bike,40.52713657796784,Kazan,0,21,26.4,8.39,14.3,3.0,7,12,0,0,2.5,109.44503195139556
29772,2024-03-03 22:41:00,4,1.02,1,bike,33.520197773802906,Kazan,0,33,-6.8,0.75,19.6,2.0,3,22,0,6,2.264705882352941,52.175686591712974
9072,2024-03-21 12:54:00,3,7.58,0,car,55.0,SPB,0,35,2.4,30.26,2.8,4.0,3,12,1,3,2.208955223880597,145.7765007113087
9613,2025-01-20 12:03:00,2,2.05,0,scooter,55.0,SPB,1,9,-3.2,3.78,17.8,3.0,1,12,0,0,2.5,44.994222684300894
9445,2024-01-02 04:18:00,2,9.47,0,scooter,40.06698260588018,Kazan,1,8,-26.6,4.77,6.3,2.0,1,4,0,1,2.1384615384615384,113.84763051400608
4987,2024-12-03 17:52:00,4,1.31,1,bike,39.8116220849798,Moscow,1,13,0.4,4.36,8.9,5.0,12,17,0,1,3.4266666666666667,57.41085832662402
18079,2024-09-10 00:56:00,5,7.5,0,scooter,45.159897613091154,Moscow,0,25,16.4,2.23,18.7,4.0,9,0,0,1,3.779220779220779,119.79333564179984
70921,2025-03-22 08:24:00,4,5.6,0,bike,36.41063141303707,Moscow,1,9,-1.0,1.0,2.2,3.0,3,8,0,5,3.527027027027027,86.71200162190961
31017,2024-05-14 17:34:00,3,7.92,0,bike,35.577876365522755,Kazan,1,6,9.4,2.31,8.1,2.0,5,17,0,1,2.014925373134328,106.54747598222323
3584,2025-06-10 07:18:00,3,1.16,0,car,55.0,Moscow,0,23,14.2,2.49,17.3,4.0,6,7,0,1,3.8846153846153846,59.827499840758044
58164,2025-06-04 18:31:00,3,2.95,0,car,55.0,SPB,1,13,16.9,0.71,0.4,3.0,6,18,0,2,2.183098591549296,61.532762576192496
30480,2025-02-08 18:35:00,1,10.19,0,bike,36.88875564924949,Moscow,0,39,-3.7,10.46,0.6,3.0,2,18,0,5,3.8701298701298703,179.55000321462805
51195,2024-04-25 06:14:00,4,1.42,0,car,55.0,SPB,0,38,3.1,6.51,12.9,4.0,4,6,0,3,2.361111111111111,86.27731453148009
72252,2024-07-30 18:53:00,4,2.8,0,car,55.0,Moscow,1,11,19.7,10.95,2.1,4.0,7,18,0,1,3.4415584415584415,76.76478096805089
58110,2024-07-11 16:38:00,2,0.71,0,car,55.0,Moscow,0,26,26.7,14.06,6.5,4.0,7,16,1,3,3.6363636363636362,70.58793417252987
20283,2025-02-20 09:06:00,2,1.78,0,bike,40.58851705937706,Kazan,1,12,-12.3,4.2,5.4,3.0,2,9,0,3,1.859375,57.860318239616
84461,2025-02-28 17:43:00,2,2.34,0,car,55.0,Moscow,0,16,2.5,0.34,1.8,4.0,2,17,0,4,3.9473684210526314,65.45791232194794
4286,2025-02-10 19:43:00,8,11.49,0,bike,37.106988143682905,SPB,0,16,-4.2,1.73,1.2,3.0,2,19,0,0,2.585714285714286,170.42521289210325
79018,2024-12-20 13:12:00,2,8.94,0,car,55.0,Moscow,0,16,2.6,7.49,11.0,5.0,12,13,0,4,3.935064935064935,129.48336532089817
27397,2025-05-12 03:54:00,1,4.69,0,car,45.85950269980694,Moscow,1,6,3.0,3.06,16.2,4.0,5,3,0,0,3.948717948717949,67.52820963875257
28754,2024-09-25 23:02:00,3,1.82,0,scooter,48.34342395184287,Moscow,0,30,16.3,6.16,8.8,4.0,9,23,0,2,3.776315789473684,73.61409317584759
68564,2024-07-23 02:21:00,4,2.63,0,car,55.0,Moscow,1,11,14.7,8.45,0.4,4.0,7,2,0,1,3.727272727272727,63.226288884290895
90448,2025-02-20 10:43:00,6,2.87,0,car,55.0,SPB,0,16,-8.7,12.43,12.6,3.0,2,10,1,3,2.1449275362318843,73.5068481572553
22158,2025-02-15 00:10:00,3,1.49,0,car,55.0,Kazan,0,27,-10.0,4.55,10.8,1.0,2,0,0,5,2.3492063492063493,57.6173390865134
86650,2025-02-15 11:23:00,1,1.22,0,bike,40.61012440281896,Moscow,0,20,-8.8,10.13,17.2,3.0,2,11,0,5,3.486842105263158,62.05896909859647
5446,2025-03-14 19:30:00,3,4.2,0,car,55.0,Moscow,1,10,5.9,4.4,12.7,4.0,3,19,0,4,4.026315789473684,79.5289055085489
9406,2025-05-02 10:24:00,2,3.15,0,scooter,54.20006938556093,Moscow,1,7,2.0,0.18,17.0,4.0,5,10,0,4,3.5714285714285716,50.64221126864642
22238,2025-02-25 01:15:00,2,3.3,0,car,55.0,Kazan,1,13,-9.0,5.4,18.6,3.0,2,1,0,1,2.101449275362319,57.58164852524688
70494,2025-05-29 09:35:00,2,2.4,1,scooter,45.159897613091154,Moscow,0,27,22.2,0.76,0.0,4.0,5,9,0,3,3.871794871794872,66.88520144020042
67900,2025-02-28 07:06:00,7,3.08,0,bike,43.09047812324671,Moscow,0,22,-11.5,0.34,1.8,4.0,2,7,0,4,3.782051282051282,77.0508837778889
89420,2024-03-10 20:58:00,3,4.74,0,scooter,42.921171489570995,Moscow,0,15,-12.4,3.04,18.0,3.0,3,20,0,6,4.0131578947368425,77.28220433158997
64483,2024-10-14 05:55:00,5,6.81,0,car,55.0,Moscow,0,25,4.3,1.17,4.1,4.0,10,5,0,0,4.116883116883117,109.91029768970986
8452,2025-02-03 17:59:00,3,3.86,0,car,55.0,SPB,0,33,-6.9,4.96,14.8,3.0,2,17,0,0,2.5625,97.1094610661902
3851,2024-04-24 17:06:00,1,2.18,0,car,55.0,Moscow,0,39,13.1,1.55,18.5,4.0,4,17,0,2,4.012820512820513,87.40861301697578
44364,2025-04-30 09:12:00,1,5.77,0,car,41.750137119404535,SPB,1,11,2.6,14.15,0.6,3.0,4,9,1,2,2.5294117647058822,96.20634400093962
50854,2024-11-24 21:15:00,3,5.88,0,car,55.0,Kazan,1,8,1.5,4.27,23.9,2.0,11,21,0,6,2.1311475409836067,75.17791915822758
77657,2025-05-05 01:06:00,2,2.12,0,scooter,34.01084509779904,Kazan,1,9,12.9,4.09,6.9,2.0,5,1,0,0,2.130434782608696,40.33637790179114
72949,2024-06-10 19:35:00,2,10.05,1,car,55.0,Moscow,1,10,19.0,2.04,9.3,4.0,6,19,0,0,3.453333333333333,122.37011703594555
89975,2024-05-17 03:49:00,3,5.04,0,car,55.0,Moscow,0,18,10.9,3.17,0.0,4.0,5,3,0,4,3.8666666666666667,82.62196095937702
53019,2024-06-25 07:38:00,2,1.66,0,scooter,50.84117784067927,Kazan,0,32,12.6,2.59,17.3,3.0,6,7,0,1,2.142857142857143,66.90232003563986
56932,2025-02-01 07:07:00,1,2.33,0,car,55.0,Moscow,1,10,2.5,13.08,1.5,3.0,2,7,1,5,4.0131578947368425,54.40821464881401
96423,2024-04-08 01:24:00,4,2.69,0,car,55.0,Moscow,0,36,5.2,4.96,15.3,4.0,4,1,0,0,3.8933333333333335,88.87689651159522
33931,2025-06-06 21:42:00,1,4.57,0,scooter,41.41642418784267,Moscow,1,12,24.2,0.61,7.9,4.0,6,21,0,4,3.3466666666666667,67.16845705521699
97855,2024-01-20 15:17:00,4,3.7,1,car,55.0,Moscow,0,18,-5.0,7.13,19.6,3.0,1,15,0,5,3.986666666666667,63.471477436513695
14663,2025-05-18 00:39:00,3,2.82,0,car,55.0,SPB,0,20,8.2,8.68,18.1,2.0,5,0,0,6,2.414285714285714,68.76955470853885
4907,2024-07-14 15:23:00,1,0.27,0,scooter,55.0,SPB,0,16,21.3,26.27,13.4,2.0,7,15,1,6,2.4714285714285715,54.40569310362862
11284,2024-06-18 01:53:00,4,4.49,0,scooter,34.01084509779904,Moscow,0,25,18.4,0.13,14.8,4.0,6,1,0,1,3.3636363636363638,84.41284512096188
38712,2024-05-31 19:54:00,2,1.99,0,car,55.0,Moscow,0,17,27.0,2.23,13.7,4.0,5,19,0,4,4.026315789473684,66.70661565561517
79191,2025-05-01 15:13:00,3,2.6,1,bike,37.21804023678132,Moscow,0,39,7.5,0.08,1.4,4.0,5,15,0,3,4.078947368421052,68.73344611899002
26483,2024-01-30 12:54:00,2,2.4,0,bike,35.577876365522755,Moscow,1,10,0.7,9.02,2.9,4.0,1,12,0,1,4.012987012987013,66.35966191373996
8183,2024-05-19 00:46:00,1,9.33,0,scooter,46.65016744281999,SPB,0,20,11.3,7.89,12.0,2.0,5,0,0,6,2.414285714285714,128.71833705799395
27414,2024-07-13 01:55:00,5,0.77,0,scooter,49.49166115263669,Kazan,1,8,14.0,10.51,18.1,1.0,7,1,0,5,2.0303030303030303,36.687517811308055
27614,2025-04-18 13:12:00,1,3.0,0,car,55.0,Moscow,0,26,20.7,1.49,0.7,4.0,4,13,0,4,3.935064935064935,71.00912172806652
8509,2024-10-03 22:17:00,4,2.57,0,bike,32.99180766169915,Kazan,0,20,8.7,0.9,10.6,2.0,10,22,0,3,2.1129032258064515,60.97812549978403
1481,2025-04-29 23:44:00,3,2.4,0,car,55.0,Kazan,0,20,9.7,1.36,4.9,2.0,4,23,0,1,1.791044776119403,55.13282277494636
30381,2025-04-13 02:27:00,2,0.4,0,car,55.0,SPB,1,6,0.7,4.26,18.5,3.0,4,2,0,6,2.6056338028169015,31.3737373343537
18823,2024-08-17 15:33:00,3,1.56,0,scooter,50.22988603518088,Moscow,1,12,24.8,2.23,4.5,3.0,8,15,0,5,3.986666666666667,46.49133479884922
77050,2024-10-05 05:06:00,5,3.57,1,bike,34.060510655019456,Kazan,1,7,11.4,2.91,12.1,1.0,10,5,0,5,2.0317460317460316,44.44787397175824
94979,2024-07-22 11:47:00,4,5.09,0,bike,40.52713657796784,Moscow,1,14,21.7,1.06,11.2,4.0,7,11,0,0,3.526315789473684,81.29007438152502
62276,2024-11-22 19:48:00,2,4.9,0,car,55.0,Moscow,1,9,-0.6,1.37,7.5,4.0,11,19,0,4,4.026315789473684,80.97995424456077
46832,2024-11-27 19:55:00,6,3.83,0,bike,39.395918500296126,Moscow,0,36,-2.4,4.61,21.0,5.0,11,19,0,2,4.026315789473684,127.04774911791358
25304,2024-05-18 18:28:00,3,0.57,0,car,55.0,Moscow,0,30,19.4,3.6699035187287175,14.3,4.0,5,18,0,5,3.8701298701298703,70.24789429839065
54199,2025-04-16 18:02:00,6,2.17,0,car,55.0,Kazan,1,14,14.3,0.27,1.7,2.0,4,18,0,2,2.1538461538461537,53.88101139586479
42322,2024-04-15 20:44:00,3,7.78,0,car,55.0,SPB,0,25,5.8,8.74,11.9,4.0,4,20,0,0,2.289855072463768,129.33081785661543
3104,2024-03-06 03:39:00,5,5.29,0,car,55.0,Moscow,1,5,-11.3,5.06,13.2,4.0,3,3,0,2,3.8552631578947367,73.32318798508436
28528,2025-03-19 11:47:00,3,4.61,0,scooter,46.65016744281999,Moscow,0,30,0.2,0.92,14.1,4.0,3,11,0,2,3.688311688311688,91.45774801562936
50495,2024-01-19 21:43:00,2,0.75,0,bike,34.06066537047135,Moscow,1,11,-11.6,9.77,12.1,4.0,1,21,0,4,3.3466666666666667,55.00855595845823
24653,2025-03-28 16:24:00,3,4.16,0,car,55.0,Moscow,1,11,9.5,1.08,10.4,4.0,3,16,0,4,3.782051282051282,65.52497320682394
39826,2025-04-08 12:40:00,2,1.29,0,bike,35.574343203740504,Kazan,0,24,11.4,2.29,9.8,3.0,4,12,0,1,2.0793650793650795,59.465838996394055
18778,2025-01-11 22:52:00,4,2.96,0,bike,36.7621488349067,SPB,1,13,-0.4,9.19,18.0,3.0,1,22,0,5,2.361111111111111,72.30507048926806
91546,2025-06-22 16:10:00,6,2.56,0,scooter,55.0,Kazan,1,8,18.2,0.46,3.8,1.0,6,16,0,6,1.9428571428571428,39.50409712939839
78441,2025-06-27 16:42:00,2,3.11,0,bike,38.82921835200169,SPB,0,23,20.1,4.33,15.1,3.0,6,16,0,4,2.4927536231884058,71.45746465570983
17388,2024-05-26 09:24:00,3,13.85,0,car,55.0,SPB,0,21,17.7,9.94,18.9,3.0,5,9,0,6,2.375,209.5507392773848
37255,2025-03-26 22:00:00,3,1.24,0,car,55.0,SPB,1,13,-0.9,6.28,6.5,4.0,3,22,0,2,2.537313432835821,51.26633074723604
21178,2024-11-14 08:50:00,3,1.89,0,scooter,40.06698260588018,Kazan,0,29,0.5,0.58,11.7,2.0,11,8,0,3,2.183333333333333,68.3731140709345
86992,2024-10-24 19:24:00,3,4.35,0,car,55.0,Moscow,0,25,8.2,9.14,17.4,5.0,10,19,0,3,3.5657894736842106,109.36478274227625
95555,2024-07-04 00:52:00,3,3.08,0,car,51.43065228264467,SPB,0,16,14.0,0.9,5.5,4.0,7,0,0,3,2.3970588235294117,60.92840328189038
6820,2024-11-07 22:54:00,3,5.9,0,scooter,44.50215595557376,SPB,0,20,4.5,18.62,20.5,3.0,11,22,1,3,2.4558823529411766,107.64046182294298
42802,2024-12-08 20:33:00,6,3.08,0,bike,33.19299505524494,Moscow,0,39,-3.8,4.42,1.4,3.0,12,20,0,6,4.0131578947368425,104.63176199121486
50115,2024-07-16 09:07:00,2,5.53,0,bike,38.162502640513864,SPB,1,10,20.5,2.48,13.2,3.0,7,9,0,1,2.8142857142857145,88.52909284515958
61256,2024-09-17 13:47:00,3,5.63,0,scooter,42.921171489570995,Moscow,1,11,23.3,19.82,4.9,4.0,9,13,1,1,4.171052631578948,97.3596921590559
97007,2025-03-05 20:44:00,2,6.03,0,car,55.0,Kazan,0,37,-3.3,1.91,14.5,2.0,3,20,0,2,2.2222222222222223,103.1020741649373
19659,2024-03-06 14:34:00,4,1.1,0,scooter,52.991687044958624,Kazan,0,33,-7.1,0.66,8.3,2.0,3,14,0,2,2.225806451612903,63.28358589012963
3908,2024-07-29 10:14:00,2,13.9,0,car,55.0,SPB,0,33,22.2,0.75,17.5,3.0,7,10,0,0,2.5277777777777777,201.82710741836308
85177,2025-01-18 10:46:00,4,0.91,0,scooter,48.67284070467812,Moscow,1,13,0.7,5.86,17.9,4.0,1,10,0,5,4.175675675675675,48.1983525463141
42514,2024-05-25 12:20:00,1,2.02,0,scooter,41.41642418784267,SPB,0,20,22.7,5.9,16.2,2.0,5,12,0,5,2.3134328358208953,55.4965604107846
22533,2024-11-15 19:04:00,2,3.82,0,car,55.0,Kazan,1,11,-0.4,6.41,8.2,3.0,11,19,0,4,1.9855072463768115,72.03735418331189
95613,2024-12-18 15:34:00,6,3.16,0,bike,37.22409459253831,Moscow,1,11,-11.6,6.24,15.8,5.0,12,15,0,2,4.094594594594595,76.82100170293378
84310,2024-06-12 16:24:00,2,4.07,0,bike,37.45176782140707,SPB,1,5,16.7,7.04,9.7,3.0,6,16,0,2,2.1470588235294117,67.8117923786139
48552,2024-07-05 23:13:00,3,2.57,0,car,55.0,Moscow,0,16,19.9,1.0,4.9,5.0,7,23,0,4,3.896103896103896,62.21483413002993
40890,2024-02-15 05:03:00,5,3.17,0,bike,35.369149670627664,SPB,1,7,-8.1,3.02,23.5,3.0,2,5,0,3,2.4927536231884058,57.09859082729302
20027,2025-02-19 20:08:00,5,1.68,1,car,55.0,Moscow,1,9,-9.4,0.46,23.6,4.0,2,20,0,2,3.883116883116883,30.56400509177903
15685,2024-06-18 19:46:00,1,4.63,0,car,55.0,SPB,1,11,17.7,10.26,14.0,3.0,6,19,0,1,2.4225352112676055,82.28682726529291
97446,2024-07-05 23:12:00,1,3.48,0,car,55.0,SPB,0,25,16.1,2.42,7.3,4.0,7,23,0,4,2.515151515151515,73.7014772224545
85673,2025-02-08 09:04:00,3,4.74,0,bike,43.1943022875045,Kazan,0,17,-9.2,2.09,1.3,1.0,2,9,0,5,2.1944444444444446,77.69634933278188
87540,2025-02-28 11:45:00,5,4.3,1,car,55.0,Moscow,0,16,-2.5,0.34,1.8,4.0,2,11,0,4,3.9743589743589745,61.17635496297649
26159,2024-03-27 23:53:00,4,3.87,0,car,55.0,SPB,1,11,3.6,2.58,4.1,4.0,3,23,0,2,2.353846153846154,66.78875499437731
46386,2025-03-29 10:03:00,2,9.43,0,car,55.0,SPB,0,20,7.5,0.9,3.9,2.0,3,10,0,5,2.3661971830985915,118.89438382782552
68149,2024-10-28 17:25:00,3,7.44,0,bike,41.46738347715445,Moscow,0,18,8.4,10.18,6.2,4.0,10,17,0,0,3.810810810810811,135.16945049023929
26105,2025-03-04 09:26:00,3,1.17,0,scooter,48.34342395184287,Moscow,0,15,1.1,0.81,11.3,5.0,3,9,0,1,3.9342105263157894,63.92943832650613
10776,2024-06-11 23:59:00,1,2.0,0,car,55.0,Kazan,0,24,24.1,0.61,16.1,2.0,6,23,0,1,1.791044776119403,50.08481744262434
56913,2024-04-27 04:49:00,6,5.33,0,bike,36.62098754864886,SPB,0,36,-0.2,1.28,13.3,2.0,4,4,0,5,2.7,112.71082671029251
7291,2024-11-12 06:26:00,2,2.62,0,car,55.0,SPB,1,7,0.1,4.92,15.6,3.0,11,6,0,1,2.272727272727273,48.72052137151037
10096,2024-04-01 05:41:00,4,5.67,0,scooter,47.84167767078809,SPB,0,17,5.9,8.7,13.6,4.0,4,5,0,0,2.5074626865671643,96.20510921106631
70874,2024-02-10 11:50:00,3,0.81,0,car,55.0,Moscow,1,9,-21.4,0.19,12.7,4.0,2,11,0,5,3.486842105263158,35.07771064174763
34557,2024-10-01 18:46:00,2,1.39,0,bike,33.782298784964645,Moscow,1,6,13.9,0.95,16.3,4.0,10,18,0,1,3.4415584415584415,51.52999170705681
18696,2025-05-13 16:01:00,2,2.47,0,car,55.0,Moscow,1,12,8.4,0.26,7.7,5.0,5,16,0,1,3.8157894736842106,54.52374568165131
56108,2025-02-25 15:12:00,2,1.79,0,scooter,54.71734502201816,Moscow,1,5,-3.2,2.46,9.7,4.0,2,15,0,1,3.9210526315789473,41.44924881455076
42930,2024-04-07 07:54:00,5,3.07,0,bike,36.7621488349067,Kazan,1,12,0.4,0.13,9.4,1.0,4,7,0,6,1.8636363636363635,49.541870693864055
1227,2024-12-08 05:16:00,5,3.06,0,bike,35.96575629651888,SPB,0,36,-2.3,4.77,20.4,3.0,12,5,0,6,2.5,99.69151999902114
37294,2025-06-28 09:34:00,2,2.69,0,car,55.0,SPB,1,13,15.0,2.58,15.2,3.0,6,9,0,5,2.323943661971831,61.610125221637425
51611,2024-06-28 08:49:00,5,1.61,1,scooter,40.65776334533052,Moscow,0,37,19.5,0.92,19.7,nan,6,8,0,4,3.8157894736842106,12.425194068692889
68856,2025-03-23 16:53:00,5,9.11,0,bike,25.996363720780828,Moscow,1,11,4.7,0.68,19.2,3.0,3,16,0,6,3.32,120.16036067919339
78014,2025-05-11 01:16:00,5,1.6,0,car,55.0,Moscow,0,31,3.8,1.82,6.4,3.0,5,1,0,6,3.8181818181818183,70.87369134810297
10606,2025-06-13 07:25:00,1,0.84,0,car,55.0,Moscow,1,7,16.3,9.93,12.7,5.0,6,7,0,4,3.782051282051282,48.45049391670952
54902,2025-04-17 03:36:00,2,3.33,0,car,55.0,SPB,1,12,11.0,18.26,3.3,3.0,4,3,1,3,2.5714285714285716,70.2633731396391
11994,2024-08-28 01:58:00,4,5.53,0,bike,37.6456880964658,Moscow,1,12,17.6,0.04,10.0,4.0,8,1,0,2,3.3766233766233764,77.96685807362154
81496,2024-01-22 18:12:00,3,4.56,0,scooter,55.0,Kazan,0,27,-18.3,6.93,5.6,2.0,1,18,0,0,2.1940298507462686,95.43103462774346
94255,2024-10-27 22:38:00,3,8.58,0,car,55.0,Moscow,0,30,5.0,3.06,17.2,3.0,10,22,0,6,3.5921052631578947,128.8666332325139
29708,2024-03-26 07:03:00,4,3.13,0,bike,41.253268832294935,Moscow,1,8,-1.8,2.66,1.4,5.0,3,7,0,1,3.8846153846153846,64.96993419799823
83074,2025-03-10 07:16:00,3,8.97,0,car,55.0,Moscow,1,6,0.0,1.23,9.1,4.0,3,7,0,0,3.9066666666666667,106.4342094940121
220,2024-09-20 01:36:00,5,5.58,0,car,55.0,Kazan,1,12,11.7,0.7,11.4,3.0,9,1,0,4,2.3846153846153846,75.13417376516932
85321,2024-09-09 23:09:00,2,3.27,0,bike,39.8116220849798,Moscow,1,10,16.7,14.15,7.2,5.0,9,23,1,0,3.9066666666666667,79.98606240081472
61361,2024-05-08 05:16:00,2,1.35,0,bike,30.997625676503116,Kazan,0,31,8.8,5.76,19.7,2.0,5,5,0,2,2.046875,67.40704475760275
88093,2024-11-12 21:42:00,3,4.66,0,bike,37.969623408900276,Moscow,1,6,0.3,13.58,9.5,4.0,11,21,1,1,3.5789473684210527,84.40866512146629
16213,2024-08-27 21:52:00,3,1.59,0,car,55.0,Moscow,0,28,21.6,0.36,1.7,4.0,8,21,0,1,3.5789473684210527,63.45653084699473
13456,2024-12-29 07:07:00,4,4.62,0,car,55.0,Moscow,1,8,-0.9,5.86,14.7,3.0,12,7,0,6,4.065789473684211,65.66529518730671
85702,2024-10-13 04:10:00,4,3.45,1,bike,35.82995837477953,Moscow,0,17,5.0,5.53,6.3,4.0,10,4,0,6,3.68,63.00825307404167
89482,2024-08-12 09:08:00,4,4.64,0,bike,35.82995837477953,Kazan,0,34,15.6,2.79,6.7,2.0,8,9,0,0,2.1285714285714286,106.2097789359002
86138,2025-06-06 19:04:00,2,2.81,0,car,55.0,Moscow,0,28,25.7,0.61,7.9,4.0,6,19,0,4,4.026315789473684,82.42710818341303
77138,2025-04-11 06:38:00,1,1.64,0,bike,45.195252478472824,Moscow,0,39,-5.2,14.75,6.3,4.0,4,6,1,4,3.831168831168831,91.18009471893917
84787,2025-05-14 13:28:00,5,0.32,0,car,55.0,Moscow,0,17,12.0,0.03,15.5,5.0,5,13,0,2,3.871794871794872,46.07256012313988
11571,2024-03-28 11:42:00,2,2.12,0,bike,36.673060427125655,Moscow,0,27,2.6,2.71,14.5,4.0,3,11,0,3,3.9864864864864864,72.73259386700148
29210,2024-02-22 23:06:00,7,8.22,0,bike,39.11667838566589,Moscow,0,17,-3.4,3.43,9.6,4.0,2,23,0,3,3.3461538461538463,124.87469211573111
70049,2024-04-01 05:11:00,4,5.19,0,scooter,46.44408516513773,Moscow,0,30,7.6,7.38,17.4,5.0,4,5,0,0,4.116883116883117,111.63172741055213
59872,2024-07-11 02:30:00,1,3.71,0,bike,35.086380143438284,Moscow,0,38,15.4,14.06,6.5,4.0,7,2,1,3,3.7466666666666666,109.26322919394094
98556,2024-08-03 02:11:00,2,1.35,0,bike,38.62838052170366,Kazan,1,5,14.9,14.61,18.1,1.0,8,2,1,5,2.015151515151515,48.78310397695506
1217,2024-10-09 16:41:00,6,7.34,0,car,55.0,SPB,0,21,5.1,3.22,6.4,3.0,10,16,0,2,2.1470588235294117,111.83570919137776
73123,2024-10-07 05:05:00,2,2.26,0,car,55.0,Moscow,1,11,9.8,0.02,1.3,5.0,10,5,0,0,4.116883116883117,47.970568160419816
9037,2024-09-15 04:16:00,1,1.28,0,bike,40.142580832377945,Moscow,1,13,13.9,4.63,11.8,3.0,9,4,0,6,3.68,47.830068949275905
42336,2024-07-23 11:56:00,3,2.58,0,car,55.0,Moscow,0,27,21.3,8.45,0.4,4.0,7,11,0,1,3.831168831168831,81.5650280530346
17019,2025-01-19 17:05:00,2,3.02,0,car,55.0,Moscow,1,12,-0.5,4.33,15.4,3.0,1,17,0,6,4.0,63.72176143819792
59007,2024-12-24 01:41:00,4,2.63,0,car,55.0,Moscow,1,6,-1.0,3.02,4.4,4.0,12,1,0,1,3.3636363636363638,50.40928013418667
15329,2025-04-08 14:07:00,5,6.93,0,car,55.0,Moscow,0,25,-0.7,1.49,9.381167210597042,4.0,4,14,0,1,3.6,112.86208899566682
72790,2025-05-04 07:34:00,2,7.84,0,car,55.0,Moscow,1,6,8.5,2.43,19.7,3.0,5,7,0,6,4.065789473684211,93.59148825533713
50981,2024-08-31 07:11:00,3,1.77,0,scooter,49.6149146410911,SPB,0,20,18.6,0.14,14.9,2.0,8,7,0,5,2.6027397260273974,46.97830730237098
81931,2024-09-25 02:35:00,5,4.57,0,car,55.0,SPB,0,24,12.9,20.59,9.8,3.0,9,2,1,2,2.272727272727273,98.94060148340331
49636,2024-01-08 18:42:00,2,3.33,0,bike,42.8376824131858,Kazan,1,10,-23.3,1.22,16.5,2.0,1,18,0,0,2.1940298507462686,58.08551169778195
10154,2024-02-18 03:29:00,2,5.9,0,car,55.0,Moscow,1,6,-0.3,3.1,0.1,4.0,2,3,0,6,3.710526315789474,76.8157983278351
62573,2024-10-02 16:31:00,5,3.16,1,bike,38.07269195618679,Moscow,1,9,19.3,0.83,6.2,4.0,10,16,0,2,3.858974358974359,48.56971258909668
21745,2024-06-03 07:48:00,2,2.06,0,scooter,54.71734502201816,SPB,0,23,17.5,10.84,10.3,nan,6,7,0,0,2.588235294117647,10.575705587268892
92562,2025-05-23 21:15:00,2,2.34,1,scooter,46.7981431143761,Moscow,0,28,22.5,0.62,0.9,4.0,5,21,0,4,3.3466666666666667,56.963727322490584
50849,2024-10-14 07:15:00,3,3.99,0,bike,34.302746560329744,Moscow,1,7,3.1,1.17,4.1,4.0,10,7,0,0,3.9066666666666667,63.50305773110843
25679,2024-08-18 06:20:00,3,3.3,0,bike,30.567021598673445,SPB,0,23,16.6,4.92,15.9,3.0,8,6,0,6,2.1641791044776117,78.27211087503258
41854,2024-02-18 06:04:00,3,3.52,0,car,55.0,SPB,1,5,-3.8,2.23,22.0,2.0,2,6,0,6,2.1641791044776117,49.78830851001594
75862,2024-02-04 07:03:00,6,2.64,0,bike,31.367687591946154,Moscow,1,9,0.8,9.63,15.2,3.0,2,7,0,6,4.065789473684211,70.13340929808169
2221,2024-07-19 01:55:00,4,1.98,0,bike,38.56610576982384,Kazan,1,8,18.3,2.18,15.2,2.0,7,1,0,4,2.3846153846153846,43.82670557668145
78950,2025-03-22 13:32:00,2,5.21,0,scooter,44.79372201513367,SPB,1,10,3.8,4.0,6.1,2.0,3,13,0,5,2.380281690140845,69.60279902037746
13380,2025-01-22 00:15:00,2,0.73,1,car,55.0,SPB,0,31,-6.5,22.07,9.6,4.0,1,0,1,2,2.6338028169014085,65.89221484220987
28367,2025-06-14 06:42:00,4,5.34,0,car,55.0,Kazan,0,30,20.0,0.93,8.4,1.0,6,6,0,5,2.2205882352941178,92.09825311377958
51494,2024-01-09 05:00:00,1,11.87,0,scooter,47.84167767078809,Moscow,0,24,-9.6,3.73,10.6,5.0,1,5,0,1,3.6842105263157894,158.22657997458526
4540,2024-06-15 21:22:00,5,1.19,0,car,55.0,Moscow,1,11,18.6,3.54,1.1,3.0,6,21,0,5,3.9864864864864864,44.31884971836351
39327,2024-12-23 21:35:00,1,7.89,0,bike,40.142580832377945,SPB,0,16,0.3,4.06,11.1,3.0,12,21,0,0,2.5652173913043477,100.81584057579744
37431,2024-08-20 03:54:00,6,1.85,0,bike,40.804334648574,Moscow,1,12,19.5,2.16,0.2,4.0,8,3,0,1,3.64,57.14846510744027
38047,2024-10-16 23:21:00,1,1.98,0,car,55.0,Moscow,0,26,3.0,3.37,4.0,5.0,10,23,0,2,3.776315789473684,67.91107268693771
48954,2025-02-10 20:53:00,3,8.56,0,car,54.680479951338505,Kazan,0,32,-7.0,4.725955400087451,23.9,3.0,2,20,0,0,2.1,127.61742533910227
24499,2024-02-04 00:26:00,3,4.19,0,bike,38.3374319784028,Kazan,0,37,-7.1,4.1,6.7,1.0,2,0,0,6,2.34375,96.36328539803296
45802,2024-02-26 01:24:00,7,4.32,0,car,55.0,Moscow,0,28,-1.9,12.45,10.2,4.0,2,1,1,0,3.8933333333333335,106.89281609396394
81923,2024-12-16 21:35:00,3,0.2,0,bike,36.82146628990283,SPB,1,7,-0.3,2.8,9.1,3.0,12,21,0,0,2.5652173913043477,38.59894889258872
76659,2024-06-27 20:47:00,5,1.48,0,car,55.0,Moscow,1,14,21.9,1.69,9.8,4.0,6,20,0,3,3.688311688311688,51.598760910640024
70242,2024-08-04 10:54:00,3,0.73,0,bike,40.804334648574,Moscow,1,12,20.3,1.3,13.0,4.0,8,10,0,6,3.5526315789473686,45.29361085174334
89740,2024-04-09 18:13:00,3,6.56,0,scooter,52.98290027675885,Kazan,0,29,9.2,0.38,4.9,3.0,4,18,0,1,1.9661016949152543,111.08723797878173
55350,2024-05-15 16:41:00,2,1.41,0,bike,34.78209868887858,SPB,0,20,17.8,3.67,17.5,3.0,5,16,0,2,2.1470588235294117,58.80551354852251
44847,2024-12-03 12:08:00,2,7.16,1,car,55.0,Moscow,1,6,0.9,4.36,8.9,5.0,12,12,0,1,4.012987012987013,80.37144610604798
29848,2025-05-21 23:36:00,3,5.24,1,bike,39.11667838566589,SPB,1,11,8.2,1.92,12.3,3.0,5,23,0,2,2.353846153846154,65.7721304787114
1467,2025-03-27 15:08:00,3,3.41,0,car,55.0,Moscow,1,5,7.5,3.79,18.4,4.0,3,15,0,3,4.078947368421052,52.25364675161072
30545,2025-02-11 23:25:00,3,1.56,0,car,55.0,Moscow,0,20,-6.9,5.78,13.8,4.0,2,23,0,1,3.91025641025641,58.30731663780291
19015,2024-03-12 16:40:00,3,1.95,0,car,55.0,Moscow,0,27,2.1,1.5,5.8,4.0,3,16,0,1,3.8157894736842106,66.88115529273192
40992,2024-05-03 13:04:00,2,15.7,0,bike,33.520197773802906,Moscow,1,9,7.2,8.7,16.4,4.0,5,13,0,4,3.935064935064935,202.98808266780992
24852,2025-03-31 13:55:00,1,0.63,0,bike,33.0915722275002,Moscow,0,25,13.9,2.85,9.1,4.0,3,13,0,0,3.896103896103896,58.47146125729185
30389,2024-04-18 07:53:00,4,3.16,1,bike,42.8376824131858,Moscow,1,10,5.2,0.33,16.9,4.0,4,7,0,3,3.5,45.96473222562061
83483,2024-07-03 06:25:00,4,4.34,0,car,55.0,Moscow,0,23,22.7,5.22,14.2,4.0,7,6,0,2,3.769230769230769,85.31322204949011
46270,2024-11-26 16:50:00,3,4.37,0,bike,36.62098754864886,Kazan,0,24,-1.1,0.75,23.0,2.0,11,16,0,1,2.3174603174603177,81.30807830594614
86639,2025-04-22 23:33:00,5,3.57,0,car,55.0,Moscow,1,12,14.0,17.33,8.4,4.0,4,23,1,1,3.91025641025641,76.31322921910052
90064,2024-10-13 01:21:00,6,4.89,0,bike,31.260861704088715,Moscow,1,12,7.2,5.53,6.3,4.0,10,1,0,6,3.8181818181818183,88.98371347864357
72332,2024-05-08 05:59:00,2,2.49,0,car,55.0,Moscow,0,25,-0.8,1.01,6.2,4.0,5,5,0,2,3.68,66.1193994994
24990,2024-04-03 01:44:00,2,3.34,0,scooter,55.0,SPB,0,23,1.5,1.7,8.0,3.0,4,1,0,2,2.4153846153846152,67.6398575473435
53457,2024-08-04 15:00:00,3,3.95,0,car,55.0,SPB,0,26,18.9,3.94,16.1,2.0,8,15,0,6,2.4714285714285715,76.7256633877941
8858,2025-06-21 02:06:00,5,11.93,0,car,55.0,Moscow,1,8,13.5,2.76,11.6,3.0,6,2,0,5,3.779220779220779,136.95349770516935
44647,2024-11-16 11:04:00,5,7.09,1,bike,37.26218109219517,SPB,1,8,8.3,5.9,14.0,3.0,11,11,0,5,2.4507042253521125,85.62377339264621
19889,2024-10-21 02:02:00,2,3.99,0,bike,32.37325941116156,Kazan,1,7,5.4,4.08,3.0,2.0,10,2,0,0,2.1194029850746268,56.26372937744976
81958,2024-12-09 14:22:00,4,1.64,0,bike,42.191249465282176,Moscow,0,20,-1.4,0.93,22.7,5.0,12,14,0,0,4.142857142857143,63.270037041944704
58417,2025-04-04 09:18:00,1,5.62,0,car,55.0,Kazan,1,8,5.6,3.12,13.9,2.0,4,9,0,4,1.8636363636363635,73.6727169293999
68200,2024-11-10 06:15:00,4,0.46,0,bike,38.56610576982384,Moscow,1,13,4.8,15.8,12.7,3.0,11,6,1,6,3.736842105263158,58.05209284118531
23019,2025-01-25 01:52:00,2,2.66,0,car,55.0,SPB,0,25,1.0,2.32,1.4,3.0,1,1,0,5,2.4761904761904763,67.89671905509118
79321,2025-06-01 22:51:00,4,5.87,1,car,55.0,SPB,1,6,12.3,9.84,17.0,2.0,6,22,0,6,2.5441176470588234,67.06621052001326
68548,2024-10-22 00:31:00,4,0.08,1,bike,30.444795647135667,Kazan,0,21,5.7,0.13,1.2,2.0,10,0,0,1,2.0952380952380953,28.190988210693718
2928,2025-04-28 09:57:00,1,1.94,0,car,55.0,Moscow,0,19,2.9,0.92,15.1,4.0,4,9,0,0,3.776315789473684,64.25195767442986
72574,2024-06-16 11:40:00,4,1.91,0,car,55.0,Moscow,0,16,23.5,3.67,5.0,3.0,6,11,0,6,3.4805194805194803,50.93531976697062
45086,2024-01-27 12:57:00,3,9.8,0,bike,37.26218109219517,Kazan,1,8,-8.7,3.23,2.9,1.0,1,12,0,5,2.1875,117.88106233849803
24291,2024-03-23 21:56:00,3,7.05,0,car,55.0,Moscow,0,39,2.5,1.42,6.5,3.0,3,21,0,5,3.9864864864864864,121.32012145542751
94193,2025-05-11 07:36:00,2,3.2,0,car,55.0,Kazan,0,30,7.4,2.55,12.9,1.0,5,7,0,6,1.8636363636363635,70.57528231723317
33998,2025-06-02 10:53:00,2,0.41,0,car,55.0,SPB,1,5,16.5,0.15,19.4,4.0,6,10,0,0,2.5277777777777777,30.11415375918348
19257,2025-01-29 15:42:00,4,2.54,0,scooter,55.0,Moscow,0,36,3.8,2.13,9.0,4.0,1,15,0,2,4.094594594594595,85.86467332485668
353,2024-11-26 12:56:00,3,11.42,0,scooter,44.50215595557376,SPB,0,16,5.6,15.76,4.1,3.0,11,12,1,1,2.5074626865671643,157.62061415303953
365,2024-01-19 11:24:00,4,2.84,0,scooter,39.262412605512424,Moscow,0,37,-6.7,9.77,12.1,4.0,1,11,0,4,3.9743589743589745,100.51888673086918
95167,2024-04-13 05:25:00,3,3.38,0,scooter,43.02736698811714,Kazan,1,8,6.3,0.64,4.6,2.0,4,5,0,5,2.0317460317460316,49.4319693942239
43638,2025-03-15 23:57:00,2,9.6,0,car,55.0,Moscow,1,6,-1.3,0.27,9.7,3.0,3,23,0,5,4.076923076923077,105.61430833934085
49117,2024-02-08 12:38:00,2,1.5,0,car,55.0,SPB,0,37,-18.3,11.32,0.4,3.0,2,12,1,3,2.208955223880597,79.52348562310817
83144,2024-06-11 23:25:00,4,3.89,0,car,55.0,Moscow,0,24,19.2,2.77,3.8,4.0,6,23,0,1,3.91025641025641,80.75154677570897
62725,2025-04-22 05:44:00,4,4.03,0,car,55.0,Moscow,1,13,14.1,17.33,8.4,4.0,4,5,1,1,3.6842105263157894,79.5267860403191
36200,2025-01-06 08:42:00,3,6.95,0,car,55.0,SPB,0,23,-9.9,7.22041542040545,3.3,3.0,1,8,0,0,2.3823529411764706,118.36428881411996
11145,2024-06-16 21:07:00,2,3.57,0,bike,37.45176782140707,SPB,1,8,18.3,1.93,7.4,2.0,6,21,0,6,2.5,55.11480859266524
50542,2024-12-15 12:15:00,5,3.49,0,car,55.0,Moscow,1,7,-5.7,4.83,4.6,4.0,12,12,0,6,3.789473684210526,59.90222704515271
39318,2024-02-05 20:50:00,2,4.37,0,car,55.0,SPB,1,6,-4.7,3.51,18.1,3.0,2,20,0,0,2.289855072463768,60.63647183522967
55742,2024-05-12 00:23:00,1,3.2,0,car,55.0,SPB,0,26,1.3,3.54,7.8,nan,5,0,0,6,2.414285714285714,12.56185565474172
70373,2025-06-23 14:03:00,1,2.03,0,car,55.0,SPB,0,23,18.4,5.4,16.1,3.0,6,14,0,0,2.5757575757575757,57.28577487906057
58881,2024-03-20 01:17:00,2,0.25,0,car,55.0,Moscow,1,11,-4.9,2.44,19.4,5.0,3,1,0,2,3.3766233766233764,43.13462626012432
20254,2024-01-08 15:06:00,4,1.44,0,car,55.0,Moscow,0,27,-17.7,6.19,23.2,5.0,1,15,0,0,3.5789473684210527,69.77773532964059
23162,2024-05-02 04:56:00,3,4.63,0,car,55.0,Moscow,0,27,5.2,20.55,9.875,4.0,5,4,1,3,3.736842105263158,104.23110262253574
17748,2024-11-08 19:33:00,2,1.26,0,bike,33.782298784964645,Moscow,1,13,3.6,5.37,9.2,4.0,11,19,0,4,4.026315789473684,64.70452485866468
86429,2024-03-12 11:23:00,5,1.37,0,bike,33.503041454143556,Moscow,0,39,-1.0,1.5,5.8,4.0,3,11,0,1,3.831168831168831,86.01140068856661
25480,2024-04-06 14:48:00,5,1.37,1,car,55.0,Moscow,0,17,6.0,6.85,9.381167210597042,4.0,4,14,0,5,3.6363636363636362,50.06877812861056
12900,2024-03-02 13:04:00,2,2.01,0,scooter,48.67284070467812,Moscow,0,27,-2.6,1.26,9.8,3.0,3,13,0,5,3.9743589743589745,60.195455899941265
11984,2024-04-10 00:43:00,4,4.28,1,car,55.0,Kazan,1,14,4.0,2.91,6.6,2.0,4,0,0,2,2.123076923076923,53.85088798556443
41629,2024-02-16 22:07:00,4,10.54,0,car,55.0,Moscow,1,7,-8.9,3.97,11.0,4.0,2,22,0,4,3.9466666666666668,130.92322130776247
93581,2024-01-19 17:15:00,2,0.67,1,scooter,48.67284070467812,SPB,0,37,-5.9,5.52,9.6,3.0,1,17,0,4,2.135135135135135,64.8126006355928
68846,2024-06-27 11:28:00,3,6.88,0,scooter,39.091298449230436,Moscow,0,22,23.3,1.69,9.8,4.0,6,11,0,3,3.9864864864864864,106.35917315916356
18638,2024-12-08 19:03:00,4,2.37,0,bike,31.870139968385395,Kazan,0,37,-7.2,5.64,7.6,1.0,12,19,0,6,1.9508196721311475,88.5710279477451
33975,2024-03-07 00:18:00,2,3.32,0,bike,40.879308302895126,Kazan,0,32,-9.6,3.61,19.3,2.0,3,0,0,3,2.287878787878788,81.44078195026066
11200,2025-06-20 06:14:00,2,3.7,0,car,55.0,Kazan,1,6,14.9,0.91,5.6,2.0,6,6,0,4,2.2222222222222223,47.855398445108165
77705,2025-04-26 10:28:00,2,2.27,0,bike,35.5218365044405,Moscow,0,34,3.7,1.08,0.7,3.0,4,10,0,5,4.175675675675675,75.69253558539812
54052,2024-01-11 23:38:00,3,6.67,0,car,55.0,Kazan,0,24,-11.5,4.219901193906957,10.7,2.0,1,23,0,3,2.032258064516129,99.42560027941587
65704,2024-11-28 03:02:00,1,0.33,0,car,55.0,Kazan,1,9,-4.3,1.0,0.3,2.0,11,3,0,3,2.19672131147541,29.2600328351841
77697,2024-05-18 03:18:00,2,7.27,1,scooter,39.047551890965785,SPB,1,8,5.7,7.93,8.2,2.0,5,3,0,5,2.4864864864864864,82.27531541279659
93450,2024-05-11 03:31:00,1,4.45,0,car,55.0,SPB,0,39,2.9,4.07,14.7,2.0,5,3,0,5,2.4864864864864864,84.01848733365836
17599,2024-07-09 04:41:00,2,1.43,0,car,55.0,Kazan,0,29,16.7,0.29,7.8,2.0,7,4,0,1,2.1384615384615384,54.89140606526968
90543,2024-06-27 22:54:00,2,0.81,0,car,55.0,Kazan,1,14,16.0,1.99,9.1,2.0,6,22,0,3,2.1129032258064515,37.8824990189225
85893,2024-09-27 04:45:00,2,1.09,0,car,55.0,Kazan,0,32,8.7,6.16,19.7,3.0,9,4,0,4,1.9848484848484849,64.0633628883596
98320,2024-04-18 22:18:00,4,2.29,0,bike,42.40735828019987,Moscow,1,5,5.4,0.33,16.9,4.0,4,22,0,3,3.5789473684210527,44.047089430718756
64222,2024-02-05 08:30:00,2,4.36,0,bike,38.07269195618679,Moscow,1,11,-5.8,19.15,20.4,4.0,2,8,1,0,3.6315789473684212,102.65823636570902
56128,2025-03-21 07:03:00,2,4.65,0,car,55.0,Kazan,0,27,-1.6,1.05,12.7,2.0,3,7,0,4,2.391304347826087,80.73855574708992
37994,2025-02-09 21:18:00,5,6.42,0,scooter,39.091298449230436,Moscow,1,13,-4.2,9.59,18.6,3.0,2,21,0,6,3.5714285714285716,99.55161607332595
60130,2025-04-20 19:38:00,4,2.08,1,car,55.0,Kazan,0,34,19.7,1.34,11.1,2.0,4,19,0,6,1.9508196721311475,66.14055445735931
36632,2024-01-04 23:36:00,2,6.72,0,scooter,45.13982204557147,Kazan,0,34,-17.4,0.42,12.8,2.0,1,23,0,3,2.032258064516129,104.56001421396579
16749,2024-11-05 04:36:00,4,3.12,0,scooter,52.32152702875614,Moscow,0,36,-1.2,0.06,2.3,5.0,11,4,0,1,3.8,90.09908938209725
32280,2024-02-27 14:52:00,2,2.47,0,bike,39.11667838566589,Kazan,0,37,-6.6,11.15,18.1,2.0,2,14,1,1,2.123076923076923,90.08486785472552
55679,2024-03-09 09:48:00,4,3.34,0,car,48.016477908776224,SPB,0,37,-4.9,1.93,3.0,2.0,3,9,0,5,2.323943661971831,92.55670623849566
59719,2025-01-24 15:29:00,4,0.8,0,bike,35.5218365044405,SPB,0,21,1.4,1.38,10.7,3.0,1,15,0,4,2.391304347826087,53.9387026722972
11446,2024-01-25 15:30:00,2,0.87,0,scooter,52.32152702875614,Kazan,0,22,-5.3,1.51,23.5,3.0,1,15,0,3,2.0588235294117645,53.992109299132224
30792,2025-01-14 01:07:00,3,7.36,0,scooter,48.67284070467812,Kazan,0,24,-1.7,9.5,18.8,2.0,1,1,0,1,2.101449275362319,113.76098880479307
92324,2025-02-20 18:08:00,2,1.16,0,car,55.0,Moscow,0,25,-8.3,9.56,22.1,4.0,2,18,0,3,3.554054054054054,73.80742490130869
25339,2024-05-07 01:35:00,3,2.66,0,bike,40.89902689179051,Kazan,0,35,1.5,1.22,1.7,2.0,5,1,0,1,2.101449275362319,80.45374265824344
15792,2025-05-16 01:42:00,1,2.32,0,bike,39.395918500296126,SPB,0,37,7.3,4.39,17.1,4.0,5,1,0,4,2.338235294117647,84.6504034476996
26919,2025-03-23 16:38:00,3,4.72,0,car,55.0,Moscow,1,12,4.7,0.68,19.2,3.0,3,16,0,6,3.32,68.59205378768812
74767,2024-04-19 04:20:00,1,2.14,0,car,55.0,Kazan,0,34,11.9,2.75,2.1,2.0,4,4,0,4,1.9848484848484849,67.81938314109124
78079,2024-02-14 05:26:00,3,25.11,0,car,55.0,Moscow,0,36,-12.5,8.75,7.3,5.0,2,5,0,2,3.68,226.37086026863398
28942,2025-05-08 13:59:00,2,3.5,0,car,55.0,Kazan,1,8,10.0,3.7,4.8,2.0,5,13,0,3,2.057142857142857,52.62476369876727
63341,2025-02-26 20:37:00,2,3.49,0,car,55.0,SPB,1,10,-0.3,13.35,19.5,3.0,2,20,1,2,2.445945945945946,66.8488904985876
89466,2025-01-23 20:50:00,2,2.36,0,bike,36.673060427125655,SPB,0,20,0.5,3.44,2.7,3.0,1,20,0,3,2.1857142857142855,66.67849615784692
75849,2024-07-01 00:12:00,2,6.24,0,car,55.0,Moscow,1,11,20.3,5.84,3.0,4.0,7,0,0,0,3.727272727272727,88.49315909182167
6213,2025-02-19 23:51:00,2,4.62,0,bike,28.43607271038636,SPB,1,10,-12.2,2.44,13.3,3.0,2,23,0,2,2.353846153846154,73.72396189087453
66650,2024-09-05 20:42:00,5,4.63,0,bike,40.879308302895126,SPB,1,11,17.1,2.33,11.6,3.0,9,20,0,3,2.1857142857142855,74.9967596834938
6898,2025-04-21 06:20:00,2,1.12,0,bike,36.62098754864886,Moscow,0,35,11.7,4.4560500481231955,7.5,4.0,4,6,0,0,3.8133333333333335,74.08456338480867
62393,2025-02-20 17:08:00,2,1.1,0,car,55.0,Moscow,1,6,-7.7,9.56,22.1,4.0,2,17,0,3,4.012820512820513,49.79024073302757
87795,2024-09-16 02:24:00,3,5.68,0,car,55.0,SPB,1,12,13.7,4.42,9.0,3.0,9,2,0,0,2.418918918918919,78.4873767030263
22368,2024-01-16 08:08:00,1,3.59,0,car,55.0,Moscow,1,5,-2.7,2.09,19.5,5.0,1,8,0,1,3.8533333333333335,69.65449099308508
65733,2024-03-27 22:03:00,4,3.46,0,car,55.0,Kazan,1,13,-2.1,11.64,4.8,3.0,3,22,1,2,1.7575757575757576,69.24152563573585
75910,2025-03-26 06:30:00,5,6.74,1,car,55.0,Kazan,1,13,2.4,1.16,18.6,2.0,3,6,0,2,1.9850746268656716,73.99163244273119
75363,2024-06-02 11:38:00,2,2.71,0,bike,40.61012440281896,Kazan,0,18,27.4,4.65,4.7,1.0,6,11,0,6,1.953125,61.63596216154995
86606,2024-03-04 05:27:00,3,2.64,0,car,55.0,Moscow,0,18,-11.4,3.7,6.9,5.0,3,5,0,0,4.116883116883117,67.3804569085722
69481,2024-05-10 08:56:00,5,3.05,0,car,55.0,Kazan,0,24,2.4,7.7,17.7,2.0,5,8,0,4,2.2285714285714286,84.72158389210334
1970,2024-01-05 01:22:00,4,0.69,0,car,55.0,Kazan,0,29,-17.3,0.78,19.8,nan,1,1,0,4,2.3846153846153846,7.482700503901313
54839,2025-01-20 15:02:00,4,13.2,1,car,55.0,Moscow,1,7,1.3,6.7,0.2,4.0,1,15,0,0,3.5789473684210527,140.46017140690589
92820,2025-03-13 15:44:00,3,3.22,0,scooter,52.32152702875614,Kazan,0,22,3.4,1.48,8.5,3.0,3,15,0,3,2.0588235294117645,67.47115839000135
23958,2024-04-18 03:28:00,1,5.84,0,car,55.0,Moscow,1,12,2.9,0.33,16.9,4.0,4,3,0,3,3.779220779220779,79.4837867035851
40861,2024-05-20 17:07:00,1,4.54,0,scooter,54.69739406908258,Moscow,1,14,23.6,0.8,2.2,4.0,5,17,0,0,3.810810810810811,79.28886710263771
50181,2025-04-20 03:47:00,5,4.99,0,car,55.0,Kazan,0,37,12.8,1.34,11.1,2.0,4,3,0,6,2.1639344262295084,101.08478552176415
16641,2025-02-10 09:28:00,1,5.22,0,car,55.0,Moscow,1,6,-5.6,2.66,21.3,4.0,2,9,0,0,3.776315789473684,76.38455114363535
42951,2024-10-10 18:47:00,4,4.94,0,bike,35.96575629651888,Moscow,1,10,8.7,0.04,15.2,5.0,10,18,0,3,3.554054054054054,85.15453949053006
82612,2024-06-11 16:48:00,4,5.79,0,bike,42.191249465282176,Kazan,0,20,30.0,0.61,16.1,2.0,6,16,0,1,2.3174603174603177,89.12780378099762
64783,2025-03-04 02:09:00,2,12.88,0,scooter,46.87140935662086,Moscow,0,20,-0.5,0.81,11.3,5.0,3,2,0,1,3.727272727272727,165.4750893787475
41214,2024-04-14 07:22:00,4,2.02,0,car,55.0,Moscow,0,30,5.3,10.69,17.5,nan,4,7,0,6,4.065789473684211,12.469709849484587
83380,2024-04-10 14:04:00,4,1.15,0,car,55.0,Moscow,0,30,19.6,8.06,1.3,5.0,4,14,0,2,3.4415584415584415,80.63758329381115
60864,2025-05-16 16:26:00,4,4.98,0,scooter,47.84167767078809,SPB,1,7,17.2,4.39,17.1,4.0,5,16,0,4,2.4927536231884058,70.53758885179319
50635,2024-12-08 07:34:00,3,6.02,0,car,55.0,Moscow,1,9,-2.1,4.42,1.4,3.0,12,7,0,6,4.065789473684211,79.72423577016649
97813,2024-04-10 14:54:00,7,2.78,0,scooter,49.49166115263669,Moscow,1,13,19.6,8.06,1.3,5.0,4,14,0,2,3.4415584415584415,71.32998111690594
84884,2025-01-19 11:51:00,2,7.64,0,scooter,55.0,Kazan,1,5,-0.2,2.96,20.0,1.0,1,11,0,6,1.953125,75.24972287978032
49216,2024-07-04 07:55:00,4,4.23,0,car,55.0,Moscow,0,25,22.4,0.86,13.0,4.0,7,7,0,3,3.5,84.81239013689567
85860,2025-04-13 06:30:00,3,1.43,0,car,55.0,Moscow,1,7,-0.9,3.33,9.0,3.0,4,6,0,6,3.736842105263158,40.22118633005526
66641,2025-05-02 02:22:00,3,6.29,0,bike,38.94927677658439,Moscow,1,9,1.3,0.18,17.0,4.0,5,2,0,4,3.8552631578947367,86.10892403267292
15745,2024-04-15 13:11:00,3,3.46,0,bike,39.53406196193262,Kazan,1,11,9.5,9.04,11.0,2.0,4,13,0,0,2.3728813559322033,68.9517002232098
86,2024-01-10 16:30:00,4,1.2,0,scooter,54.69739406908258,Moscow,0,35,-11.8,2.85,11.7,4.0,1,16,0,2,3.858974358974359,76.9594740034615
46194,2024-07-08 04:48:00,3,1.02,0,car,55.0,Kazan,1,14,15.5,4.8,14.5,2.0,7,4,0,0,2.1147540983606556,41.747098708907984
76518,2024-04-07 16:36:00,3,4.38,0,scooter,53.06435092865217,Moscow,1,6,14.2,0.62,2.2,nan,4,16,0,6,3.32,11.542602865924202
71681,2025-06-11 15:01:00,3,5.33,0,car,55.0,Kazan,1,9,23.8,1.86,7.7,3.0,6,15,0,2,1.8870967741935485,71.25868304916956
26202,2025-06-27 17:10:00,1,0.81,1,bike,38.8266233036702,Moscow,1,7,18.2,7.76,1.0,4.0,6,17,0,4,3.9473684210526314,50.078271688932304
91839,2024-08-23 14:45:00,3,2.98,0,car,55.0,Kazan,0,17,21.8,0.19,1.8,2.0,8,14,0,4,2.014705882352941,54.962144640460494
2217,2024-10-17 07:16:00,6,3.06,0,car,55.0,Moscow,1,10,-1.5,18.88,11.0,4.0,10,7,1,3,3.5,71.83798905602364
32168,2025-06-15 16:42:00,4,2.5,0,bike,36.24682112531779,Kazan,0,18,19.2,2.09,8.1,1.0,6,16,0,6,1.9428571428571428,59.23306835606114
29643,2025-03-27 18:01:00,4,6.76,0,bike,35.82995837477953,Moscow,1,5,6.7,3.79,18.4,4.0,3,18,0,3,3.554054054054054,99.71773699886222
16669,2024-02-11 06:40:00,3,3.83,1,scooter,55.0,Moscow,0,34,-17.6,5.716251278903212,18.1,3.0,2,6,0,6,3.736842105263158,41.36126981991057
62282,2025-03-03 05:22:00,2,2.34,0,car,55.0,Moscow,0,26,-1.2,5.71,0.6,4.0,3,5,0,0,4.116883116883117,65.34721465520497
61588,2024-08-15 07:13:00,4,0.29,0,car,55.0,Kazan,0,24,12.8,7.01,15.0,3.0,8,7,0,3,2.1363636363636362,57.91593430432475
70873,2025-05-29 03:36:00,4,5.12,1,car,55.0,SPB,0,23,14.2,0.9,8.8,3.0,5,3,0,3,2.5714285714285716,71.6628721611902
13876,2024-06-03 16:52:00,2,0.49,0,bike,30.58051523310684,Kazan,0,20,27.5,0.61,18.2,3.0,6,16,0,0,2.1578947368421053,46.83988825400175
4725,2024-12-13 21:24:00,4,2.23,0,bike,43.1943022875045,Moscow,0,24,-9.1,4.62,15.5,4.0,12,21,0,4,3.3466666666666667,75.46538388696689
63283,2025-05-12 05:58:00,3,2.59,0,car,55.0,Moscow,0,17,1.6,3.06,16.2,4.0,5,5,0,0,4.116883116883117,62.126301420388295
60523,2025-01-31 00:35:00,3,2.3,0,bike,40.61012440281896,SPB,0,21,3.0,14.77,21.7,3.0,1,0,1,4,2.2903225806451615,84.64434159293141
30993,2024-09-13 21:28:00,2,2.94,0,car,55.0,Moscow,1,11,19.9,1.84,11.7,4.0,9,21,0,4,3.3466666666666667,56.02634651611005
62821,2024-02-25 22:32:00,2,3.41,0,car,55.0,Moscow,0,28,-1.4,5.09,0.1,3.0,2,22,0,6,3.5921052631578947,78.90111922725923
22686,2024-01-25 05:25:00,1,9.43,0,bike,31.260861704088715,SPB,1,8,0.3,1.86,11.4,3.0,1,5,0,3,2.4927536231884058,120.66378292493847
60567,2024-01-09 02:34:00,8,6.2,0,car,55.0,Moscow,1,9,-9.3,3.73,10.6,5.0,1,2,0,1,3.727272727272727,90.94902762355403
68343,2024-05-22 10:04:00,1,3.61,0,car,55.0,Moscow,0,22,18.8,3.6699035187287175,9.9,4.0,5,10,0,2,3.5584415584415585,68.68579372029279
10475,2024-06-18 19:00:00,1,3.85,0,car,55.0,SPB,0,17,17.7,10.26,14.0,3.0,6,19,0,1,2.4225352112676055,82.43373955615324
70505,2024-12-02 02:44:00,3,3.87,0,car,55.0,Moscow,1,5,-0.3,4.6,5.0,4.0,12,2,0,0,3.7837837837837838,59.99351924692756
33558,2025-04-13 13:40:00,1,3.75,0,car,55.0,Moscow,1,13,3.9,3.33,9.0,3.0,4,13,0,6,3.935064935064935,62.10215985342235
55716,2024-05-21 20:42:00,2,3.43,0,bike,36.82146628990283,Kazan,0,35,15.8,1.35,11.4,2.0,5,20,0,1,2.0757575757575757,82.52273272845986
30849,2025-06-11 14:42:00,1,3.06,0,car,55.0,SPB,1,8,16.7,10.32,7.2,4.0,6,14,0,2,2.5652173913043477,61.063077953682566
16302,2024-03-29 15:51:00,2,1.78,0,bike,33.0915722275002,Moscow,0,22,5.1,9.81,11.5,4.0,3,15,0,4,3.581081081081081,75.87035668578655
58889,2025-05-20 15:10:00,4,3.89,0,car,55.0,SPB,0,31,15.0,2.04,19.7,3.0,5,15,0,1,2.426470588235294,88.37870804486076
81605,2024-10-06 06:38:00,7,3.49,1,scooter,46.760053354253095,Moscow,0,38,5.0,1.28,17.3,3.0,10,6,0,6,3.736842105263158,90.32896805724533
53413,2024-05-22 19:56:00,2,7.15,0,car,55.0,Moscow,0,31,19.1,3.6699035187287175,9.9,4.0,5,19,0,2,4.026315789473684,120.91586848748426
56318,2025-02-09 02:14:00,3,1.83,0,scooter,52.32152702875614,Kazan,1,9,-6.2,3.37,2.6,2.0,2,2,0,6,1.9538461538461538,43.144464721642635
78476,2024-04-12 16:33:00,1,3.24,0,car,55.0,Kazan,0,27,12.9,0.97,5.1,3.0,4,16,0,4,2.125,67.23431372798568
27430,2024-08-16 07:30:00,2,2.49,0,bike,33.782298784964645,Moscow,0,33,12.4,5.23,20.0,4.0,8,7,0,4,3.782051282051282,85.9029330280489
73418,2025-04-25 00:58:00,3,5.33,0,scooter,55.0,Kazan,1,9,12.3,0.3,5.0,2.0,4,0,0,4,2.0952380952380953,64.08503132125311
11104,2025-05-29 07:30:00,3,8.07,0,bike,36.88875564924949,Moscow,0,35,18.6,0.76,0.0,4.0,5,7,0,3,3.5,135.72217506973715
26343,2024-02-03 02:14:00,2,0.44,0,scooter,49.00620380326575,Moscow,1,8,-6.1,5.716251278903212,13.4,4.0,2,2,0,5,3.779220779220779,8.971206246596566
42904,2024-12-08 14:03:00,4,2.66,0,car,55.0,Moscow,1,12,-2.2,4.42,1.4,3.0,12,14,0,6,3.971830985915493,56.09055644916537
87331,2024-07-22 15:42:00,2,4.33,0,car,55.0,SPB,0,20,24.7,7.87,19.7,3.0,7,15,0,0,2.6818181818181817,82.13575593025794
16224,2024-01-04 15:21:00,3,1.47,0,bike,37.6456880964658,Kazan,0,32,-16.9,0.42,12.8,2.0,1,15,0,3,2.0588235294117645,64.01881424528571
47451,2024-06-29 15:47:00,2,5.88,0,car,55.0,Moscow,1,13,28.5,0.67,15.3,4.0,6,15,0,5,3.986666666666667,80.35934933912898
68670,2025-05-22 05:45:00,2,4.8,0,bike,40.60867476452213,SPB,0,28,7.8,8.26,14.9,3.0,5,5,0,3,2.4927536231884058,102.72860108121642
27747,2024-07-28 20:24:00,1,2.01,0,car,55.0,Kazan,0,31,16.1,2.71,10.0,1.0,7,20,0,6,2.0597014925373136,58.64332306673355
38603,2025-04-18 08:37:00,4,2.07,0,car,55.0,Kazan,0,18,12.5,0.28,10.8,3.0,4,8,0,4,2.2285714285714286,60.87337550292746
97461,2024-12-19 11:19:00,3,0.6,0,bike,35.23265629823605,SPB,0,35,-5.4,2.45,20.1,3.0,12,11,0,3,2.619047619047619,70.47194325762192
3375,2025-04-25 19:31:00,3,1.01,0,car,55.0,Kazan,1,11,15.4,0.3,5.0,2.0,4,19,0,4,1.9855072463768115,40.191524730748455
73840,2024-02-29 17:21:00,1,2.23,0,scooter,45.651242794209146,SPB,1,13,0.8,1.3,16.8,3.0,2,17,0,3,2.5211267605633805,58.1004533559288
81804,2024-04-02 08:48:00,5,3.12,0,car,55.0,Moscow,1,5,10.6,3.34,17.0,4.0,4,8,0,1,3.8533333333333335,65.18366035892286
24578,2024-11-06 08:09:00,4,1.87,0,car,41.750137119404535,SPB,1,11,4.4,3.33,21.0,3.0,11,8,0,2,2.4242424242424243,60.5670469064967
40058,2024-08-30 11:16:00,5,4.73,1,bike,28.43607271038636,SPB,0,21,20.8,10.65,0.0,4.0,8,11,0,4,2.514705882352941,91.18660635774462
24267,2024-08-15 08:52:00,2,5.7,0,car,55.0,Kazan,0,19,13.2,7.01,15.0,3.0,8,8,0,3,2.183333333333333,96.336126999064
10148,2024-01-22 03:47:00,2,3.88,0,car,55.0,Moscow,1,9,-10.6,3.96,16.3,5.0,1,3,0,0,3.948717948717949,65.96532029667453
90905,2024-02-16 05:43:00,3,7.23,0,bike,30.997625676503116,Moscow,1,10,-10.5,3.97,11.0,4.0,2,5,0,4,3.75,105.41163104307724
34149,2025-03-22 12:30:00,4,2.67,0,car,55.0,Moscow,0,35,2.3,1.0,2.2,3.0,3,12,0,5,4.012987012987013,80.35860175968148
4530,2024-04-27 20:57:00,1,1.6,1,scooter,55.0,Moscow,0,35,10.3,7.54,1.8,3.0,4,20,0,5,3.8378378378378377,60.36740992004486
96453,2025-05-05 06:38:00,3,3.02,0,car,53.93865388999127,Kazan,0,18,13.4,4.09,6.9,2.0,5,6,0,0,2.0142857142857142,57.795714941074834
10389,2024-01-19 14:21:00,5,2.79,0,scooter,51.200599917946555,SPB,0,16,-4.3,5.52,9.6,3.0,1,14,0,4,2.2388059701492535,65.05633764138369
3957,2024-01-31 19:34:00,7,2.28,0,scooter,46.65016744281999,Moscow,0,16,-2.1,20.23,12.2,5.0,1,19,1,2,4.026315789473684,98.41064702498213
21842,2024-11-17 21:11:00,3,3.26,0,scooter,55.0,SPB,1,9,4.3,18.83,15.8,3.0,11,21,1,6,2.5,67.73348500703082
41194,2024-09-17 22:17:00,6,1.09,0,scooter,46.65016744281999,SPB,0,29,15.0,7.85,13.4,3.0,9,22,0,1,2.227272727272727,76.20920394080265
94045,2025-02-19 02:53:00,2,0.56,0,car,55.0,Kazan,0,35,-15.9,9.62,23.5,2.0,2,2,0,2,2.242424242424242,65.53288144793888
39771,2025-02-06 17:55:00,3,3.57,0,car,55.0,Moscow,1,9,-1.3,2.01,2.4,4.0,2,17,0,3,4.012820512820513,71.58880010182166
35192,2024-02-20 14:31:00,1,1.93,0,scooter,45.159897613091154,Moscow,0,30,-7.4,0.19,16.3,4.0,2,14,0,1,3.6,63.33173804949613
881,2024-03-17 11:03:00,2,2.47,0,car,55.0,Kazan,0,39,-2.7,3.58,8.0,1.0,3,11,0,6,1.953125,76.93804049233796
58666,2024-10-20 20:39:00,3,3.63,0,car,55.0,Moscow,0,20,5.5,5.07,14.4,4.0,10,20,0,6,4.0131578947368425,73.75261696652338
73288,2025-06-14 01:42:00,4,2.62,0,car,55.0,Moscow,0,24,13.4,1.68,12.0,3.0,6,1,0,5,3.7662337662337664,66.03280653664825
46350,2024-12-10 03:33:00,3,5.48,0,bike,35.96575629651888,SPB,0,21,0.6,9.31,11.4,4.0,12,3,0,1,2.242857142857143,106.18207430383417
8835,2024-07-13 13:05:00,4,8.49,0,car,55.0,SPB,0,35,23.6,1.27,8.0,3.0,7,13,0,5,2.380281690140845,133.80086516459517
62167,2025-04-21 09:40:00,3,3.68,0,car,55.0,Moscow,0,39,16.1,4.4560500481231955,7.5,4.0,4,9,0,0,3.776315789473684,107.59565286440662
21513,2025-05-30 12:37:00,3,3.59,0,car,55.0,Moscow,0,34,25.7,4.14,5.4,4.0,5,12,0,4,3.74025974025974,88.61625689974987
16675,2024-09-21 07:58:00,2,4.44,0,car,55.0,Moscow,0,32,11.4,5.21,9.3,3.0,9,7,0,5,4.0131578947368425,88.30479742173877
86895,2025-03-22 21:11:00,2,1.83,0,bike,41.253268832294935,Kazan,0,24,-4.9,0.4,10.6,1.0,3,21,0,5,2.1538461538461537,50.98656280717725
65949,2024-04-18 09:38:00,3,2.89,0,bike,40.807844015374776,SPB,1,7,-1.5,2.84,0.7,3.0,4,9,0,3,2.1911764705882355,62.58288735040852
31835,2024-10-23 18:56:00,4,1.2,0,bike,38.162502640513864,Moscow,1,11,9.4,0.69,15.5,4.0,10,18,0,2,3.6623376623376624,56.23276717428181
74775,2025-03-19 22:05:00,3,4.48,0,car,55.0,Moscow,1,7,1.8,0.92,14.1,4.0,3,22,0,2,4.0,61.18105291489335
21665,2024-02-24 14:37:00,4,6.59,0,car,55.0,Moscow,0,36,0.5,5.17,7.2,3.0,2,14,0,5,3.6363636363636362,120.34988522902549
96887,2024-07-21 05:30:00,2,1.77,0,car,55.0,Kazan,1,10,18.4,9.49,12.7,2.0,7,5,0,6,2.289855072463768,46.96883907753225
78584,2025-06-18 10:42:00,4,3.56,0,bike,39.430915777080756,Moscow,1,10,15.7,3.89,14.4,4.0,6,10,0,2,3.5584415584415585,64.87969658027586
38022,2024-09-13 17:03:00,3,1.82,0,car,55.0,Kazan,0,29,21.7,14.32,4.2,3.0,9,17,1,4,1.967741935483871,87.67446421688915
21307,2025-01-22 08:16:00,1,2.59,0,scooter,43.02736698811714,Kazan,0,27,-18.4,2.58,3.9,2.0,1,8,0,2,2.1639344262295084,69.90926244038505
2695,2024-10-08 21:07:00,4,1.54,0,car,55.0,Moscow,0,21,12.4,4.63,3.7,5.0,10,21,0,1,3.5789473684210527,62.372695032973084
81238,2025-05-07 06:18:00,1,1.26,0,car,55.0,Moscow,1,12,4.6,5.14,17.2,5.0,5,6,0,2,3.769230769230769,47.752200995621095
46722,2024-10-23 03:01:00,3,2.2,0,car,55.0,SPB,0,23,9.5,4.41,18.4,3.0,10,3,0,2,2.411764705882353,62.34014565155796
3262,2025-03-13 17:20:00,3,3.78,0,car,55.0,Moscow,0,18,9.8,1.63,7.1,4.0,3,17,0,3,4.012820512820513,82.2914738325225
80391,2025-03-08 00:38:00,3,4.14,0,scooter,38.31527511177083,Moscow,0,23,0.8,0.42,10.0,nan,3,0,0,5,3.9358974358974357,11.191816554733037
58527,2025-02-03 22:49:00,1,5.85,0,car,55.0,Moscow,1,13,-1.5,1.68,6.9,5.0,2,22,0,0,3.4473684210526314,83.98955597657543
11110,2025-05-13 03:46:00,1,3.78,0,bike,31.893950723490853,Moscow,0,27,3.4,0.26,7.7,5.0,5,3,0,1,3.64,81.40368344556236
48161,2025-06-18 00:49:00,1,2.73,0,scooter,51.84792119327856,Moscow,1,5,16.9,3.89,14.4,4.0,6,0,0,2,3.871794871794872,47.04909202727493
31532,2025-04-10 20:31:00,3,1.56,0,car,55.0,Moscow,0,35,-0.3,1.84,1.1,5.0,4,20,0,3,3.688311688311688,80.57431595014253
51605,2025-05-18 09:14:00,2,4.54,0,car,55.0,Kazan,0,20,19.8,4.78,14.1,1.0,5,9,0,6,2.015625,75.19742732030043
47426,2025-06-09 11:06:00,2,2.4,0,bike,36.862403291529105,Moscow,1,14,25.4,1.3,13.1,5.0,6,11,0,0,3.526315789473684,61.43534840105405
98127,2024-03-12 13:46:00,6,1.34,0,bike,40.75594245927035,Moscow,0,29,0.8,1.5,5.8,4.0,3,13,0,1,4.171052631578948,73.37128087857072
90022,2025-01-27 20:38:00,4,3.3,0,car,55.0,SPB,0,23,0.4,7.15,16.2,3.0,1,20,0,0,2.289855072463768,78.18671029161234
67498,2025-02-13 07:09:00,2,2.61,0,bike,38.8266233036702,SPB,1,13,-4.0,14.19,0.8,nan,2,7,1,3,2.3333333333333335,14.566627329441253
33766,2024-04-01 03:25:00,8,10.63,0,car,55.0,Kazan,0,29,-3.9,16.03,2.4,2.0,4,3,1,0,1.9827586206896552,168.1057708930037
53460,2024-11-12 02:09:00,3,2.9,0,scooter,54.257799958411795,SPB,1,8,0.4,4.92,15.6,3.0,11,2,0,1,2.5285714285714285,52.751892664712216
98442,2024-03-03 04:43:00,2,5.33,1,bike,39.395918500296126,Moscow,0,15,-8.0,5.03,19.7,3.0,3,4,0,6,3.68,75.35950177495165
24570,2025-06-20 13:52:00,2,5.79,0,car,55.0,Kazan,0,25,21.5,0.91,5.6,2.0,6,13,0,4,1.878787878787879,88.4767336059468
22963,2024-10-21 00:34:00,2,2.6,0,scooter,44.79372201513367,Kazan,0,18,5.2,4.08,3.0,2.0,10,0,0,0,1.9666666666666666,53.78168501383807
1678,2024-12-14 15:08:00,5,1.34,0,bike,33.93675198010838,SPB,1,11,-4.2,4.16,20.5,2.0,12,15,0,5,2.373134328358209,49.456742218762514
83015,2024-04-05 16:35:00,2,1.22,1,car,55.0,Moscow,1,5,3.7,7.39,3.8,4.0,4,16,0,4,3.782051282051282,30.51014267459758
3004,2025-06-25 23:02:00,4,0.22,0,car,55.0,Kazan,1,5,17.2,7.63,3.5,2.0,6,23,0,2,2.1129032258064515,33.68250145478589
69702,2025-01-23 09:52:00,1,2.41,0,car,55.0,SPB,1,13,0.9,3.44,2.7,3.0,1,9,0,3,2.1911764705882355,59.51943505844492
39430,2024-12-14 00:17:00,4,5.01,0,car,55.0,SPB,0,23,-3.2,4.16,20.5,2.0,12,0,0,5,2.4571428571428573,86.9589573318739
50055,2025-05-09 22:04:00,2,7.45,0,car,55.0,Kazan,0,18,10.3,1.09,0.4,3.0,5,22,0,4,2.3015873015873014,98.42754552888621
89650,2024-03-14 14:22:00,1,8.37,0,car,55.0,SPB,0,16,5.8,2.15,13.1,3.0,3,14,0,3,2.5945945945945947,108.7000372483557
32030,2025-05-12 01:39:00,2,7.82,0,bike,38.07269195618679,Moscow,1,8,3.4,3.06,16.2,4.0,5,1,0,0,3.8933333333333335,107.2579284079416
61703,2024-08-25 00:39:00,4,1.1,0,car,55.0,SPB,1,12,17.5,4.94,0.9,3.0,8,0,0,6,2.414285714285714,45.67397950377051
5676,2024-05-04 03:38:00,3,8.26,0,bike,34.88035136798393,SPB,0,16,2.4,1.27,1.1,3.0,5,3,0,5,2.4864864864864864,115.52689830732558
12434,2024-11-08 07:21:00,2,2.88,0,car,55.0,SPB,0,32,-1.2,0.05,9.7,3.0,11,7,0,4,2.3285714285714287,70.95791321790365
74412,2025-02-23 07:19:00,2,5.56,0,bike,35.574343203740504,Moscow,0,18,-14.1,22.11,9.9,3.0,2,7,1,6,4.065789473684211,113.84222840528821
72769,2025-01-14 20:35:00,1,1.54,0,car,55.0,Moscow,0,35,-2.6,2.73,4.5,5.0,1,20,0,1,3.730769230769231,74.31392539700695
34978,2024-02-28 18:05:00,3,14.1,0,car,55.0,Moscow,0,24,-0.4,2.12,13.6,4.0,2,18,0,2,3.6623376623376624,210.23894016697602
18076,2024-03-11 12:20:00,2,1.52,0,scooter,44.50215595557376,SPB,1,8,2.2,12.18,11.8,3.0,3,12,1,0,2.5,48.05919622026097
28983,2024-08-15 04:49:00,1,1.5,0,car,55.0,SPB,1,6,13.8,2.25,3.7,3.0,8,4,0,3,2.263888888888889,36.72270332352637
92190,2024-05-30 01:50:00,2,9.61,0,bike,41.219692330682875,Moscow,1,11,17.1,1.06,2.5,5.0,5,1,0,3,3.710526315789474,126.41663229967381
25763,2024-12-30 19:34:00,1,0.83,0,car,41.750137119404535,Moscow,1,5,0.5,33.58,2.4,4.0,12,19,1,0,3.453333333333333,63.71437470296747
36767,2025-04-17 08:28:00,2,1.01,0,bike,34.44266775511231,SPB,1,5,10.3,18.26,3.3,3.0,4,8,1,3,2.3676470588235294,64.65502032091189
54350,2024-11-19 07:39:00,4,2.21,0,car,55.0,Moscow,0,30,2.5,21.37,8.4,4.0,11,7,1,1,3.8846153846153846,91.956328086969
25033,2024-02-11 17:36:00,5,7.69,0,car,55.0,SPB,1,14,-12.0,0.87,20.2,2.0,2,17,0,6,2.1538461538461537,101.0730431935263
90317,2025-02-24 06:37:00,2,4.69,0,scooter,46.65016744281999,Kazan,1,6,-11.4,6.85,20.4,3.0,2,6,0,0,2.0142857142857142,66.45133093932373
36324,2024-07-16 02:01:00,4,4.07,0,bike,39.53406196193262,Moscow,0,27,20.9,3.29,7.0,4.0,7,2,0,1,3.727272727272727,91.6904565624611
66521,2025-05-14 17:13:00,3,4.89,0,car,55.0,Moscow,0,21,11.6,0.03,15.5,5.0,5,17,0,2,4.012820512820513,95.83698070483982
7555,2024-08-06 08:58:00,4,1.89,0,car,55.0,Moscow,0,36,18.3,6.03,2.2,5.0,8,8,0,1,3.8533333333333335,101.16959391329267
83027,2025-02-24 06:01:00,4,3.34,1,car,55.0,Moscow,0,27,-15.6,4.55,20.3,4.0,2,6,0,0,3.8133333333333335,70.12534589424709
29485,2024-11-24 09:42:00,2,2.97,0,bike,34.88035136798393,SPB,0,16,0.2,0.3,23.5,2.0,11,9,0,6,2.375,65.01097369858438
21156,2024-05-21 04:22:00,3,4.69,0,bike,34.302746560329744,SPB,0,28,5.1,1.38,6.4,3.0,5,4,0,1,2.292307692307692,93.62944224390553
50019,2024-08-31 23:54:00,1,2.39,0,bike,37.22409459253831,SPB,1,8,15.7,0.14,14.9,2.0,8,23,0,5,2.5,36.561757213836515
31377,2025-06-17 12:42:00,2,3.52,0,car,55.0,Moscow,1,9,20.7,8.49,0.8,5.0,6,12,0,1,4.012987012987013,69.5990472437924
75802,2025-06-07 03:17:00,2,7.75,0,car,55.0,Kazan,0,24,14.9,0.24,9.6,1.0,6,3,0,5,1.9661016949152543,101.17132116513459
54283,2025-05-19 16:36:00,4,2.36,0,bike,32.37325941116156,Moscow,0,39,15.5,6.98,5.3,5.0,5,16,0,0,3.8076923076923075,108.46273232919592
98171,2024-07-11 12:44:00,4,2.26,0,car,55.0,Moscow,0,18,25.5,14.06,6.5,4.0,7,12,1,3,3.6842105263157894,72.57342556937522
2095,2025-01-26 17:20:00,1,6.4,0,car,55.0,SPB,1,5,2.5,2.05,2.5,3.0,1,17,0,6,2.1538461538461537,84.47815277855739
13287,2024-08-26 14:30:00,4,3.12,1,scooter,49.71730148714787,Moscow,0,17,27.0,2.74,19.3,5.0,8,14,0,0,4.142857142857143,60.54784372762738
94225,2024-10-15 15:12:00,3,4.68,0,car,55.0,Moscow,0,26,8.4,0.47,5.2,4.0,10,15,0,1,3.9210526315789473,85.99689180932427
3025,2024-01-12 22:25:00,6,2.99,1,car,55.0,Kazan,0,24,-19.0,3.85,20.4,2.0,1,22,0,4,2.3015873015873014,62.30260972973777
92313,2025-01-06 20:40:00,3,1.87,0,car,55.0,Moscow,1,6,-5.6,1.77,3.4,4.0,1,20,0,0,3.779220779220779,42.35966460843032
67532,2024-03-15 07:41:00,3,4.22,0,scooter,49.86328877279848,Kazan,0,24,-4.9,3.81,18.5,2.0,3,7,0,4,2.391304347826087,79.10251860574836
13142,2025-04-22 21:10:00,4,0.33,0,car,55.0,Kazan,0,20,15.6,1.62,19.9,3.0,4,21,0,1,2.238095238095238,49.3272251900535
85157,2025-03-13 06:48:00,2,5.34,0,car,55.0,SPB,1,7,-2.4,1.27,19.3,3.0,3,6,0,3,2.361111111111111,68.32820903770516
6810,2024-02-18 21:25:00,5,8.36,0,bike,38.162502640513864,Moscow,0,19,-4.6,3.1,0.1,4.0,2,21,0,6,3.5714285714285716,126.13054132118435
72504,2024-02-18 15:05:00,3,2.95,0,car,55.0,SPB,0,16,-4.8,2.23,22.0,2.0,2,15,0,6,2.4714285714285715,59.79828951385137
11409,2024-04-13 03:40:00,3,1.55,0,car,55.0,Kazan,1,13,6.0,0.64,4.6,2.0,4,3,0,5,1.9661016949152543,42.24785995441239
23232,2025-04-12 13:27:00,2,5.93,0,scooter,52.991687044958624,Moscow,1,9,0.1,0.28,13.4,3.0,4,13,0,5,3.9743589743589745,72.49006952743838
78838,2024-11-14 09:43:00,1,4.46,0,bike,32.99180766169915,SPB,1,7,4.8,2.41,8.2,4.0,11,9,0,3,2.1911764705882355,78.5666809671645
74757,2025-02-14 05:40:00,5,7.41,0,car,55.0,Moscow,0,27,-7.6,1.46,16.2,4.0,2,5,0,4,3.75,118.63133189444886
60212,2025-06-21 04:42:00,2,6.3,0,scooter,44.150599250049076,Moscow,0,17,12.0,2.76,11.6,3.0,6,4,0,5,3.6493506493506493,91.03383484571978
91896,2025-05-03 03:44:00,3,2.9,0,car,55.0,SPB,0,16,8.3,6.98,0.7,2.0,5,3,0,5,2.4864864864864864,59.96714969286909
22083,2025-06-13 21:23:00,3,5.87,0,car,55.0,Moscow,0,36,15.0,9.93,12.7,5.0,6,21,0,4,3.3466666666666667,122.71579668874955
21210,2024-02-20 17:37:00,1,15.7,0,car,55.0,SPB,0,16,-3.8,0.77,10.7,3.0,2,17,0,1,2.1076923076923078,191.63179951936775
42388,2025-06-15 19:13:00,2,1.17,0,bike,42.40735828019987,Moscow,0,30,17.0,6.45,10.5,3.0,6,19,0,6,3.96,77.80206708954198
22966,2024-10-22 05:52:00,4,4.31,0,car,55.0,Kazan,0,34,4.1,0.13,1.2,2.0,10,5,0,1,2.03125,88.99951360180722
48505,2024-12-08 10:24:00,3,2.67,0,car,51.43065228264467,Kazan,1,13,-6.9,5.64,7.6,1.0,12,10,0,6,2.0,50.98724300488584
76044,2025-03-05 17:21:00,5,1.62,0,car,55.0,SPB,1,8,2.8,1.62,2.2,3.0,3,17,0,2,2.7222222222222223,50.5697651218902
18111,2024-08-09 02:51:00,5,11.13,0,scooter,55.0,SPB,0,24,13.6,13.14,11.4,3.0,8,2,1,4,2.380281690140845,169.26410577229166
2799,2025-01-26 14:06:00,3,3.11,0,car,55.0,Moscow,1,5,2.9,5.720882520402354,21.9,3.0,1,14,0,6,3.971830985915493,14.141547321038487
13888,2024-01-04 05:09:00,3,6.06,0,car,55.0,Moscow,1,11,-28.4,7.75,0.6,4.0,1,5,0,3,4.246753246753247,93.27043543384065
1344,2025-03-12 21:38:00,3,3.99,1,car,55.0,SPB,0,25,-3.0,2.19,9.0,4.0,3,21,0,2,2.292307692307692,70.3348675637461
77139,2024-05-14 05:46:00,5,9.28,1,car,55.0,Moscow,1,13,1.8,7.82,19.8,4.0,5,5,0,1,3.6842105263157894,117.6988570123683
69204,2025-03-11 15:45:00,3,7.19,0,scooter,45.13982819313042,SPB,1,6,3.9,2.82,12.3,3.0,3,15,0,1,2.426470588235294,86.98272824955018
96974,2025-04-30 17:38:00,3,3.22,0,car,55.0,SPB,0,26,5.9,14.15,0.6,3.0,4,17,1,2,2.7222222222222223,94.07040368618425
46390,2024-07-14 19:16:00,2,4.58,0,car,55.0,Kazan,0,35,24.2,20.42,19.0,1.0,7,19,1,6,1.9508196721311475,102.78838511402586
58538,2025-04-04 13:40:00,6,7.89,0,scooter,54.69739406908258,SPB,0,37,5.8,13.09,5.0,3.0,4,13,1,4,2.347826086956522,151.2831875705101
44410,2024-04-16 10:01:00,2,1.03,0,car,55.0,Moscow,0,36,8.1,2.62,3.1,4.0,4,10,0,1,3.675324675324675,71.05262195184832
7590,2024-02-26 18:26:00,5,0.17,0,car,55.0,Moscow,1,10,-3.5,12.45,10.2,4.0,2,18,1,0,3.8026315789473686,58.907975490273195
55885,2024-03-10 08:21:00,1,23.45,0,car,55.0,Moscow,0,38,-11.4,3.04,18.0,3.0,3,8,0,6,3.8289473684210527,224.4894872039682
36708,2024-08-07 19:52:00,4,3.63,0,scooter,55.0,Kazan,0,35,20.2,1.63,13.7,2.0,8,19,0,2,2.046153846153846,92.71662468322953
16539,2024-12-02 21:26:00,5,3.03,1,scooter,43.02736698811714,Kazan,1,8,0.6,1.29,4.0,3.0,12,21,0,0,1.9838709677419355,38.73935004114061
8395,2024-12-15 17:21:00,2,5.36,0,bike,36.7621488349067,Moscow,0,34,-4.8,4.83,4.6,4.0,12,17,0,6,4.0,123.35125238152648
96917,2024-05-28 06:38:00,2,0.67,0,car,55.0,Moscow,1,11,12.8,3.07,10.4,4.0,5,6,0,1,3.6973684210526314,41.11774634173774
89930,2025-06-28 04:06:00,3,2.46,0,bike,41.253268832294935,SPB,1,13,13.2,2.58,15.2,3.0,6,4,0,5,2.7,56.298196839774604
90675,2024-01-04 08:44:00,5,1.46,0,bike,41.253268832294935,SPB,0,16,-30.3,4.72,16.9,4.0,1,8,0,3,2.3676470588235294,73.01117314953291
30272,2025-04-03 17:49:00,2,10.18,0,car,55.0,SPB,0,23,9.8,2.72,5.0,3.0,4,17,0,3,2.5211267605633805,144.75281427890204
54894,2024-04-03 07:01:00,3,2.31,1,car,55.0,Moscow,0,16,13.0,4.66,16.3,4.0,4,7,0,2,3.987012987012987,48.585222610564216
64565,2024-12-05 09:35:00,3,4.03,1,car,55.0,Kazan,1,9,-3.2,1.76,13.2,2.0,12,9,0,3,1.859375,48.818981925174086
70024,2024-05-01 03:03:00,2,6.45,0,bike,36.7621488349067,Moscow,1,6,12.3,1.52,13.0,4.0,5,3,0,2,3.8552631578947367,85.96644523370803
10837,2024-01-20 14:16:00,2,4.96,0,car,55.0,Kazan,0,31,-0.8,6.58,10.0,1.0,1,14,0,5,2.1176470588235294,91.4190076605357
73246,2024-12-23 10:06:00,3,1.81,0,car,55.0,SPB,0,29,1.7,4.06,11.1,3.0,12,10,0,0,2.5277777777777777,57.34815151916307
88453,2025-02-28 15:29:00,4,6.79,0,car,55.0,SPB,0,36,0.9,9.93,6.3,3.0,2,15,0,4,2.391304347826087,130.4330528548287
36440,2024-12-11 17:13:00,3,1.71,0,bike,30.997625676503116,SPB,0,20,0.2,14.08,10.9,3.0,12,17,1,2,2.7222222222222223,85.10965986847114
82756,2024-06-03 03:42:00,7,3.83,0,car,55.0,Kazan,0,30,18.0,0.61,18.2,3.0,6,3,0,0,1.9827586206896552,90.70401126882781
9154,2024-10-31 17:58:00,5,7.22,0,car,55.0,Moscow,0,33,2.9,19.67,0.0,4.0,10,17,1,3,4.012820512820513,149.80962471448598
44927,2025-01-09 05:14:00,3,8.28,0,car,55.0,Kazan,0,21,1.6,2.13,5.5,2.0,1,5,0,3,2.074626865671642,111.26089472972308
95726,2025-01-06 12:34:00,2,2.02,1,car,55.0,Kazan,0,39,-7.0,9.67,12.5,2.0,1,12,0,0,2.5,69.28857115111056
45683,2025-03-23 12:18:00,3,2.31,0,scooter,42.827475829915414,Kazan,0,34,2.3,1.48,14.5,1.0,3,12,0,6,2.0491803278688523,70.11804441389442
1358,2024-10-13 01:07:00,5,8.15,0,scooter,46.65016744281999,SPB,0,26,3.4,1.69,15.5,3.0,10,1,0,6,2.2535211267605635,125.77646060755787
45495,2025-06-10 16:05:00,5,2.49,0,bike,41.219692330682875,Moscow,0,31,20.0,2.49,17.3,4.0,6,16,0,1,3.8157894736842106,87.9216042235454
58331,2025-06-17 12:18:00,6,5.82,0,car,55.0,Moscow,1,12,20.7,8.49,0.8,5.0,6,12,0,1,4.012987012987013,96.3388819124528
85425,2024-05-26 05:06:00,4,2.94,0,car,55.0,SPB,1,8,13.0,9.94,18.9,3.0,5,5,0,6,2.5,59.45893589850508
25604,2024-02-16 00:52:00,2,2.5,0,car,55.0,Moscow,0,22,-10.1,3.97,11.0,4.0,2,0,0,4,3.5064935064935066,64.95768907431643
24692,2024-01-05 20:47:00,3,2.87,0,scooter,49.6149146410911,Kazan,0,23,-18.9,0.78,19.8,nan,1,20,0,4,2.098360655737705,8.707761992648074
31138,2024-11-28 05:30:00,3,8.2,0,scooter,48.34342395184287,SPB,0,17,3.3,1.59,2.6,3.0,11,5,0,3,2.4927536231884058,109.42157827936376
84745,2025-06-24 21:34:00,6,0.53,0,scooter,46.65016744281999,Moscow,0,15,15.5,1.16,10.9,4.0,6,21,0,1,3.5789473684210527,50.11720420624658
86386,2024-10-26 11:39:00,3,12.95,1,car,55.0,Moscow,0,31,4.7,9.23,0.1,3.0,10,11,0,5,3.486842105263158,163.6890730817139
11537,2025-04-06 01:38:00,6,7.26,0,car,55.0,SPB,0,38,-2.6,5.84,4.9,2.0,4,1,0,6,2.2535211267605635,133.477263033008
91843,2024-03-20 12:54:00,4,5.28,0,bike,38.3374319784028,SPB,0,23,3.2,0.4,12.7,3.0,3,12,0,2,2.410958904109589,89.45401673759817
68006,2025-06-23 20:03:00,2,4.73,0,car,41.750137119404535,Kazan,1,8,15.4,2.29,9.5,3.0,6,20,0,0,2.1,65.44010354647226
24196,2024-05-05 22:59:00,3,0.43,0,car,55.0,Kazan,1,9,5.8,1.59,3.3,2.0,5,22,0,6,2.264705882352941,32.540040240990024
34632,2025-04-05 21:57:00,2,2.99,0,car,55.0,Moscow,0,29,2.4,5.04,17.9,4.0,4,21,0,5,3.9864864864864864,78.55017399860255
7536,2024-04-08 02:16:00,6,1.59,0,bike,38.56610576982384,Moscow,0,15,5.4,4.96,15.3,4.0,4,2,0,0,3.7837837837837838,64.33422078063029
57108,2024-08-15 13:06:00,3,1.6,0,bike,33.19299505524494,SPB,0,29,22.7,2.25,3.7,3.0,8,13,0,3,2.4571428571428573,71.19424763210387
89600,2024-02-16 19:55:00,3,2.23,0,scooter,46.7981431143761,Moscow,0,20,-8.9,3.97,11.0,4.0,2,19,0,4,4.026315789473684,75.71212686090925
29682,2025-02-26 05:47:00,3,4.02,0,scooter,45.159897613091154,Moscow,1,5,-9.6,0.33,0.6,4.0,2,5,0,2,3.68,55.59999967455376
27828,2024-02-14 12:05:00,4,1.5,0,car,55.0,Moscow,0,19,-13.8,8.75,7.3,5.0,2,12,0,2,3.789473684210526,68.66247313840367
98553,2025-04-11 16:23:00,2,3.53,0,bike,35.369149670627664,Moscow,1,5,2.4,14.75,6.3,4.0,4,16,1,4,3.782051282051282,74.17125172221806
28227,2025-05-23 14:53:00,2,2.04,0,car,55.0,Moscow,0,27,24.3,0.62,0.9,4.0,5,14,0,4,3.7260273972602738,64.17422988757953
18412,2024-08-12 11:18:00,4,3.74,0,bike,41.219692330682875,SPB,0,29,16.9,6.45,14.0,4.0,8,11,0,0,2.4927536231884058,94.88551530098643
1155,2024-02-26 05:19:00,4,2.86,0,car,55.0,Moscow,0,28,-3.7,12.45,10.2,4.0,2,5,1,0,4.116883116883117,86.93893408400665
86455,2024-12-08 07:37:00,4,2.76,1,car,55.0,Moscow,0,37,-2.1,4.42,1.4,3.0,12,7,0,6,4.065789473684211,75.11491276141827
20211,2024-02-01 05:47:00,5,1.72,0,scooter,55.0,Kazan,0,23,-7.1,1.28,1.4,3.0,2,5,0,3,2.074626865671642,60.605827566944214
90589,2024-06-11 00:11:00,3,5.95,0,car,55.0,Moscow,1,11,16.3,2.77,3.8,4.0,6,0,0,1,3.779220779220779,82.16499606290976
37229,2025-02-01 10:36:00,3,1.94,1,bike,33.782298784964645,SPB,0,20,-0.9,0.83,2.8,3.0,2,10,0,5,2.3661971830985915,45.860185929550724
57530,2024-04-17 06:32:00,1,3.78,0,car,55.0,Kazan,0,29,4.9,0.19,5.0,2.0,4,6,0,2,1.9850746268656716,68.07898213512684
44277,2024-03-31 23:36:00,5,11.22,0,scooter,39.262412605512424,Moscow,1,10,6.8,3.04,19.1,3.0,3,23,0,6,3.5657894736842106,143.28587174669372
86953,2024-10-21 17:09:00,4,5.13,0,scooter,55.0,Moscow,1,12,8.8,5.15,14.6,4.0,10,17,0,0,3.810810810810811,88.90291458958326
49303,2024-12-18 22:52:00,1,1.93,0,scooter,51.84792119327856,Moscow,1,9,-11.6,6.24,15.8,5.0,12,22,0,2,4.0,52.99244415214518
54413,2024-01-02 06:31:00,4,5.47,0,bike,40.60867476452213,Kazan,0,19,-27.7,4.77,6.3,2.0,1,6,0,1,2.076923076923077,94.1449139870411
45299,2024-02-27 14:40:00,5,1.95,0,bike,40.58851705937706,Moscow,1,10,-0.7,3.54,11.4,4.0,2,14,0,1,3.6,55.00239785577487
31058,2024-10-06 13:50:00,3,2.82,0,car,55.0,Moscow,1,5,11.5,1.28,17.3,3.0,10,13,0,6,3.935064935064935,44.871215814839445
31798,2024-04-30 18:18:00,4,1.17,0,car,55.0,Moscow,1,8,19.9,1.31,1.9,4.0,4,18,0,1,3.4415584415584415,51.13004615182342
89242,2025-01-15 06:42:00,4,3.38,0,bike,38.56610576982384,Moscow,0,17,-0.3,2.12,16.5,5.0,1,6,0,2,3.769230769230769,76.66656074811968
17504,2025-06-27 13:34:00,2,3.4,1,bike,34.302746560329744,Moscow,1,11,16.4,7.76,1.0,4.0,6,13,0,4,3.935064935064935,62.94745752295999
79067,2024-12-04 23:03:00,2,2.06,1,car,55.0,SPB,1,13,-3.9,2.05,3.8,3.0,12,23,0,2,2.353846153846154,35.705938012159365
54356,2024-12-20 10:57:00,4,4.49,0,scooter,45.13982819313042,Kazan,1,5,-10.5,2.6,15.7,2.0,12,10,0,4,2.1449275362318843,57.50754051062313
29809,2024-10-19 07:31:00,3,4.05,0,bike,42.25170720017491,Moscow,1,12,-3.4,5.73,11.3,3.0,10,7,0,5,4.0131578947368425,70.6659458899409
14490,2024-04-03 07:33:00,3,5.98,0,car,55.0,Moscow,0,21,13.0,4.66,16.3,4.0,4,7,0,2,3.987012987012987,97.04960646788686
61771,2025-05-06 13:21:00,3,1.18,0,car,55.0,Moscow,0,36,8.9,2.08,18.8,5.0,5,13,0,1,4.171052631578948,77.28467351331116
35859,2024-11-26 06:43:00,2,3.33,0,bike,38.01026765395612,Kazan,0,32,-2.4,0.75,23.0,2.0,11,6,0,1,2.076923076923077,80.22077503089584
68750,2024-03-04 04:55:00,4,3.96,0,car,55.0,SPB,0,35,-1.5,12.75,13.2,3.0,3,4,1,0,2.6,103.23317065834638
63534,2024-08-29 01:09:00,2,0.8,0,car,55.0,SPB,0,33,15.2,2.09,13.6,4.0,8,1,0,3,2.208955223880597,65.09945767001199
91197,2024-03-15 01:23:00,3,0.72,0,bike,37.45176782140707,Moscow,1,13,-4.4,6.98,15.5,5.0,3,1,0,4,3.3421052631578947,55.328344774025396
33774,2024-03-26 07:38:00,2,5.5,0,car,55.0,Moscow,1,5,-1.8,2.66,1.4,5.0,3,7,0,1,3.8846153846153846,76.29605773919796
55046,2024-03-31 10:03:00,4,5.46,1,bike,38.07882928487708,Moscow,0,38,8.0,3.04,19.1,3.0,3,10,0,6,3.5526315789473686,107.29672074046734
80123,2024-07-15 15:00:00,1,1.78,0,bike,38.56610576982384,Kazan,0,29,27.4,8.39,14.3,3.0,7,15,0,0,2.1666666666666665,75.8590368980343
44147,2025-05-30 13:00:00,2,1.33,0,car,55.0,SPB,1,7,19.4,13.63,15.8,3.0,5,13,1,4,2.347826086956522,48.02378272428692
42017,2025-04-19 19:05:00,6,1.07,0,car,55.0,Moscow,1,9,21.1,2.27,12.8,3.0,4,19,0,5,3.6486486486486487,50.32727712149591
47338,2024-10-21 13:27:00,2,4.02,0,car,55.0,Moscow,1,7,10.6,5.15,14.6,4.0,10,13,0,0,3.896103896103896,61.173707616125334
57410,2024-12-08 22:22:00,2,0.73,0,car,55.0,SPB,0,23,-5.3,4.77,20.4,3.0,12,22,0,6,2.5441176470588234,55.74662657835711
7878,2025-04-20 19:10:00,4,1.63,0,bike,37.32002871481163,SPB,1,6,10.9,4.45,7.3,2.0,4,19,0,6,2.4029850746268657,49.234726768046585
81587,2024-06-26 15:57:00,3,3.23,0,bike,30.567021598673445,Moscow,0,36,21.9,2.68,5.1,4.0,6,15,0,2,4.094594594594595,94.94586886418874
37414,2024-03-21 05:55:00,3,2.7,0,bike,40.52713657796784,Moscow,1,12,-6.5,0.14,13.0,4.0,3,5,0,3,4.246753246753247,53.450373624469606
67297,2025-01-01 19:49:00,3,4.87,0,car,55.0,Kazan,0,30,-6.9,1.3,9.7,2.0,1,19,0,2,2.046153846153846,94.06586226087225
12513,2025-01-03 22:51:00,3,2.34,1,scooter,50.22988603518088,SPB,0,20,-7.8,5.47,21.5,3.0,1,22,0,4,2.5,49.76720870818792
46476,2024-12-04 15:39:00,3,2.1,0,car,55.0,SPB,0,20,-2.5,2.05,3.8,3.0,12,15,0,2,2.3692307692307693,57.874999114522325
33384,2025-05-02 11:05:00,3,7.64,0,car,55.0,Moscow,0,37,3.1,0.18,17.0,4.0,5,11,0,4,3.9743589743589745,127.90623001758338
50676,2024-03-31 03:13:00,2,1.44,0,car,55.0,Moscow,0,26,2.3,3.04,19.1,3.0,3,3,0,6,3.710526315789474,60.999325071273276
47375,2024-09-30 19:43:00,3,3.46,0,car,55.0,Moscow,0,39,10.3,13.48,14.0,4.0,9,19,1,0,3.453333333333333,116.78524620142142
8531,2024-11-05 18:26:00,6,2.05,1,bike,34.060510655019456,Moscow,0,17,-1.5,0.06,2.3,5.0,11,18,0,1,3.4415584415584415,61.917019374089946
36362,2025-02-12 07:08:00,1,2.07,1,bike,42.40735828019987,SPB,1,7,-3.8,29.51,19.6,3.0,2,7,1,2,2.5757575757575757,55.70825596293176
17147,2024-12-03 06:58:00,2,2.62,0,car,55.0,Moscow,0,36,-0.1,4.36,8.9,5.0,12,6,0,1,3.6973684210526314,85.63323791203565
72879,2024-03-02 16:12:00,1,8.03,0,car,55.0,SPB,1,8,3.2,0.66,13.7,2.0,3,16,0,5,2.4393939393939394,88.82029524883693
83080,2025-01-28 03:21:00,7,3.12,0,scooter,49.71730148714787,Moscow,1,9,3.5,10.67,14.9,4.0,1,3,0,1,3.64,67.63426957934448
69299,2024-01-25 00:46:00,5,8.74,0,car,55.0,SPB,0,15,0.0,1.86,11.4,3.0,1,0,0,3,2.3970588235294117,116.27725497079868
45669,2024-09-22 10:12:00,6,3.05,0,bike,37.969623408900276,Kazan,1,6,11.3,0.54,18.0,1.0,9,10,0,6,2.0,44.35477398047911
44925,2024-12-06 21:05:00,5,1.92,0,car,55.0,SPB,0,31,-1.6,0.54,15.0,4.0,12,21,0,4,2.5217391304347827,73.03828084037823
98450,2025-03-24 12:53:00,2,6.87,0,bike,38.3374319784028,Kazan,1,8,6.4,0.11,0.9,2.0,3,12,0,0,2.5,80.29478025167025
28958,2024-12-28 03:38:00,3,2.92,1,car,55.0,Moscow,0,24,-1.5,2.83,4.0,3.0,12,3,0,5,4.04,54.91942391114276
72277,2024-05-06 06:53:00,3,5.79,0,car,55.0,SPB,0,39,1.3,0.25,4.1,3.0,5,6,0,0,2.426470588235294,106.37180030385471
23402,2024-02-02 02:38:00,3,3.53,0,bike,40.60867476452213,SPB,0,15,-1.5,6.2306721194879096,12.4,3.0,2,2,0,4,2.380281690140845,74.16156693312067
88039,2025-05-29 01:12:00,3,2.56,1,car,55.0,Kazan,1,12,18.4,1.93,5.0,3.0,5,1,0,3,2.2388059701492535,38.62989041312923
35810,2025-02-10 05:42:00,2,6.07,0,scooter,50.81018222286416,Kazan,0,29,-8.0,4.725955400087451,23.9,3.0,2,5,0,0,2.0307692307692307,101.02868347102606
43491,2024-02-23 07:16:00,3,2.52,0,bike,35.716101269659816,Moscow,1,13,-2.4,1.48,9.4,4.0,2,7,0,4,3.782051282051282,59.03481777994448
49456,2024-05-08 13:13:00,5,1.79,0,scooter,53.06435092865217,Moscow,1,12,4.1,1.01,6.2,4.0,5,13,0,2,3.871794871794872,50.00881554410682
21056,2024-09-03 22:58:00,5,6.88,0,car,55.0,Kazan,0,21,14.2,0.59,15.7,2.0,9,22,0,1,2.2459016393442623,97.0891740990974
10344,2024-08-27 02:30:00,2,2.3,0,scooter,55.0,SPB,0,24,12.8,1.5,19.4,3.0,8,2,0,1,2.5285714285714285,61.94805204775759
62308,2025-05-29 23:33:00,1,4.06,0,bike,39.58581281157731,Moscow,0,17,24.5,0.76,0.0,4.0,5,23,0,3,3.3461538461538463,70.41757861276133
4825,2024-06-28 19:33:00,2,7.28,0,car,55.0,Kazan,0,27,21.0,2.72,4.0,2.0,6,19,0,4,1.9855072463768115,112.57423281060989
44762,2024-12-26 04:38:00,3,6.03,1,car,55.0,SPB,1,14,3.6,5.56,15.5,4.0,12,4,0,3,2.263888888888889,73.6994423485037
74344,2025-06-07 04:01:00,1,5.95,0,car,55.0,Moscow,1,11,18.5,1.62,0.2,3.0,6,4,0,5,3.6493506493506493,76.06589976053374
33286,2024-12-25 14:24:00,3,4.78,0,bike,45.195252478472824,Moscow,0,39,-0.5,3.37,6.4,4.0,12,14,0,2,3.4415584415584415,110.78727139325322
51817,2025-05-01 22:02:00,2,0.25,0,bike,32.99180766169915,Moscow,0,37,5.5,0.08,1.4,4.0,5,22,0,3,3.5789473684210527,59.82995964259709
27632,2024-08-18 03:54:00,7,5.86,0,car,55.0,Kazan,1,9,15.1,7.56,16.0,1.0,8,3,0,6,2.1639344262295084,76.96906833496222
24319,2025-02-25 09:30:00,2,9.52,0,bike,38.62838052170366,Moscow,0,17,-13.3,2.46,9.7,4.0,2,9,0,1,3.9342105263157894,142.13440326980316
31004,2025-05-02 19:49:00,5,0.72,0,bike,41.46738347715445,Moscow,1,12,7.2,0.18,17.0,4.0,5,19,0,4,4.026315789473684,53.785101878586865
48257,2024-08-03 05:10:00,2,2.55,0,scooter,46.49258940217779,SPB,0,36,14.4,10.92,2.4,2.0,8,5,0,5,2.7,83.97034968879524
77907,2024-02-04 19:12:00,5,4.72,0,car,55.0,SPB,0,21,-1.4,4.22,4.2,2.0,2,19,0,6,2.4029850746268657,89.26878236430406
81556,2024-02-13 01:59:00,4,10.39,0,bike,35.76167786475204,Moscow,0,19,-3.2,4.04,10.7,4.0,2,1,0,1,3.3636363636363638,147.18857617167043
47688,2024-08-06 17:20:00,2,7.33,0,scooter,43.16043291364058,Moscow,1,10,23.5,6.03,2.2,5.0,8,17,0,1,3.4266666666666667,113.25132189503151
51419,2024-10-11 11:14:00,3,4.3,0,bike,39.99621866158171,SPB,1,5,14.4,8.04,4.4,3.0,10,11,0,4,2.514705882352941,72.87665715383676
72256,2024-08-08 04:44:00,3,12.3,0,car,55.0,Moscow,0,36,14.8,9.22,18.4,5.0,8,4,0,3,3.736842105263158,197.6287554273921
48797,2025-01-10 22:22:00,2,2.46,0,car,55.0,Moscow,0,37,1.6,1.36,22.0,4.0,1,22,0,4,3.9466666666666668,83.15877441905783
82065,2025-04-29 21:42:00,1,1.26,0,bike,38.94927677658439,Moscow,1,10,8.3,1.66,11.0,5.0,4,21,0,1,3.5789473684210527,47.92061207148551
29249,2025-02-25 02:49:00,1,2.67,0,car,55.0,SPB,0,39,-3.6,6.63,0.8,3.0,2,2,0,1,2.5285714285714285,83.26720278780208
78833,2025-02-23 13:46:00,4,2.71,0,car,55.0,SPB,0,35,-1.3,0.51,16.5,3.0,2,13,0,6,2.5303030303030303,81.64347923597185
5674,2024-07-14 03:46:00,2,0.35,0,car,55.0,Kazan,1,5,13.6,20.42,19.0,1.0,7,3,1,6,2.1639344262295084,34.99043850007898
93020,2024-01-05 06:31:00,2,5.1,0,car,55.0,Moscow,1,6,-27.2,2.74,16.9,4.0,1,6,0,4,3.831168831168831,70.84354701913593
76394,2024-09-14 08:14:00,1,4.45,0,car,55.0,Moscow,0,18,15.5,0.62,18.8,4.0,9,8,0,5,3.527027027027027,82.49690868635751
67593,2025-03-19 19:21:00,3,2.64,0,car,55.0,SPB,1,7,2.0,4.14,15.1,3.0,3,19,0,2,2.1343283582089554,55.36255451947045
33254,2025-02-14 06:36:00,2,6.63,0,car,55.0,Moscow,0,30,-7.5,1.46,16.2,4.0,2,6,0,4,3.831168831168831,107.87762593959644
1254,2025-06-24 22:00:00,2,2.94,0,car,55.0,Moscow,0,27,15.1,1.16,10.9,4.0,6,22,0,1,3.8684210526315788,71.3664259887924
70059,2025-06-28 23:44:00,4,2.44,0,bike,30.58051523310684,Moscow,1,5,16.7,5.4,2.4,3.0,6,23,0,5,4.076923076923077,48.42105838243036
54045,2024-05-07 23:39:00,1,5.54,0,scooter,45.651242794209146,Moscow,0,26,2.1,4.39,0.7,5.0,5,23,0,1,3.91025641025641,98.53462711998226
27580,2025-04-13 00:00:00,6,6.01,0,car,55.0,Moscow,0,34,-0.7,3.33,9.0,3.0,4,0,0,6,3.727272727272727,115.19053121651825
53998,2024-07-23 17:09:00,3,5.91,0,scooter,53.06435092865217,SPB,1,5,26.3,0.05,8.4,3.0,7,17,0,1,2.1076923076923078,73.68333454369139
37316,2024-11-01 10:16:00,5,2.06,0,car,55.0,Moscow,1,6,4.5,3.24,10.5,nan,11,10,0,4,3.5714285714285716,11.633011790346998
71428,2024-11-03 20:50:00,3,1.66,0,scooter,46.87140935662086,Moscow,0,30,-1.5,1.82,16.6,3.0,11,20,0,6,4.0131578947368425,66.57719182687197
26161,2024-05-09 00:53:00,2,4.73,0,car,55.0,Kazan,1,7,0.4,3.17,4.7,2.0,5,0,0,3,2.287878787878788,61.458794405965016
38748,2024-03-26 00:50:00,4,2.36,0,bike,40.10929179910456,Moscow,0,33,-5.9,2.66,1.4,5.0,3,0,0,1,3.779220779220779,88.71423197240271
10512,2024-10-02 00:00:00,4,0.61,0,car,55.0,SPB,0,25,7.0,2.6,18.2,3.0,10,0,0,2,2.6338028169014085,58.93620794019834
91334,2024-08-31 13:13:00,3,3.92,0,car,55.0,SPB,0,20,26.5,0.14,14.9,2.0,8,13,0,5,2.380281690140845,63.32824106084002
46941,2024-11-11 23:38:00,4,6.19,0,car,55.0,Moscow,0,17,-1.1,7.38,17.3,5.0,11,23,0,0,3.9066666666666667,103.45648950101419
2425,2025-02-21 01:14:00,2,4.39,0,scooter,40.78423204435535,SPB,1,7,-3.8,1.89,9.9,3.0,2,1,0,4,2.338235294117647,61.75120014201798
71586,2025-01-18 23:57:00,2,2.49,0,car,55.0,Kazan,0,34,-0.8,13.27,15.1,1.0,1,23,1,5,2.032258064516129,80.93216706625516
82844,2024-12-21 21:05:00,8,3.84,0,scooter,47.84167767078809,Kazan,0,31,1.5,0.26,8.4,1.0,12,21,0,5,2.1538461538461537,83.61758313002281
78514,2025-05-19 18:16:00,2,1.63,0,car,55.0,Moscow,0,15,15.2,6.98,5.3,5.0,5,18,0,0,3.8026315789473686,73.70187547691586
5466,2025-05-17 21:34:00,5,1.55,0,car,55.0,Moscow,1,11,16.9,4.37,19.3,3.0,5,21,0,5,3.9864864864864864,41.55334283355927
66502,2024-09-17 07:40:00,6,4.39,0,car,55.0,Moscow,1,6,11.7,19.82,4.9,4.0,9,7,1,1,3.8846153846153846,79.67126452969042
38995,2025-02-15 10:53:00,3,2.88,1,car,55.0,Kazan,0,39,-10.5,4.55,10.8,1.0,2,10,0,5,1.791044776119403,67.64462546551108
46769,2024-08-23 12:46:00,1,5.83,0,bike,35.76167786475204,SPB,1,11,15.0,2.63,15.3,3.0,8,12,0,4,2.3768115942028984,84.08938124509531
75490,2025-06-05 17:46:00,4,4.46,1,scooter,55.0,Moscow,1,5,25.2,3.04,10.0,5.0,6,17,0,3,4.012820512820513,67.72370971602814
33953,2025-01-16 02:09:00,3,1.63,0,car,55.0,Moscow,0,36,-3.7,0.38,1.8,5.0,1,2,0,3,3.7466666666666666,76.60678185596545
84862,2024-01-26 02:50:00,3,5.65,0,bike,36.88875564924949,Moscow,0,20,-2.7,9.2,2.0,4.0,1,2,0,4,3.8552631578947367,105.26809649228431
38192,2025-03-09 01:41:00,3,1.15,0,bike,30.58051523310684,Moscow,0,26,3.9,5.59,18.3,3.0,3,1,0,6,3.8181818181818183,28.81152258696367
33405,2024-04-02 08:00:00,4,3.43,0,bike,35.96575629651888,Moscow,0,38,10.6,3.34,17.0,4.0,4,8,0,1,3.8533333333333335,114.12729425243148
56824,2024-04-06 07:12:00,3,6.88,0,car,48.016477908776224,Moscow,1,10,-0.6,6.85,9.381167210597042,4.0,4,7,0,5,4.0131578947368425,97.32112094666364
75976,2025-02-06 06:25:00,1,7.88,0,car,55.0,Moscow,0,30,-1.1,2.01,2.4,4.0,2,6,0,3,3.526315789473684,119.27229766481848
94293,2025-06-17 18:08:00,3,4.56,0,bike,36.88875564924949,SPB,1,8,16.3,0.12,12.9,3.0,6,18,0,1,2.4444444444444446,69.14790842969309
51911,2024-12-20 12:12:00,4,8.26,1,bike,41.97329297929299,Kazan,0,34,-9.3,2.6,15.7,2.0,12,12,0,4,2.0476190476190474,122.67106927517565
13458,2025-01-24 07:32:00,3,0.71,0,bike,45.195252478472824,Kazan,1,9,-10.3,7.25,11.829227053140096,2.0,1,7,0,4,2.391304347826087,43.5317375434646
19390,2024-01-02 02:12:00,2,2.16,0,scooter,39.047551890965785,Kazan,1,6,-29.6,4.77,6.3,2.0,1,2,0,1,2.161764705882353,42.51957170967013
62081,2024-07-22 05:32:00,2,9.15,0,car,55.0,Moscow,1,9,15.4,1.06,11.2,4.0,7,5,0,0,4.116883116883117,108.38182848420726
60393,2024-07-17 08:22:00,3,0.91,0,bike,32.99180766169915,Kazan,0,39,22.2,1.03,3.4,2.0,7,8,0,2,2.1639344262295084,79.80260286500867
98688,2025-04-01 00:55:00,2,3.02,0,bike,39.395918500296126,SPB,0,23,7.6,13.79,10.9,3.0,4,0,1,1,2.4857142857142858,86.64431601577353
60969,2024-02-26 20:04:00,2,3.11,0,scooter,55.0,SPB,0,20,1.2,3.79,7.0,4.0,2,20,0,0,2.289855072463768,69.80800215328368
5046,2024-03-13 21:40:00,1,5.15,0,car,55.0,Kazan,0,27,-3.1,5.35,8.2,2.0,3,21,0,2,2.015151515151515,87.58032770913063
72737,2024-07-29 07:47:00,2,4.56,0,car,55.0,SPB,0,25,19.4,0.75,17.5,3.0,7,7,0,0,2.588235294117647,80.73689137025598
97069,2024-07-15 13:27:00,1,4.88,0,scooter,38.31527511177083,Moscow,1,13,28.8,4.058662716885315,3.1,4.0,7,13,0,0,3.896103896103896,54.78824474298787
64823,2025-01-17 09:52:00,1,1.64,1,bike,35.716101269659816,Moscow,0,17,2.6,7.07,5.8,4.0,1,9,0,4,3.858974358974359,61.69136172202384
50818,2024-08-10 06:48:00,7,2.46,0,scooter,45.13982819313042,Moscow,0,15,13.5,2.38,19.1,4.0,8,6,0,5,3.76,66.78276526491221
62560,2024-12-04 20:21:00,3,3.2,1,car,55.0,SPB,0,24,-4.1,2.05,3.8,3.0,12,20,0,2,2.445945945945946,57.51888480283001
57608,2025-05-28 03:08:00,2,6.4,0,scooter,49.864212869682625,Moscow,1,5,18.3,7.74,18.0,5.0,5,3,0,2,3.8552631578947367,87.86652468339942
20111,2025-05-20 10:26:00,3,1.71,0,car,55.0,Moscow,1,6,10.7,0.32,9.7,5.0,5,10,0,1,3.675324675324675,41.102277256633585
49197,2024-07-27 23:02:00,3,1.25,0,car,55.0,Moscow,0,27,19.9,1.58,5.2,3.0,7,23,0,5,4.076923076923077,59.14667081974994
83258,2024-11-23 10:52:00,3,4.35,0,scooter,53.88993581645081,Moscow,1,12,0.4,2.94,20.6,3.0,11,10,0,5,4.175675675675675,69.9534265976922
77807,2024-03-09 00:01:00,3,1.95,0,scooter,50.19968924951003,SPB,1,8,-5.1,1.93,3.0,2.0,3,0,0,5,2.4571428571428573,39.31891682658958
95016,2024-03-06 05:27:00,3,11.59,0,bike,40.807844015374776,Kazan,1,13,-6.7,0.66,8.3,2.0,3,5,0,2,2.046875,139.24859601927585
74705,2024-06-30 13:49:00,2,3.06,0,car,55.0,Moscow,1,5,28.9,5.21,9.2,3.0,6,13,0,6,3.935064935064935,50.51333912032547
80220,2024-06-14 16:53:00,3,2.26,0,scooter,43.16043291364058,Kazan,1,7,28.2,0.1,13.0,2.0,6,16,0,4,2.125,36.93747408890246
43196,2025-03-16 21:33:00,4,6.44,0,car,55.0,SPB,1,8,-5.1,14.11,19.3,2.0,3,21,1,6,2.5,89.44244802286734
73717,2025-01-26 00:19:00,4,1.91,0,car,55.0,SPB,0,20,1.2,2.05,2.5,3.0,1,0,0,6,2.414285714285714,56.712536171194365
62781,2024-03-20 04:27:00,1,1.07,0,scooter,52.378878477670696,Moscow,0,17,-7.0,2.44,19.4,5.0,3,4,0,2,3.935064935064935,50.487565242701095
46979,2024-06-26 11:39:00,1,6.15,0,car,55.0,Moscow,0,38,20.5,2.68,5.1,4.0,6,11,0,2,3.688311688311688,111.31738192197119
3798,2024-07-17 00:31:00,5,9.99,0,bike,39.430915777080756,Moscow,1,7,21.0,3.76,9.9,4.0,7,0,0,2,3.871794871794872,131.63155583817334
4078,2025-02-18 16:24:00,8,9.87,0,car,55.0,Moscow,1,12,-6.6,1.68,20.1,4.0,2,16,0,1,3.8157894736842106,125.74179507526273
12806,2025-06-19 18:36:00,1,5.01,0,car,55.0,Moscow,1,9,15.8,2.16,14.5,4.0,6,18,0,3,3.554054054054054,80.553482216413
52966,2025-05-26 07:10:00,3,1.03,0,car,55.0,Moscow,0,15,18.3,6.8,17.6,4.0,5,7,0,0,3.9066666666666667,54.765695327615575
14189,2024-10-08 22:54:00,3,4.37,0,bike,33.93675198010838,SPB,0,35,6.5,1.32,6.1,3.0,10,22,0,1,2.227272727272727,99.1146396951601
97394,2024-04-12 23:25:00,2,4.73,0,bike,38.82921835200169,Moscow,0,33,9.2,1.63,1.0,4.0,4,23,0,4,3.896103896103896,96.02424278304818
67797,2024-08-21 11:55:00,3,6.32,1,car,55.0,Moscow,0,16,20.4,4.1,15.4,5.0,8,11,0,2,3.688311688311688,78.50152603169941
38638,2024-06-05 16:12:00,5,2.82,1,scooter,53.88993581645081,Kazan,1,12,21.3,10.63,15.6,3.0,6,16,0,2,2.046875,52.13568009910216
88264,2024-01-12 07:51:00,5,1.65,0,bike,39.8116220849798,Kazan,0,24,-14.7,3.85,20.4,2.0,1,7,0,4,2.391304347826087,66.89926401702188
70433,2024-02-19 21:22:00,6,5.12,0,car,55.0,Moscow,1,10,-7.6,8.2,15.6,5.0,2,21,0,0,3.8026315789473686,85.32994375494631
74418,2024-06-04 16:06:00,2,3.75,0,bike,42.8376824131858,Moscow,0,39,23.8,7.07,11.6,4.0,6,16,0,1,3.8157894736842106,106.97812460608256
52505,2024-10-27 23:17:00,1,8.76,0,bike,40.58851705937706,Kazan,1,7,2.5,5.35,13.3,1.0,10,23,0,6,2.121212121212121,107.71556379977119
46304,2024-07-09 20:03:00,4,3.74,1,car,55.0,Moscow,1,12,24.3,7.17,1.4,5.0,7,20,0,1,3.730769230769231,63.06132860622007
43077,2024-09-28 03:18:00,1,0.48,0,scooter,46.0651894724839,Moscow,0,26,15.8,0.12,11.5,3.0,9,3,0,5,4.04,45.57016769155902
47553,2024-05-24 06:11:00,5,2.32,1,bike,36.88875564924949,Moscow,1,13,9.5,2.84,0.8,5.0,5,6,0,4,3.831168831168831,53.955065021173255
51223,2024-08-24 06:21:00,3,5.08,0,car,55.0,SPB,0,15,14.6,2.98,9.6,2.0,8,6,0,5,2.449275362318841,75.71272737474779
72115,2024-04-11 00:17:00,2,0.48,0,car,55.0,Moscow,0,35,13.2,2.88,0.3,4.0,4,0,0,3,4.571428571428571,65.94428883513903
19855,2024-03-02 00:25:00,2,2.46,0,scooter,47.978038395195696,Moscow,1,12,-2.1,1.26,9.8,3.0,3,0,0,5,3.9358974358974357,48.796424767425094
4334,2025-05-19 18:12:00,1,3.73,0,scooter,53.88993581645081,Kazan,0,34,17.1,3.64,14.0,2.0,5,18,0,0,2.1940298507462686,86.97554378581566
92604,2024-11-26 15:02:00,3,2.45,0,car,55.0,Moscow,1,12,-0.7,11.66,0.1,5.0,11,15,1,1,3.9210526315789473,67.902181843012
79611,2025-06-19 16:00:00,2,1.67,0,bike,42.191249465282176,Kazan,1,13,19.2,8.34,13.4,3.0,6,16,0,3,1.9206349206349207,58.258733854078656
26490,2024-11-30 07:45:00,5,2.95,0,bike,39.58581281157731,Moscow,0,39,0.3,7.42,23.8,4.0,11,7,0,5,4.0131578947368425,112.68375096188673
25912,2025-04-03 20:15:00,4,0.62,0,scooter,55.0,Moscow,0,24,9.6,3.77,9.7,4.0,4,20,0,3,3.688311688311688,58.99540743230949
4127,2024-01-19 13:23:00,4,1.63,0,car,55.0,SPB,1,9,-4.3,5.52,9.6,3.0,1,13,0,4,2.347826086956522,45.7991704359552
43900,2025-05-28 19:45:00,3,1.56,0,bike,30.567021598673445,Moscow,1,9,26.5,7.74,18.0,5.0,5,19,0,2,4.026315789473684,75.02429660387314
96058,2024-03-01 08:48:00,1,1.74,0,car,55.0,Moscow,1,6,-0.7,0.0,2.9,4.0,3,8,0,4,3.8157894736842106,45.979334766970425
18043,2024-03-09 05:04:00,3,1.07,0,car,55.0,Kazan,1,6,-7.5,0.93,1.5,1.0,3,5,0,5,2.0317460317460316,26.237700093171327
33264,2024-03-14 04:17:00,4,6.38,0,car,55.0,SPB,0,24,1.7,2.15,13.1,3.0,3,4,0,3,2.263888888888889,99.21824456631157
86391,2024-06-24 14:26:00,4,3.14,0,bike,36.88875564924949,Kazan,0,32,16.3,3.43,6.0,2.0,6,14,0,0,2.0307692307692307,85.27266955236236
60843,2025-01-11 22:04:00,3,5.72,0,bike,36.7621488349067,Moscow,0,20,1.5,3.57,3.9,4.0,1,22,0,5,4.0,97.56747974726731
47420,2025-03-06 15:59:00,2,11.99,0,car,54.680479951338505,Moscow,1,12,4.3,1.39,12.9,4.0,3,15,0,3,4.078947368421052,142.19825002941968
79595,2024-04-14 14:00:00,2,9.5,0,bike,40.804334648574,Moscow,1,13,13.4,10.69,17.5,nan,4,14,0,6,3.971830985915493,14.47464064387615
32612,2024-08-12 05:22:00,6,5.16,0,scooter,47.84167767078809,Moscow,0,18,11.6,1.8,2.8,4.0,8,5,0,0,4.116883116883117,86.20358413770369
12096,2025-04-02 08:29:00,1,3.38,0,scooter,50.22988603518088,SPB,1,5,2.8,11.46,9.0,3.0,4,8,1,2,2.4242424242424243,64.5972519235139
64077,2024-09-03 09:19:00,1,1.13,1,bike,42.191249465282176,Moscow,0,28,18.9,1.38,5.7,4.0,9,9,0,1,3.9342105263157894,60.416869660236486
31252,2024-12-24 08:53:00,1,1.67,0,car,55.0,Moscow,0,20,-0.5,3.02,4.4,4.0,12,8,0,1,3.8533333333333335,66.34547190176751
23361,2024-07-18 17:46:00,5,2.48,1,bike,36.7621488349067,Kazan,0,30,25.9,0.13,3.7,2.0,7,17,0,3,2.0163934426229506,64.46108445683248
19053,2024-09-23 14:45:00,3,2.74,0,car,55.0,Kazan,0,31,12.3,4.15,5.5,2.0,9,14,0,0,2.0307692307692307,73.40548674409627
69716,2025-01-18 05:36:00,3,9.51,0,car,55.0,Moscow,0,20,0.5,5.86,17.9,4.0,1,5,0,5,3.792207792207792,128.5379292928442
5177,2024-06-15 11:44:00,3,4.56,0,car,55.0,SPB,0,39,17.3,0.34,9.9,2.0,6,11,0,5,2.4507042253521125,92.36585264476301
40317,2024-03-18 06:04:00,3,4.94,0,bike,38.62838052170366,SPB,0,20,-4.7,8.26,7.3,4.0,3,6,0,0,2.426470588235294,98.38345834222059
64814,2024-01-22 03:09:00,3,4.95,0,car,55.0,Moscow,0,16,-10.6,3.96,16.3,5.0,1,3,0,0,3.948717948717949,84.20125793406189
69744,2025-03-16 02:36:00,4,1.51,0,car,55.0,SPB,0,24,-0.4,14.11,19.3,2.0,3,2,1,6,2.6056338028169015,68.60712490861755
25223,2025-03-26 20:22:00,2,0.62,0,car,55.0,Moscow,1,8,4.3,3.21,5.3,4.0,3,20,0,2,3.883116883116883,39.0275859185266
35923,2024-04-08 15:43:00,2,1.85,0,car,55.0,SPB,1,7,10.8,5.45,19.9,3.0,4,15,0,0,2.6818181818181817,39.786763553998576
41469,2024-11-30 02:44:00,4,8.62,0,car,55.0,Moscow,1,11,0.1,7.42,23.8,4.0,11,2,0,5,3.779220779220779,111.03944897671263
92474,2025-04-02 00:44:00,3,4.0,0,scooter,36.42755350070934,SPB,0,24,3.3,11.46,9.0,3.0,4,0,1,2,2.6338028169014085,87.08246993378586
98491,2024-09-17 09:26:00,4,3.71,0,car,55.0,SPB,1,13,15.4,7.85,13.4,3.0,9,9,0,1,2.8142857142857145,77.5437583531227
69614,2025-03-17 12:33:00,4,7.59,0,car,55.0,Moscow,1,5,-1.2,0.49,13.2,4.0,3,12,0,0,3.551282051282051,88.5641650800773
42156,2024-08-28 02:05:00,4,5.42,0,bike,43.09047812324671,Moscow,1,5,17.3,0.04,10.0,4.0,8,2,0,2,3.8666666666666667,69.7552581467066
34500,2024-03-15 17:07:00,4,0.59,0,scooter,45.44612180823244,Moscow,0,16,2.8,6.98,15.5,5.0,3,17,0,4,3.9473684210526314,69.38627841418176
82407,2025-03-12 20:41:00,4,2.88,0,car,55.0,Kazan,0,22,1.1,0.33,7.8,2.0,3,20,0,2,2.2222222222222223,60.065570967384524
81022,2025-01-27 05:11:00,3,1.49,0,car,55.0,Moscow,0,31,2.5,10.21,16.5,4.0,1,5,0,0,4.116883116883117,80.02244092991565
9569,2025-04-18 06:46:00,5,0.81,0,scooter,43.16043291364058,Moscow,1,12,11.1,1.49,0.7,4.0,4,6,0,4,3.831168831168831,44.9852572785767
13811,2024-07-27 23:43:00,3,9.87,0,car,55.0,Moscow,1,12,19.9,1.58,5.2,3.0,7,23,0,5,4.076923076923077,117.98398135444896
75428,2024-10-05 11:21:00,1,4.43,0,bike,33.624359958418964,Moscow,0,30,11.4,0.44,0.2,4.0,10,11,0,5,3.486842105263158,85.15163901806994
86633,2024-11-13 22:15:00,3,1.42,0,bike,40.32854369446495,SPB,1,11,4.0,24.92,10.3,3.0,11,22,1,2,2.537313432835821,70.64747433125761
97082,2024-10-19 05:35:00,2,6.08,0,car,55.0,Kazan,1,11,0.1,1.36,4.0,1.0,10,5,0,5,2.0317460317460316,73.64362788344789
27935,2024-04-30 12:33:00,2,7.36,0,car,55.0,SPB,0,33,11.5,2.14,16.6,3.0,4,12,0,1,2.5074626865671643,115.64445349630645
86433,2025-02-11 23:56:00,1,3.72,0,bike,38.01026765395612,SPB,1,5,-3.7,2.27,9.0,3.0,2,23,0,1,2.342857142857143,58.20094695280221
11942,2024-11-23 12:43:00,4,2.76,0,car,55.0,Moscow,1,9,0.6,2.94,20.6,3.0,11,12,0,5,4.012987012987013,52.59514727707779
30750,2024-02-29 23:35:00,4,5.01,0,bike,39.8116220849798,Moscow,0,31,-2.1,6.07,1.0,4.0,2,23,0,3,3.3461538461538463,109.30860738286952
62964,2025-01-05 15:21:00,4,5.61,0,bike,39.430915777080756,Moscow,1,5,-4.1,10.68,19.6,3.0,1,15,0,6,3.8157894736842106,85.92748983158738
13359,2024-06-13 09:13:00,3,4.53,0,car,55.0,Moscow,0,30,22.3,4.3632938816449345,11.7,4.0,6,9,0,3,3.871794871794872,96.7899688131271
8750,2024-06-25 06:36:00,5,7.29,0,scooter,55.0,Kazan,1,5,12.1,2.59,17.3,3.0,6,6,0,1,2.076923076923077,85.22287752880867
65160,2024-05-20 08:23:00,4,3.76,0,car,55.0,Moscow,0,36,15.0,0.8,2.2,4.0,5,8,0,0,3.6315789473684212,103.92531276100306
50127,2025-02-18 11:17:00,2,4.18,1,car,55.0,Moscow,0,23,-9.8,1.68,20.1,4.0,2,11,0,1,3.831168831168831,67.94880310807628
16055,2024-10-11 06:03:00,1,1.49,0,car,55.0,Moscow,1,10,6.6,0.65,16.4,4.0,10,6,0,4,3.831168831168831,43.83296999065273
92294,2024-12-15 23:57:00,5,1.23,0,car,55.0,Kazan,0,29,-4.3,12.43,18.8,1.0,12,23,1,6,2.121212121212121,69.08293005575516
38817,2024-02-06 02:19:00,3,5.07,0,car,55.0,Moscow,0,30,-5.1,3.52,21.1,4.0,2,2,0,1,3.727272727272727,96.02245853668614
23192,2025-03-29 15:36:00,5,3.38,0,car,55.0,Kazan,1,12,10.9,3.1018135922330097,1.8,2.0,3,15,0,5,1.876923076923077,57.96764615328402
54933,2024-09-09 10:27:00,5,2.14,0,bike,37.106988143682905,Moscow,1,6,20.1,14.15,7.2,5.0,9,10,1,0,3.4025974025974026,69.52535660794106
98180,2024-06-07 22:18:00,3,2.81,0,car,55.0,Moscow,0,35,19.1,6.83,5.3,5.0,6,22,0,4,3.9466666666666668,93.5823958543876
2140,2024-12-03 11:58:00,3,1.81,0,scooter,49.6149146410911,Moscow,1,13,0.5,4.36,8.9,5.0,12,11,0,1,3.831168831168831,54.74102611838333
2098,2025-05-24 11:20:00,4,7.02,0,car,55.0,SPB,0,37,13.4,2.61,8.5,2.0,5,11,0,5,2.4507042253521125,120.38837593503703
35698,2025-02-13 15:10:00,2,5.4,0,car,55.0,Moscow,1,11,-6.0,4.06,12.8,4.0,2,15,0,3,4.078947368421052,67.1847706272647
90073,2024-09-12 20:49:00,2,5.22,1,scooter,52.33026501083797,Moscow,1,11,22.0,2.4,12.3,4.0,9,20,0,3,3.688311688311688,64.19254456759798
53863,2024-08-30 02:20:00,2,1.14,0,scooter,50.81018222286416,Moscow,0,22,14.2,4.87,18.4,4.0,8,2,0,4,3.8552631578947367,56.87448439955617
89853,2025-05-06 06:05:00,4,3.79,0,bike,34.302746560329744,Kazan,1,7,11.1,1.65,8.7,2.0,5,6,0,1,2.076923076923077,57.521306009345146
79346,2024-12-02 05:35:00,4,7.12,0,car,55.0,Moscow,0,34,-0.9,4.6,5.0,4.0,12,5,0,0,4.116883116883117,124.39824863364407
92717,2024-02-09 14:40:00,2,14.51,0,car,55.0,Moscow,1,11,-11.4,1.88,20.0,4.0,2,14,0,4,3.7260273972602738,183.58978384181714
231,2024-04-02 13:39:00,3,1.19,0,car,55.0,Moscow,0,26,19.9,3.34,17.0,4.0,4,13,0,1,4.171052631578948,64.6578477336297
37630,2024-09-02 21:52:00,3,10.15,0,car,55.0,SPB,1,7,19.6,2.71,3.7,nan,9,21,0,0,2.5652173913043477,13.920480461850381
60669,2024-03-09 09:34:00,2,8.21,0,scooter,54.20006938556093,SPB,0,31,-4.9,1.93,3.0,2.0,3,9,0,5,2.323943661971831,126.0314528559705
17416,2024-08-30 03:18:00,3,0.87,0,bike,38.62838052170366,SPB,1,11,12.7,10.65,0.0,4.0,8,3,0,4,2.476923076923077,54.18310218985202
58500,2024-05-20 09:16:00,4,3.83,0,scooter,52.32152702875614,Kazan,1,12,16.1,1.22,10.1,2.0,5,9,0,0,2.1285714285714286,64.41405598259547
64465,2025-04-04 18:09:00,2,4.47,0,car,55.0,Kazan,1,8,11.7,3.12,13.9,2.0,4,18,0,4,2.0,64.74651305373393
9122,2024-04-01 17:03:00,2,0.85,0,car,55.0,SPB,0,16,18.6,8.7,13.6,4.0,4,17,0,0,2.5625,64.91588031321673
74121,2024-12-01 20:41:00,1,6.96,0,scooter,46.65016744281999,Moscow,1,10,0.6,1.39,10.5,3.0,12,20,0,6,4.0131578947368425,87.89554445219474
17839,2024-04-04 00:22:00,2,10.52,0,car,55.0,Moscow,0,36,5.1,10.79,3.1,4.0,4,0,0,3,4.571428571428571,163.856027213973
86651,2025-05-13 00:48:00,2,1.85,0,car,55.0,Kazan,0,18,9.0,2.48,2.1,2.0,5,0,0,1,2.0952380952380953,49.89912544550947
8459,2025-04-21 21:27:00,3,3.72,0,car,55.0,SPB,1,7,5.9,29.15,13.1,3.0,4,21,1,0,2.5652173913043477,72.8785674583252
8624,2025-02-04 14:58:00,5,9.05,0,bike,34.44266775511231,SPB,1,11,-11.2,9.63,17.6,4.0,2,14,0,1,2.608695652173913,134.14835741434575
82824,2024-05-04 21:22:00,2,4.19,0,scooter,49.864212869682625,Moscow,0,34,9.9,5.59,4.6,4.0,5,21,0,5,3.9864864864864864,82.42148421797606
56782,2024-12-26 17:30:00,4,0.72,0,car,55.0,Kazan,1,11,-3.6,3.869590301003344,16.1,2.0,12,17,0,3,2.0163934426229506,45.232792882354715
30685,2025-04-30 00:27:00,3,1.09,0,car,55.0,Moscow,1,11,7.2,4.66,18.3,4.0,4,0,0,2,3.871794871794872,47.677287377729165
22859,2024-10-11 12:36:00,4,3.22,0,scooter,46.44408516513773,Kazan,0,37,3.5,0.13,5.3,2.0,10,12,0,4,2.0476190476190474,81.80978000423238
65091,2024-10-01 06:32:00,2,14.69,0,scooter,46.44408516513773,SPB,1,5,0.1,3.38,14.4,3.0,10,6,0,1,2.272727272727273,171.19375558057843
29597,2024-12-06 04:38:00,2,2.19,0,bike,33.503041454143556,Kazan,1,6,-4.7,6.03,1.8,2.0,12,4,0,4,1.9848484848484849,51.064959688843146
81200,2024-06-17 00:17:00,5,0.49,0,bike,36.63261474828157,SPB,0,32,14.9,1.96,0.7,4.0,6,0,0,0,2.536231884057971,72.5460587484571
34310,2024-07-07 09:22:00,3,3.4,0,car,55.0,Moscow,0,16,21.3,13.18,16.2,4.0,7,9,1,6,3.8133333333333335,87.16105115508913
4402,2024-08-12 07:45:00,4,2.34,1,car,55.0,Moscow,0,15,13.6,1.8,2.8,4.0,8,7,0,0,3.9066666666666667,46.35772316658156
23255,2025-06-05 16:53:00,3,0.33,0,bike,33.0915722275002,Moscow,1,5,25.0,3.04,10.0,5.0,6,16,0,3,3.6363636363636362,43.80538456083221
66745,2024-08-13 18:43:00,3,5.91,0,scooter,55.0,Kazan,0,29,18.5,1.81,15.8,2.0,8,18,0,1,1.9661016949152543,103.41683131678646
93537,2024-01-31 22:42:00,2,1.84,0,bike,35.574343203740504,Moscow,0,22,-1.3,20.23,12.2,5.0,1,22,1,2,4.0,91.86402048833057
89433,2025-02-14 08:03:00,4,1.74,0,bike,33.520197773802906,Moscow,0,27,-7.2,1.46,16.2,4.0,2,8,0,4,3.8157894736842106,82.91289377533862
86906,2024-10-17 07:03:00,5,7.15,0,car,55.0,SPB,1,13,8.1,7.89,12.3,3.0,10,7,0,3,2.3333333333333335,103.06695943839185
77870,2025-01-06 19:22:00,1,4.52,0,car,55.0,Kazan,0,34,-6.1,9.67,12.5,2.0,1,19,0,0,2.1666666666666665,99.47871694275575
61917,2024-07-31 01:36:00,3,4.44,0,bike,41.46738347715445,Moscow,1,12,14.2,4.058662716885315,18.9,5.0,7,1,0,2,3.3766233766233764,52.37271744600655
27280,2025-03-21 19:03:00,3,9.58,0,car,55.0,Moscow,0,36,5.9,4.74,7.6,4.0,3,19,0,4,4.026315789473684,165.17979443273373
8117,2024-02-23 02:52:00,3,1.82,0,bike,35.577876365522755,SPB,0,33,1.0,1.38,12.2,3.0,2,2,0,4,2.380281690140845,73.51831926214497
46563,2025-01-12 20:33:00,4,5.45,0,car,55.0,Moscow,1,11,-1.6,3.06,12.807115834984687,4.0,1,20,0,6,4.0131578947368425,81.54687995288738
69849,2024-06-19 06:31:00,3,2.65,0,car,55.0,Moscow,0,39,17.1,9.28,11.6,5.0,6,6,0,2,3.769230769230769,100.81291852897127
29151,2024-12-08 13:10:00,4,7.58,0,bike,36.673060427125655,Kazan,0,39,-6.0,5.64,7.6,1.0,12,13,0,6,2.125,132.27252771726336
71972,2025-04-26 05:42:00,2,2.36,0,bike,37.6456880964658,SPB,0,29,-0.7,4.79,15.8,2.0,4,5,0,5,2.7,74.07586365589398
71469,2024-06-02 06:41:00,5,5.56,0,bike,37.632500976867355,Kazan,0,23,19.5,4.65,4.7,1.0,6,6,0,6,1.8923076923076922,96.95992521098431
42487,2024-01-24 09:39:00,2,2.67,0,car,55.0,SPB,0,29,1.1,8.54,16.2,3.0,1,9,0,2,2.5294117647058822,87.85636540508143
27575,2024-06-22 22:53:00,2,1.06,0,car,55.0,Kazan,0,18,16.8,10.34,5.3,1.0,6,22,0,5,2.1206896551724137,50.42608596506733
19507,2024-10-25 01:48:00,3,5.66,0,scooter,41.41642418784267,SPB,0,20,4.3,1.82,15.6,4.0,10,1,0,4,2.338235294117647,90.73504333715505
3186,2024-09-27 08:27:00,6,2.86,0,car,55.0,Kazan,0,37,11.7,6.16,19.7,3.0,9,8,0,4,2.2285714285714286,105.91449065826649
78969,2024-11-06 13:29:00,4,9.03,0,scooter,43.02736698811714,Moscow,0,17,0.4,0.12,10.3,4.0,11,13,0,2,3.871794871794872,117.50020952104904
64069,2024-10-29 17:36:00,3,2.07,0,bike,31.260861704088715,Moscow,0,17,5.7,2.07,15.3,4.0,10,17,0,1,3.4266666666666667,77.09475782913069
34008,2024-06-14 20:56:00,3,4.72,0,car,55.0,Moscow,0,20,19.4,2.24,3.0,4.0,6,20,0,4,3.923076923076923,81.93817050038328
10944,2024-07-18 03:14:00,2,13.4,0,car,55.0,Moscow,0,21,21.8,4.058662716885315,15.9,5.0,7,3,0,3,3.779220779220779,142.20380819106495
4566,2024-07-02 17:33:00,4,1.7,0,car,55.0,Moscow,0,15,30.4,4.1,2.4,4.0,7,17,0,1,3.4266666666666667,65.77014085830147
43571,2025-05-08 05:42:00,2,4.31,0,bike,34.06066537047135,Kazan,0,29,8.0,3.7,4.8,2.0,5,5,0,3,2.074626865671642,89.38355838405069
35098,2024-06-17 05:57:00,3,9.91,0,car,55.0,Moscow,0,16,18.3,4.48,11.5,4.0,6,5,0,0,4.116883116883117,127.25253356174565
86275,2024-07-25 09:44:00,3,7.65,0,car,55.0,Moscow,1,14,21.1,0.24,4.7,4.0,7,9,0,3,3.871794871794872,106.89298186072415
45658,2025-02-21 17:29:00,2,2.42,0,scooter,46.7981431143761,SPB,1,7,-1.5,1.89,9.9,3.0,2,17,0,4,2.135135135135135,53.25611106255033
62440,2024-07-20 07:13:00,2,7.05,0,bike,39.99621866158171,Moscow,0,16,18.8,0.56,9.5,3.0,7,7,0,5,4.0131578947368425,95.44996902116152
90179,2025-02-16 20:56:00,3,4.27,0,bike,39.8116220849798,SPB,0,17,-9.5,11.85,20.4,2.0,2,20,1,6,2.5076923076923077,86.54119896291438
16531,2025-05-23 13:55:00,3,4.28,0,bike,40.142580832377945,Moscow,1,13,23.5,0.62,0.9,4.0,5,13,0,4,3.935064935064935,71.38524808231664
8176,2025-06-19 10:15:00,3,5.35,0,car,55.0,Moscow,0,28,16.6,2.16,14.5,4.0,6,10,0,3,3.782051282051282,98.44378600818129
93307,2024-05-10 07:24:00,5,4.18,0,car,55.0,Moscow,0,36,3.2,2.63,16.2,5.0,5,7,0,4,3.782051282051282,106.05916380719516
31070,2025-05-29 07:19:00,2,3.54,0,scooter,52.32152702875614,Moscow,1,7,18.6,0.76,0.0,4.0,5,7,0,3,3.5,53.63471592682505
19374,2025-02-11 23:14:00,3,10.27,0,car,55.0,Kazan,0,29,-9.2,4.4,10.6,2.0,2,23,0,1,1.791044776119403,141.15581954286893
75044,2024-01-03 23:10:00,2,0.81,0,car,55.0,Moscow,0,23,-28.6,2.3,22.4,4.0,1,23,0,2,3.776315789473684,55.56825934914188
17022,2024-03-29 04:03:00,3,10.08,0,bike,37.45176782140707,Moscow,1,10,1.7,9.81,11.5,4.0,3,4,0,4,4.025974025974026,145.45113661465012
70399,2024-10-19 02:25:00,4,11.83,0,bike,38.8266233036702,Kazan,1,8,0.5,1.36,4.0,1.0,10,2,0,5,2.015151515151515,137.35732589659943
28759,2024-04-29 09:07:00,1,10.26,0,car,55.0,Kazan,1,5,9.4,6.06,12.7,3.0,4,9,0,0,2.1285714285714286,122.31090670920884
25031,2024-09-23 07:29:00,2,4.73,0,bike,38.62838052170366,Moscow,1,8,4.2,2.21,4.7,4.0,9,7,0,0,3.9066666666666667,73.25229669605805
4584,2024-10-28 21:14:00,4,5.96,0,car,55.0,Moscow,1,9,8.0,10.18,6.2,4.0,10,21,0,0,3.8026315789473686,89.12647948493853
26314,2024-01-21 02:56:00,1,3.95,0,car,55.0,Moscow,1,12,-16.8,15.17,23.5,3.0,1,2,1,6,4.184210526315789,64.66455147181081
95903,2024-04-12 06:01:00,1,5.05,0,bike,41.97329297929299,Moscow,1,13,8.5,1.63,1.0,4.0,4,6,0,4,3.831168831168831,75.83172507009445
84684,2024-07-21 19:39:00,4,4.69,0,car,55.0,Moscow,0,16,22.2,6.59,18.1,3.0,7,19,0,6,3.96,89.0527021299279
43786,2024-01-11 03:46:00,6,8.53,0,car,55.0,SPB,1,7,1.5,11.04,15.8,4.0,1,3,1,3,2.5714285714285716,112.70942930426799
17016,2025-01-26 19:51:00,2,3.47,0,car,55.0,Moscow,1,8,2.2,5.720882520402354,21.9,3.0,1,19,0,6,3.96,28.227924170447714
83575,2024-07-27 19:24:00,2,3.94,0,car,55.0,Moscow,0,39,25.5,1.58,5.2,3.0,7,19,0,5,3.6486486486486487,99.74542669185476
78818,2024-06-20 22:44:00,1,0.67,0,car,55.0,Moscow,0,21,14.9,8.88,3.0,4.0,6,22,0,3,3.5789473684210527,57.38269027094581
73047,2024-06-20 03:48:00,3,11.32,0,car,55.0,Moscow,1,12,20.2,8.88,3.0,4.0,6,3,0,3,3.779220779220779,150.4061390421329
52943,2025-03-20 00:28:00,5,0.56,0,bike,39.395918500296126,Moscow,0,31,1.5,0.06,18.4,4.0,3,0,0,3,4.571428571428571,64.89217597482914
92005,2024-08-14 05:30:00,1,2.45,1,car,55.0,Kazan,0,35,12.3,2.51,14.4,2.0,8,5,0,2,2.046875,57.88244315691769
17521,2024-01-31 16:35:00,2,4.96,0,car,55.0,Kazan,1,5,-5.9,4.219901193906957,14.9,2.0,1,16,0,2,2.046875,61.53052714009503
13046,2024-06-05 17:12:00,3,7.1,0,bike,39.53406196193262,Moscow,0,16,26.2,2.98,7.3,4.0,6,17,0,2,4.012820512820513,118.71627086950684
13592,2024-12-14 01:24:00,1,2.92,0,car,55.0,Kazan,0,32,-8.2,7.83,19.7,1.0,12,1,0,5,2.0303030303030303,61.519419435123254
17561,2024-10-13 06:43:00,3,1.5,0,bike,42.40735828019987,Moscow,0,22,4.0,5.53,6.3,4.0,10,6,0,6,3.736842105263158,65.97967159310744
93612,2024-01-16 08:34:00,2,1.6,0,bike,42.8376824131858,Kazan,0,31,-5.4,5.78,14.3,2.0,1,8,0,1,2.235294117647059,77.00424451665354
17255,2024-08-06 23:04:00,1,2.85,0,bike,38.94927677658439,Kazan,0,25,17.3,0.65,1.3,3.0,8,23,0,1,1.791044776119403,65.77405806341903
97990,2025-04-15 09:44:00,4,0.96,1,car,55.0,Moscow,1,11,9.6,0.08,4.6,4.0,4,9,0,1,3.9342105263157894,36.52828838461452
36542,2025-01-15 11:16:00,3,2.71,1,car,55.0,Moscow,1,12,1.2,2.12,16.5,5.0,1,11,0,2,3.688311688311688,47.98796138246954
13648,2024-08-24 17:33:00,3,2.67,0,car,55.0,Moscow,0,34,22.6,4.57,14.6,4.0,8,17,0,5,3.92,95.71311864009104
34450,2025-05-09 15:37:00,4,2.65,0,car,55.0,Moscow,0,30,9.1,2.24,0.4,4.0,5,15,0,4,3.581081081081081,78.99018325952262
79386,2025-01-13 00:43:00,2,2.25,0,bike,38.94927677658439,Moscow,1,5,-3.1,0.05,4.9,5.0,1,0,0,0,3.727272727272727,43.28038233575849
51875,2024-09-07 12:19:00,2,5.17,0,bike,35.23265629823605,Moscow,1,6,21.7,5.21,6.0,3.0,9,12,0,5,4.012987012987013,76.02513065566119
71704,2024-07-22 11:35:00,5,3.62,0,bike,41.219692330682875,Moscow,0,21,21.7,1.06,11.2,4.0,7,11,0,0,3.526315789473684,79.037737951183
6647,2024-10-06 13:40:00,4,1.44,0,car,55.0,Moscow,1,7,11.5,1.28,17.3,3.0,10,13,0,6,3.935064935064935,37.28566971226896
96203,2025-01-12 05:13:00,4,5.16,0,bike,34.302746560329744,Moscow,0,30,-1.7,3.06,12.807115834984687,4.0,1,5,0,6,3.7866666666666666,107.17255162919804
55044,2025-01-26 08:06:00,5,0.89,0,car,55.0,Kazan,1,14,-10.3,0.24,6.3,2.0,1,8,0,6,2.169491525423729,43.53229813146567
83827,2024-03-07 07:13:00,3,1.88,0,car,55.0,SPB,0,31,-5.7,6.95,15.0,3.0,3,7,0,3,2.3333333333333335,73.29845796990054
35689,2024-03-21 04:00:00,5,12.25,0,car,55.0,SPB,0,24,2.1,30.26,2.8,4.0,3,4,1,3,2.263888888888889,188.8257169912814
89017,2024-08-17 08:31:00,2,0.26,0,car,55.0,Moscow,0,36,17.8,2.23,4.5,3.0,8,8,0,5,3.527027027027027,73.9794656797516
10626,2024-07-22 22:04:00,3,0.72,0,car,55.0,Kazan,0,35,15.2,1.19,13.2,2.0,7,22,0,0,1.9696969696969697,61.1646940249583
16898,2024-03-03 08:21:00,2,0.8,0,car,55.0,Moscow,0,36,-10.5,5.03,19.7,3.0,3,8,0,6,3.8289473684210527,76.33795786002888
9379,2025-03-02 06:12:00,4,1.47,0,car,55.0,Moscow,0,33,-2.3,0.44,16.6,4.0,3,6,0,6,3.736842105263158,72.06737269413148
33489,2025-01-24 17:18:00,3,6.47,0,car,55.0,SPB,0,25,1.3,1.38,10.7,3.0,1,17,0,4,2.135135135135135,108.59851887724773
72378,2025-03-16 03:57:00,2,4.76,0,car,55.0,Kazan,1,12,-2.7,0.12,8.7,1.0,3,3,0,6,2.1639344262295084,57.34297606427183
95620,2024-05-30 06:26:00,6,4.47,0,scooter,49.6149146410911,Kazan,0,30,15.2,5.15,20.0,2.0,5,6,0,3,2.234375,98.14107962258714
92555,2024-01-23 18:01:00,2,4.05,0,car,55.0,Moscow,1,5,-4.2,1.43,17.7,4.0,1,18,0,1,3.4415584415584415,68.4754588890043
91891,2024-10-28 22:24:00,2,6.43,0,bike,35.716101269659816,Kazan,1,5,3.0,3.64,1.9,2.0,10,22,0,0,1.9696969696969697,84.2156712655286
24505,2024-02-07 13:05:00,3,4.76,0,bike,38.301186923671516,Moscow,0,39,-8.5,1.34,1.8,5.0,2,13,0,2,3.871794871794872,110.12821529386765
84311,2024-04-29 16:27:00,3,7.93,0,car,55.0,SPB,0,21,21.2,2.29,5.4,4.0,4,16,0,0,2.4925373134328357,116.34102751975713
54380,2024-01-31 01:58:00,4,7.42,0,car,55.0,Moscow,1,10,-8.4,20.23,12.2,5.0,1,1,1,2,3.3766233766233764,115.36279123804619
52878,2024-08-21 21:17:00,3,5.97,0,scooter,41.544742159650916,Kazan,1,12,14.9,2.23,17.3,nan,8,21,0,2,2.015151515151515,7.737440174955779
36489,2025-05-17 08:06:00,2,3.02,0,car,55.0,Kazan,1,7,15.5,0.86,0.3,1.0,5,8,0,5,1.9857142857142858,39.09305696456017
89753,2024-02-10 17:20:00,3,7.52,0,car,55.0,Kazan,0,24,-16.2,4.86,15.1,1.0,2,17,0,5,2.1911764705882355,109.15555950961692
55659,2024-04-10 19:16:00,4,4.2,1,car,55.0,Kazan,1,12,9.4,2.91,6.6,2.0,4,19,0,2,2.046153846153846,57.248865638076374
88645,2025-04-06 18:00:00,3,2.15,0,bike,38.3374319784028,SPB,1,12,0.0,5.84,4.9,2.0,4,18,0,6,2.5675675675675675,60.93874604404249
91012,2024-11-14 03:42:00,4,4.12,0,scooter,41.41642418784267,SPB,0,24,4.9,2.41,8.2,4.0,11,3,0,3,2.5714285714285716,82.12441136645553
31010,2024-08-23 01:09:00,3,1.52,0,car,55.0,Moscow,1,12,17.5,2.75,17.4,5.0,8,1,0,4,3.3421052631578947,51.29508926190346
76700,2024-02-14 16:51:00,1,0.17,0,scooter,46.7981431143761,SPB,0,20,-9.2,2.66,10.6,4.0,2,16,0,2,2.1470588235294117,48.339243400743804
43293,2025-05-21 21:30:00,4,6.12,0,car,55.0,Kazan,0,24,14.6,3.09,2.6,2.0,5,21,0,2,2.015151515151515,95.75063035816306
7356,2024-09-16 11:17:00,3,6.81,0,scooter,50.22988603518088,Moscow,0,17,21.5,2.24,10.8,4.0,9,11,0,0,3.526315789473684,101.08826447851281
93311,2025-06-02 14:30:00,3,0.55,0,car,55.0,Moscow,0,37,22.0,4.39,9.0,4.0,6,14,0,0,4.142857142857143,74.028329502328
79162,2024-12-21 18:11:00,4,2.51,1,scooter,55.0,Moscow,0,18,-1.0,2.61,22.6,3.0,12,18,0,5,3.8701298701298703,59.50495935699387
34690,2024-08-02 16:23:00,4,2.89,0,car,55.0,Kazan,1,10,20.3,0.96,15.3,2.0,8,16,0,4,2.125,48.38045466704668
41381,2024-10-08 14:51:00,2,3.78,1,car,55.0,Kazan,0,20,19.7,0.68,2.7,3.0,10,14,0,1,2.123076923076923,53.59920733676904
51845,2024-01-15 06:14:00,2,3.48,0,car,55.0,Kazan,0,17,-16.2,0.02,1.6,2.0,1,6,0,0,2.0142857142857142,59.35470826654299
23228,2024-04-01 16:03:00,5,8.66,1,car,55.0,Kazan,1,7,3.4,16.03,2.4,2.0,4,16,1,0,2.1578947368421053,96.88096372030178
65228,2024-10-22 10:56:00,1,1.57,0,car,55.0,SPB,0,23,11.4,4.74,17.4,3.0,10,10,0,1,2.564516129032258,56.79456367546734
98586,2024-03-01 17:17:00,3,1.86,0,car,55.0,Moscow,1,8,0.8,0.0,2.9,4.0,3,17,0,4,3.9473684210526314,48.12518798325894
89050,2024-03-09 22:50:00,2,2.65,0,bike,35.96575629651888,SPB,0,23,-5.1,1.93,3.0,2.0,3,22,0,5,2.361111111111111,65.12997168521844
40466,2024-12-12 17:58:00,2,4.67,0,car,55.0,Moscow,0,35,-4.5,1.29,1.2,4.0,12,17,0,3,4.012820512820513,106.92048607982917
10143,2024-01-16 06:50:00,7,3.74,0,car,55.0,Moscow,0,35,-2.9,2.09,19.5,5.0,1,6,0,1,3.6973684210526314,106.10354322562759
43065,2024-07-02 21:08:00,4,5.17,0,bike,43.09047812324671,Moscow,1,9,26.0,4.1,2.4,4.0,7,21,0,1,3.5789473684210527,77.91054307458015
93279,2024-05-02 09:56:00,4,5.48,0,scooter,43.16043291364058,Moscow,1,12,8.7,20.55,9.875,4.0,5,9,1,3,3.871794871794872,108.09488730201795
65095,2025-01-08 15:39:00,3,3.39,1,car,55.0,Moscow,0,26,3.1,2.07,6.8,4.0,1,15,0,2,4.094594594594595,65.95429881938715
92351,2025-03-24 05:05:00,4,5.97,0,scooter,40.06698260588018,Moscow,0,28,-1.4,3.43,5.8,5.0,3,5,0,0,4.116883116883117,111.66022087555717
82768,2025-02-17 03:08:00,3,7.91,0,car,55.0,Kazan,0,29,-12.4,8.8,8.9,2.0,2,3,0,0,1.9827586206896552,127.32068925205743
56205,2024-10-19 21:36:00,1,4.95,0,scooter,51.84792119327856,Moscow,0,25,5.5,5.73,11.3,3.0,10,21,0,5,3.9864864864864864,84.87266865552195
73359,2025-01-20 01:05:00,3,2.99,0,car,55.0,Moscow,0,17,-0.6,6.7,0.2,4.0,1,1,0,0,3.8933333333333335,70.11152857892085
89797,2025-01-08 03:15:00,2,1.02,0,scooter,42.827475829915414,SPB,0,37,0.8,10.26,12.2,3.0,1,3,0,2,2.411764705882353,78.21341732615032
98302,2024-05-04 02:24:00,2,3.38,0,bike,30.444795647135667,Moscow,1,10,-0.3,5.59,4.6,4.0,5,2,0,5,3.779220779220779,58.29131594011431
16050,2024-04-27 04:28:00,7,5.71,0,car,55.0,SPB,0,31,-0.2,1.28,13.3,2.0,4,4,0,5,2.7,104.65199152805324
22202,2025-05-09 22:26:00,2,0.26,0,bike,38.301186923671516,SPB,0,33,4.5,0.63,18.7,3.0,5,22,0,4,2.5,61.298288955891415
21868,2024-03-24 07:22:00,2,4.02,0,car,55.0,Moscow,1,13,0.3,0.78,12.4,4.0,3,7,0,6,4.065789473684211,64.11088449383958
3240,2025-03-27 15:20:00,1,5.52,0,scooter,46.760053354253095,SPB,0,39,7.0,3.5,11.2,4.0,3,15,0,3,2.6865671641791047,108.57333397687441
26278,2024-12-15 21:27:00,6,6.86,0,bike,40.75594245927035,Moscow,0,17,-3.7,4.83,4.6,4.0,12,21,0,6,3.5714285714285716,113.74210706120118
90803,2025-02-07 09:56:00,2,1.66,0,car,55.0,Kazan,0,39,-10.7,6.93,4.5,3.0,2,9,0,4,1.8636363636363635,86.61620594306605
21651,2025-05-01 15:56:00,3,4.66,0,car,55.0,SPB,0,31,8.2,2.58,3.6,3.0,5,15,0,3,2.6865671641791047,92.27054839242405
90922,2024-03-01 08:51:00,4,1.1,0,car,55.0,Moscow,0,16,-0.7,0.0,2.9,4.0,3,8,0,4,3.8157894736842106,56.60378014195648
66604,2024-06-17 00:38:00,4,8.16,0,car,55.0,Kazan,0,20,20.9,5.8,9.7,2.0,6,0,0,0,1.9666666666666666,115.56487197573148
55393,2024-03-20 20:20:00,2,1.64,0,scooter,41.544742159650916,Moscow,1,12,1.9,2.44,19.4,5.0,3,20,0,2,3.883116883116883,53.81896917127196
96269,2025-05-24 10:45:00,4,3.19,0,bike,35.086380143438284,Kazan,0,34,17.5,0.36,1.1,1.0,5,10,0,5,1.791044776119403,75.70429746003957
30412,2024-06-26 09:23:00,2,2.82,1,scooter,45.66908855409564,Kazan,0,22,17.6,2.73,17.2,3.0,6,9,0,2,2.098360655737705,59.31602032581479
22068,2024-06-07 03:56:00,5,3.45,1,car,55.0,Moscow,0,16,16.0,6.83,5.3,5.0,6,3,0,4,3.8666666666666667,66.01325108354435
26356,2024-06-14 15:57:00,3,5.4,0,car,55.0,SPB,0,21,17.8,4.58,7.5,4.0,6,15,0,4,2.391304347826087,91.74410345256456
27029,2025-01-06 02:13:00,1,2.39,0,car,55.0,SPB,0,16,-15.0,7.22041542040545,3.3,3.0,1,2,0,0,2.418918918918919,59.7797698312021
7446,2024-04-21 05:43:00,4,6.6,0,scooter,41.41642418784267,SPB,0,24,-2.1,0.73,6.6,2.0,4,5,0,6,2.5,97.87460217432293
40656,2024-10-17 20:47:00,3,4.11,0,bike,33.624359958418964,SPB,1,7,7.9,7.89,12.3,3.0,10,20,0,3,2.1857142857142855,74.29588331203529
79310,2025-04-07 12:38:00,2,1.86,0,car,55.0,Kazan,0,30,9.4,2.19,12.0,3.0,4,12,0,0,2.5,65.52346383005727
70945,2024-11-08 06:58:00,2,3.01,0,bike,36.62098754864886,SPB,1,6,-0.9,0.05,9.7,3.0,11,6,0,4,2.0434782608695654,44.40247798479661
94194,2024-07-21 08:02:00,2,0.11,0,car,55.0,Moscow,0,34,19.5,6.59,18.1,3.0,7,8,0,6,3.8289473684210527,75.51490589964716
19285,2025-06-17 07:21:00,5,2.28,0,bike,41.219692330682875,SPB,0,17,14.5,0.12,12.9,3.0,6,7,0,1,2.6285714285714286,57.10987435567334
92884,2025-04-08 10:52:00,3,3.96,0,car,55.0,Kazan,1,5,12.3,2.29,9.8,3.0,4,10,0,1,2.234375,54.676045872925954
77662,2024-12-05 14:02:00,4,4.11,0,car,55.0,Moscow,0,19,-5.5,5.55,19.4,5.0,12,14,0,3,3.7222222222222223,77.40914899341435
86757,2024-05-16 08:17:00,2,5.08,0,scooter,43.16043291364058,Kazan,1,5,11.1,2.66,3.1,3.0,5,8,0,3,2.183333333333333,73.08513372828529
87347,2024-12-27 07:57:00,6,7.18,1,scooter,39.091298449230436,Kazan,1,5,-1.8,3.2,14.2,2.0,12,7,0,4,2.391304347826087,74.90027480724399
35563,2024-06-12 11:16:00,1,3.62,0,bike,36.41063141303707,Kazan,0,20,30.1,3.92,16.8,2.0,6,11,0,2,2.3181818181818183,65.53255734567506
79312,2024-04-30 21:57:00,5,2.17,0,car,55.0,Moscow,1,9,15.3,1.31,1.9,4.0,4,21,0,1,3.5789473684210527,48.585879370738255
23716,2025-02-18 09:18:00,4,1.8,0,car,55.0,Moscow,0,37,-11.8,1.68,20.1,4.0,2,9,0,1,3.9342105263157894,90.13891340299786
57529,2024-03-13 17:33:00,4,4.07,0,bike,40.58851705937706,Kazan,0,35,-0.5,5.35,8.2,2.0,3,17,0,2,2.152542372881356,106.57600673453766
51360,2024-08-25 11:32:00,3,3.81,0,car,55.0,Moscow,0,33,23.2,8.11,0.0,3.0,8,11,0,6,3.4805194805194803,94.72221880925377
89945,2024-09-28 02:09:00,4,1.66,0,car,55.0,Moscow,0,34,15.8,0.12,11.5,3.0,9,2,0,5,3.779220779220779,68.91455410756147
40346,2025-05-23 23:41:00,4,3.93,0,bike,38.07269195618679,SPB,1,6,10.1,2.38,6.9,3.0,5,23,0,4,2.515151515151515,61.90193200033571
15768,2024-03-01 19:58:00,5,7.89,0,car,55.0,Kazan,0,34,-5.3,3.24,3.9,2.0,3,19,0,4,1.9855072463768115,135.15025748635796
83408,2024-04-11 08:56:00,5,1.71,0,scooter,41.41642418784267,SPB,1,11,6.9,4.55,4.0,4.0,4,8,0,3,2.3676470588235294,63.01068994828402
50550,2024-06-17 17:58:00,3,5.46,0,scooter,44.150599250049076,Kazan,1,7,28.9,5.8,9.7,2.0,6,17,0,0,2.0161290322580645,80.31672819332921
44585,2025-04-26 17:00:00,2,5.72,0,car,55.0,SPB,1,7,3.9,4.79,15.8,2.0,4,17,0,5,2.2222222222222223,77.69923424155618
81845,2025-04-14 15:42:00,1,2.43,0,bike,43.31751317140163,Moscow,0,21,11.3,4.4560500481231955,18.5,4.0,4,15,0,0,3.5789473684210527,66.87827605339422
73113,2025-04-23 02:54:00,7,4.07,0,car,55.0,Moscow,0,15,11.4,0.24,10.5,5.0,4,2,0,2,3.8666666666666667,77.23914507827818
27537,2025-06-23 08:16:00,4,7.83,1,scooter,47.978038395195696,Moscow,0,17,14.0,5.44,10.1,5.0,6,8,0,0,3.6315789473684212,112.91332896450558
5485,2025-03-23 03:51:00,2,2.69,0,scooter,45.13982204557147,Moscow,1,10,-2.3,0.68,19.2,3.0,3,3,0,6,3.710526315789474,48.66999942723221
31438,2024-10-28 01:35:00,2,4.8,0,car,55.0,Moscow,0,16,2.3,10.18,6.2,4.0,10,1,0,0,3.8933333333333335,86.1467007492727
16253,2024-07-21 09:35:00,5,2.56,0,car,55.0,Moscow,0,39,21.0,6.59,18.1,3.0,7,9,0,6,3.8133333333333335,104.41860171897312
16230,2024-08-28 22:59:00,3,3.71,0,scooter,53.90710727799128,Moscow,0,27,18.7,0.04,10.0,4.0,8,22,0,2,4.0,75.62261526782284
69275,2025-01-08 03:37:00,6,4.45,0,bike,38.3374319784028,Kazan,0,37,-2.5,15.42,19.8,2.0,1,3,1,2,2.2295081967213113,124.14225360799013
54946,2024-09-27 14:59:00,2,3.55,0,car,55.0,Moscow,0,29,18.1,1.37,6.9,4.0,9,14,0,4,3.7260273972602738,78.41721692576812
16900,2024-06-10 05:44:00,3,5.82,0,bike,38.56610576982384,SPB,1,7,9.9,3.42,3.2,4.0,6,5,0,0,2.5074626865671643,81.69717560691818
18262,2024-05-06 18:35:00,4,2.4,0,scooter,36.42755350070934,Moscow,0,38,7.0,2.04,0.3,5.0,5,18,0,0,3.8026315789473686,106.50411257384066
14293,2024-12-09 03:56:00,2,8.21,0,bike,40.807844015374776,SPB,0,32,-3.8,0.51,22.1,3.0,12,3,0,0,2.5652173913043477,129.4278407718508
67056,2024-06-04 20:55:00,3,5.41,0,car,55.0,Moscow,1,13,20.8,7.07,11.6,4.0,6,20,0,1,3.730769230769231,85.11714634052703
53229,2024-05-26 03:57:00,7,3.19,0,bike,42.25170720017491,Moscow,0,15,11.5,1.1,1.5,4.0,5,3,0,6,3.710526315789474,70.46483229814605
7860,2024-02-24 15:37:00,2,3.34,0,car,55.0,Moscow,0,39,0.7,5.17,7.2,3.0,2,15,0,5,3.986666666666667,87.5471363921158
21736,2024-11-20 23:47:00,4,1.2,0,car,55.0,Moscow,1,12,6.2,0.58,19.4,4.0,11,23,0,2,3.776315789473684,44.46235780478415
90790,2025-05-08 02:23:00,2,4.19,0,bike,41.219692330682875,Moscow,1,6,5.3,1.32,12.7,5.0,5,2,0,3,3.7466666666666666,65.314362627106
10165,2025-02-28 15:41:00,2,1.81,0,bike,36.88875564924949,Kazan,0,33,-3.9,4.92,4.6,2.0,2,15,0,4,1.96875,75.56216177060783
59068,2024-03-23 18:15:00,5,1.31,0,car,55.0,Kazan,0,19,2.0,4.46,11.4,1.0,3,18,0,5,2.2096774193548385,53.4320586297177
28264,2024-12-13 12:24:00,3,3.65,0,car,55.0,Moscow,1,7,-6.6,4.62,15.5,4.0,12,12,0,4,3.74025974025974,59.73899720750791
72437,2024-12-19 23:42:00,2,1.23,0,car,55.0,Kazan,1,14,-10.0,1.95,23.4,3.0,12,23,0,3,2.032258064516129,43.439615586153785
12317,2024-08-09 09:05:00,2,3.83,1,bike,32.99180766169915,SPB,0,33,18.9,13.14,11.4,3.0,8,9,1,4,2.452054794520548,102.30587890020449
6349,2024-08-16 01:41:00,2,3.34,0,car,55.0,SPB,0,29,15.1,8.24,19.3,3.0,8,1,0,4,2.338235294117647,83.25489492348676
19302,2024-05-19 19:07:00,4,7.5,0,car,55.0,SPB,0,16,19.0,7.89,12.0,2.0,5,19,0,6,2.4029850746268657,111.81587168292972
77805,2025-01-15 17:41:00,4,7.72,0,car,55.0,Moscow,1,5,0.7,2.12,16.5,5.0,1,17,0,2,4.012820512820513,112.89228705053068
3226,2024-03-29 03:56:00,2,2.12,0,bike,36.62098754864886,SPB,0,16,5.6,3.41,12.5,3.0,3,3,0,4,2.476923076923077,58.35570406815316
29763,2025-06-07 09:15:00,4,0.7,0,scooter,44.02191382946829,Kazan,1,12,20.4,0.24,9.6,1.0,6,9,0,5,2.1944444444444446,34.042855387701344
72345,2024-12-16 02:48:00,3,3.84,1,car,55.0,Moscow,0,22,-1.8,3.85,1.5,4.0,12,2,0,0,3.7837837837837838,63.89686147691225
12447,2025-01-18 06:14:00,3,5.75,0,scooter,45.651242794209146,Kazan,0,18,-4.5,13.27,15.1,1.0,1,6,1,5,2.2205882352941178,91.70460679331374
44995,2025-03-16 06:52:00,3,1.05,0,bike,36.862403291529105,Moscow,0,19,-3.6,3.52,18.2,3.0,3,6,0,6,3.736842105263158,55.32167158959264
97478,2024-10-30 01:59:00,3,2.6,0,bike,38.82921835200169,Moscow,0,32,3.2,0.88,14.2,4.0,10,1,0,2,3.3766233766233764,78.93943801479851
5185,2024-04-02 03:19:00,4,10.51,0,car,55.0,Moscow,0,21,8.3,3.34,17.0,4.0,4,3,0,1,3.64,147.55242904696425
36765,2025-03-15 22:06:00,3,4.27,0,scooter,45.159897613091154,Kazan,0,27,0.4,0.55,9.9,1.0,3,22,0,5,2.1206896551724137,76.2453111585518
38245,2025-04-02 04:52:00,3,4.52,0,car,41.750137119404535,Kazan,1,14,6.2,2.09,5.9,2.0,4,4,0,2,2.1147540983606556,68.40010883659711
46624,2024-06-23 11:45:00,2,1.31,0,scooter,42.921171489570995,SPB,1,11,20.0,1.67,14.2,2.0,6,11,0,6,2.2,38.19682334509717
82473,2025-02-02 17:27:00,4,6.88,0,car,55.0,Moscow,1,6,0.3,5.26,8.8,3.0,2,17,0,6,4.0,95.81132109895509
6236,2025-02-17 16:45:00,1,8.68,1,bike,33.624359958418964,Moscow,0,21,-10.4,1.94,22.7,4.0,2,16,0,0,3.8076923076923075,112.1402122167191
35846,2024-10-15 07:19:00,4,6.06,0,bike,39.11667838566589,Kazan,1,8,0.6,2.96,12.9,2.0,10,7,0,1,2.142857142857143,80.73894769722793
12098,2024-04-13 21:35:00,1,1.51,0,scooter,36.309932338308485,Moscow,1,6,9.2,3.78,3.8,3.0,4,21,0,5,3.9864864864864864,39.55280828039007
32354,2024-07-04 20:38:00,3,2.02,0,scooter,53.88993581645081,SPB,0,15,21.5,0.9,5.5,4.0,7,20,0,3,2.1857142857142855,55.52272852487137
2782,2025-01-22 08:04:00,1,1.03,0,car,55.0,Kazan,0,34,-18.4,2.58,3.9,2.0,1,8,0,2,2.1639344262295084,66.6727691680864
91341,2024-02-27 07:28:00,5,0.45,0,scooter,48.78408734662869,Moscow,1,13,-4.5,3.54,11.4,4.0,2,7,0,1,3.8846153846153846,47.08811830831973
22016,2025-06-18 15:21:00,4,0.84,0,car,55.0,SPB,0,17,18.2,0.91,1.3,3.0,6,15,0,2,2.3692307692307693,45.68646373702797
91265,2024-07-15 02:44:00,3,4.89,0,car,55.0,Moscow,0,30,20.4,4.058662716885315,3.1,4.0,7,2,0,0,3.7837837837837838,73.38759525104358
30649,2024-09-19 10:51:00,4,11.12,0,car,55.0,SPB,0,16,14.9,3.28,11.4,3.0,9,10,0,3,2.1449275362318843,147.49038048518776
64800,2024-07-16 12:56:00,1,10.82,0,bike,36.847051198698445,Moscow,1,9,27.3,3.29,7.0,4.0,7,12,0,1,4.012987012987013,137.8211558195762
1032,2024-07-15 22:11:00,5,1.4,0,car,55.0,Moscow,0,27,23.1,4.058662716885315,3.1,4.0,7,22,0,0,3.4473684210526314,50.04406811200127
97531,2024-02-24 06:05:00,2,5.39,0,bike,30.567021598673445,Kazan,0,37,-16.9,3.12,19.3,1.0,2,6,0,5,2.2205882352941178,97.1497611485476
76531,2025-05-25 15:49:00,1,1.6,0,car,54.680479951338505,Moscow,0,28,27.5,4.64,4.5,3.0,5,15,0,6,3.8157894736842106,63.423179246232976
97030,2024-05-26 22:54:00,2,1.71,0,car,55.0,Kazan,0,18,9.2,0.47,12.4,1.0,5,22,0,6,2.264705882352941,41.864581337403514
16452,2025-05-07 13:36:00,5,4.43,0,bike,39.53406196193262,SPB,1,6,5.8,0.64,14.3,3.0,5,13,0,2,2.426470588235294,62.17461057584033
46616,2024-06-24 15:44:00,1,4.23,0,car,55.0,Kazan,1,11,16.1,3.43,6.0,2.0,6,15,0,0,2.1666666666666665,60.29662770779032
903,2025-06-07 04:07:00,3,5.58,0,car,55.0,Moscow,0,27,18.5,1.62,0.2,3.0,6,4,0,5,3.6493506493506493,93.29253716090031
82761,2024-03-28 05:32:00,2,3.1,0,car,55.0,SPB,0,31,1.2,2.36,18.7,3.0,3,5,0,3,2.4927536231884058,77.67603323321653
7429,2025-02-03 12:06:00,6,5.2,0,car,55.0,Moscow,1,8,0.4,1.68,6.9,5.0,2,12,0,0,3.551282051282051,76.83522428116754
13937,2024-06-01 13:36:00,1,2.93,0,car,55.0,SPB,1,8,24.5,5.17,15.8,2.0,6,13,0,5,2.380281690140845,49.169909206737
67986,2024-04-23 08:25:00,4,1.96,0,car,55.0,Moscow,0,18,7.2,5.92,10.5,5.0,4,8,0,1,3.8533333333333335,76.43651421293029
6819,2024-09-21 13:50:00,1,4.18,0,car,55.0,SPB,0,32,16.1,0.54,11.9,2.0,9,13,0,5,2.380281690140845,77.17868437294717
63172,2024-12-22 01:03:00,4,1.68,0,car,55.0,Moscow,0,39,-5.2,6.87,23.6,3.0,12,1,0,6,3.8181818181818183,76.13764702883546
13822,2025-06-07 07:52:00,4,3.44,0,car,55.0,Moscow,1,11,20.0,1.62,0.2,3.0,6,7,0,5,4.0131578947368425,58.3830228896768
53195,2024-03-31 23:24:00,3,2.91,0,bike,37.32002871481163,SPB,0,26,7.7,5.25,18.1,2.0,3,23,0,6,2.375,78.7545645628074
62894,2025-04-20 00:59:00,6,0.64,0,car,55.0,Kazan,0,32,14.8,1.34,11.1,2.0,4,0,0,6,2.34375,64.3072550999119
95905,2024-07-12 22:54:00,2,1.87,0,car,55.0,SPB,0,24,18.7,5.512307147912243,2.0,4.0,7,22,0,4,2.5,63.23359376653612
19339,2024-11-28 19:43:00,3,1.3,0,car,55.0,Kazan,0,19,-1.5,1.0,0.3,2.0,11,19,0,3,2.096774193548387,54.13345344054128
62804,2024-03-21 13:27:00,2,3.95,0,bike,42.40735828019987,Kazan,1,12,0.5,4.61,4.7,2.0,3,13,0,3,2.057142857142857,67.76349182559797
15721,2024-05-03 03:57:00,1,10.76,0,bike,32.99180766169915,Moscow,0,37,3.9,8.7,16.4,4.0,5,3,0,4,3.8666666666666667,180.4730239662266
97882,2024-07-05 17:28:00,3,3.86,0,car,55.0,Kazan,1,11,32.6,2.59,5.9,2.0,7,17,0,4,1.967741935483871,67.17082027753877
22062,2025-06-09 02:26:00,4,1.12,1,car,55.0,Kazan,0,18,21.0,1.37,5.3,2.0,6,2,0,0,2.1194029850746268,33.82092038666721
1300,2024-09-29 15:12:00,4,5.15,0,car,55.0,SPB,0,21,11.4,2.16,8.2,3.0,9,15,0,6,2.4714285714285715,84.545027294337
51743,2025-06-03 06:39:00,3,7.41,0,bike,33.520197773802906,Moscow,0,22,15.3,0.06,3.3,5.0,6,6,0,1,3.6973684210526314,109.95646901089796
61392,2024-03-02 17:24:00,4,0.42,0,car,55.0,Moscow,1,10,-0.5,1.26,9.8,3.0,3,17,0,5,3.92,44.21280287428939
49535,2024-09-15 01:44:00,1,3.15,0,car,55.0,Moscow,1,6,17.0,4.63,11.8,3.0,9,1,0,6,3.8181818181818183,50.39840050668593
70923,2025-05-20 18:41:00,4,14.31,0,bike,39.11667838566589,Kazan,0,34,12.5,7.06,1.7,3.0,5,18,0,1,1.9661016949152543,236.5750101092651
36893,2024-02-15 02:04:00,4,1.31,0,car,55.0,SPB,1,12,-7.6,3.02,23.5,3.0,2,2,0,3,2.4027777777777777,45.43880531421274
73196,2025-02-20 13:07:00,4,9.93,0,car,55.0,Moscow,0,17,-6.7,9.56,22.1,4.0,2,13,0,3,3.8666666666666667,129.40636356562845
26454,2024-10-13 21:26:00,3,1.14,0,scooter,44.150599250049076,Moscow,0,21,5.8,5.53,6.3,4.0,10,21,0,6,3.5714285714285716,60.19976219323402
28768,2024-04-06 16:23:00,4,2.53,0,car,55.0,Kazan,0,32,0.5,6.23,6.9,2.0,4,16,0,5,2.246153846153846,79.979613327157
68117,2024-12-10 21:38:00,6,3.44,0,car,55.0,Moscow,1,10,-5.5,4.9317880794701985,20.9,5.0,12,21,0,1,3.5789473684210527,65.0685564908874
84945,2024-09-14 13:48:00,2,2.51,0,scooter,53.88993581645081,Kazan,0,32,22.6,3.59,1.9,1.0,9,13,0,5,2.033333333333333,68.43584236650635
19535,2025-02-03 02:01:00,3,1.98,0,scooter,49.864212869682625,Moscow,1,14,-1.3,1.68,6.9,5.0,2,2,0,0,3.7837837837837838,54.93803628918228
69582,2024-02-19 16:58:00,3,4.62,0,car,55.0,Kazan,0,37,-5.1,5.9,15.6,2.0,2,16,0,0,2.1578947368421053,97.86717042066495
20708,2024-11-25 07:22:00,2,8.85,0,scooter,43.16043291364058,Moscow,1,10,-5.2,6.94,13.4,4.0,11,7,0,0,3.9066666666666667,114.96801366018359
19632,2024-04-19 02:17:00,3,3.92,0,car,55.0,Moscow,0,32,4.9,5.97,5.4,5.0,4,2,0,4,3.8552631578947367,94.8195520599437
3172,2024-02-02 01:32:00,1,3.17,0,car,55.0,Moscow,0,27,-0.9,6.61,8.7,4.0,2,1,0,4,3.3421052631578947,78.33781881550634
87857,2025-05-11 11:08:00,4,2.67,0,car,55.0,SPB,0,21,6.8,4.76,18.3,2.0,5,11,0,6,2.2,65.7434051625085
21838,2025-02-28 19:18:00,5,1.4,0,car,55.0,Kazan,1,11,-3.9,4.92,4.6,2.0,2,19,0,4,1.9855072463768115,53.09677113606428
60744,2024-04-05 16:08:00,2,3.9,0,bike,41.219692330682875,Moscow,1,7,3.7,7.39,3.8,4.0,4,16,0,4,3.782051282051282,71.91811714124829
70836,2024-08-25 03:36:00,2,1.86,0,scooter,50.502841360509194,SPB,1,10,15.4,4.94,0.9,3.0,8,3,0,6,2.4029850746268657,45.4781494609753
37246,2024-08-15 10:38:00,2,5.01,0,scooter,50.660526107716386,Moscow,0,22,17.2,3.32,5.3,4.0,8,10,0,3,3.782051282051282,86.21536706384231
97046,2024-06-22 10:31:00,2,1.93,1,car,55.0,Moscow,0,25,18.9,0.3,6.1,3.0,6,10,0,5,4.175675675675675,43.24977641660851
23248,2025-04-25 08:34:00,4,6.39,0,car,55.0,Moscow,0,17,11.8,3.2,6.2,4.0,4,8,0,4,3.8157894736842106,106.21281308362313
17014,2025-03-16 09:29:00,3,0.5,0,car,55.0,Moscow,1,9,-1.8,3.52,18.2,3.0,3,9,0,6,3.8133333333333335,47.5697562284703
93728,2024-02-24 19:52:00,4,6.45,0,bike,34.060510655019456,Kazan,1,5,-12.1,3.12,19.3,1.0,2,19,0,5,2.0153846153846153,79.517798151628
57905,2024-09-18 04:20:00,7,3.91,0,car,55.0,Kazan,0,19,16.0,9.61,13.9,2.0,9,4,0,2,2.1147540983606556,82.61453044973845
92702,2024-07-30 00:12:00,4,1.18,1,scooter,39.262412605512424,Moscow,0,15,15.6,10.95,2.1,4.0,7,0,0,1,3.779220779220779,48.35557160817061
40244,2024-04-25 01:24:00,3,1.88,0,car,55.0,Moscow,1,6,9.2,1.96,9.3,4.0,4,1,0,3,3.710526315789474,42.75442781159413
80325,2025-03-27 15:32:00,2,3.43,0,scooter,53.90710727799128,Moscow,0,36,7.5,3.79,18.4,4.0,3,15,0,3,4.078947368421052,86.14337384317523
92716,2025-06-02 14:31:00,4,5.57,0,bike,37.22409459253831,Kazan,0,30,13.8,0.55,12.6,2.0,6,14,0,0,2.0307692307692307,97.80779351215622
11868,2024-11-21 05:32:00,3,1.37,0,car,55.0,SPB,0,20,2.3,12.03,14.9,3.0,11,5,1,3,2.4927536231884058,62.431587926994695
21217,2024-04-01 06:46:00,5,0.11,0,car,55.0,Moscow,1,9,7.3,7.38,17.4,5.0,4,6,0,0,3.8133333333333335,49.30411940657114
3949,2024-01-16 01:55:00,2,3.79,0,bike,38.01026765395612,SPB,1,11,-8.4,2.37,0.4,3.0,1,1,0,1,2.3055555555555554,65.44657807283961
58795,2025-01-15 00:32:00,5,4.19,0,car,55.0,SPB,1,7,0.8,6.66,18.8,3.0,1,0,0,2,2.6338028169014085,65.35606062155594
83205,2025-03-20 10:41:00,4,2.0,0,bike,40.89902689179051,Kazan,1,13,1.5,0.9,6.3,2.0,3,10,0,3,2.126984126984127,47.40474484264891
84969,2025-04-21 18:58:00,3,0.77,0,bike,40.58851705937706,SPB,0,22,6.2,29.15,13.1,3.0,4,18,1,0,2.2535211267605635,89.70958691023843
46163,2024-01-09 01:20:00,4,2.57,0,car,55.0,SPB,0,29,-7.1,0.24,20.4,3.0,1,1,0,1,2.3055555555555554,74.66280335811489
28397,2025-02-20 17:16:00,4,1.23,0,bike,36.24682112531779,Moscow,1,12,-7.7,9.56,22.1,4.0,2,17,0,3,4.012820512820513,67.0219682235935
26195,2024-06-15 00:40:00,1,6.95,0,car,55.0,Moscow,1,7,15.8,3.54,1.1,3.0,6,0,0,5,3.9358974358974357,84.29341859179233
32304,2025-03-28 22:50:00,3,3.78,0,car,55.0,Moscow,1,12,5.3,1.08,10.4,4.0,3,22,0,4,3.9466666666666668,63.450544141700135
67152,2024-09-10 08:15:00,2,5.54,0,car,55.0,SPB,0,20,15.2,16.8,9.1,4.0,9,8,1,1,2.2203389830508473,110.32235343003913
4833,2025-05-24 17:28:00,5,3.02,0,scooter,55.0,Moscow,1,10,27.1,6.26,7.9,3.0,5,17,0,5,3.92,68.12009589301147
15451,2024-01-28 05:47:00,2,6.53,0,car,55.0,Moscow,0,16,-6.1,3.0,18.6,3.0,1,5,0,6,3.7866666666666666,91.79937530365396
78291,2024-03-30 18:51:00,2,0.99,0,car,55.0,SPB,0,20,6.3,21.67,18.6,2.0,3,18,1,5,2.4027777777777777,71.26166867457458
94076,2025-02-19 08:10:00,2,1.81,0,scooter,45.13982204557147,Moscow,0,15,-7.6,0.46,23.6,4.0,2,8,0,2,3.8493150684931505,58.8936427834434
25536,2024-02-19 13:25:00,1,5.7,0,scooter,51.200599917946555,Moscow,0,35,-6.6,8.2,15.6,5.0,2,13,0,0,3.896103896103896,113.65681996481716
58064,2024-02-28 13:45:00,2,1.22,0,bike,39.395918500296126,Kazan,0,35,-5.6,2.4,8.5,3.0,2,13,0,2,2.0153846153846153,71.51332668428275
17551,2024-03-16 16:30:00,1,5.2,0,scooter,49.00620380326575,Kazan,0,34,0.8,8.65,19.1,1.0,3,16,0,5,2.246153846153846,94.36198503313636
80421,2025-03-23 23:53:00,3,4.11,0,car,55.0,Kazan,1,10,-1.4,1.48,14.5,1.0,3,23,0,6,2.121212121212121,54.00101476819358
18329,2024-11-08 02:14:00,5,1.5,0,scooter,43.16043291364058,SPB,1,7,2.5,0.05,9.7,3.0,11,2,0,4,2.380281690140845,33.17374855491569
44564,2025-03-07 04:37:00,4,7.27,0,car,55.0,Moscow,0,30,8.1,4.95,2.1,4.0,3,4,0,4,4.025974025974026,117.60277222587422
12612,2025-03-06 23:43:00,1,8.6,0,car,55.0,SPB,1,7,3.4,5.314601013299558,7.1,3.0,3,23,0,3,2.3424657534246576,100.01780748407228
57024,2024-11-29 13:59:00,2,12.55,0,car,55.0,Moscow,1,12,0.9,5.43,19.1,4.0,11,13,0,4,3.935064935064935,158.23263127988514
80132,2024-03-20 10:10:00,3,4.35,0,scooter,41.41642418784267,Moscow,1,10,-4.2,2.44,19.4,5.0,3,10,0,2,3.5584415584415585,72.56588043711074
60532,2024-07-12 03:34:00,2,4.31,0,car,55.0,SPB,1,11,19.6,5.512307147912243,2.0,4.0,7,3,0,4,2.476923076923077,69.82501327787705
40280,2024-09-26 18:18:00,4,3.09,0,car,55.0,SPB,1,5,15.7,11.65,12.7,3.0,9,18,1,3,2.5753424657534247,66.11899173954457
17669,2024-09-10 01:30:00,1,4.9,0,car,55.0,Kazan,0,37,17.0,0.56,17.6,2.0,9,1,0,1,2.101449275362319,89.50820142097982
565,2025-05-31 08:24:00,1,1.6,0,bike,39.11667838566589,SPB,0,32,14.1,1.86,17.4,3.0,5,8,0,5,2.4285714285714284,75.73379408576699
95602,2024-12-23 00:14:00,5,2.43,0,car,55.0,SPB,0,16,1.4,4.06,11.1,3.0,12,0,0,0,2.536231884057971,48.66964123972855
36126,2025-02-15 08:41:00,4,1.1,0,car,55.0,Moscow,0,16,-8.7,10.13,17.2,3.0,2,8,0,5,3.527027027027027,65.0315779049459
8329,2024-02-12 09:20:00,5,3.76,0,scooter,44.50215595557376,Kazan,1,11,-18.2,13.02,17.4,2.0,2,9,1,0,2.1285714285714286,76.84094819006093
62869,2024-06-25 06:32:00,4,3.74,0,car,55.0,Moscow,1,5,12.7,0.07,1.2,4.0,6,6,0,1,3.6973684210526314,49.59528707890773
39469,2024-11-11 17:24:00,5,2.23,0,car,55.0,Moscow,0,27,-1.2,7.38,17.3,5.0,11,17,0,0,3.810810810810811,97.71723081604748
85874,2024-03-27 11:52:00,4,2.11,0,scooter,45.13982819313042,Moscow,1,6,3.1,2.85,13.7,nan,3,11,0,2,3.688311688311688,11.769268432348525
57407,2024-06-04 12:23:00,3,6.2,0,scooter,54.71734502201816,Kazan,0,30,21.2,1.21,2.5,2.0,6,12,0,1,2.0793650793650795,100.84841712249303
74071,2025-06-12 21:24:00,3,6.76,0,car,55.0,Kazan,1,7,19.7,0.57,10.8,2.0,6,21,0,3,2.238095238095238,73.3984559505974
68035,2024-12-31 21:49:00,1,4.14,0,bike,40.89902689179051,SPB,0,35,-1.8,4.78,15.6,3.0,12,21,0,1,2.3676470588235294,95.61328218291641
38292,2024-12-04 20:40:00,2,0.89,0,bike,35.96575629651888,Moscow,0,36,-2.8,7.03,21.7,4.0,12,20,0,2,3.883116883116883,74.11877705658102
8842,2024-06-19 04:41:00,2,2.01,0,car,55.0,Moscow,1,7,15.3,9.28,11.6,5.0,6,4,0,2,3.935064935064935,54.59016290687289
62663,2025-05-13 03:58:00,1,11.16,0,car,55.0,Moscow,0,31,3.4,0.26,7.7,5.0,5,3,0,1,3.64,159.01477114088527
70741,2025-02-27 17:30:00,1,4.62,0,scooter,52.378878477670696,SPB,1,10,1.3,5.52,18.1,3.0,2,17,0,3,2.5211267605633805,74.72972744780645
55653,2024-01-04 14:21:00,2,3.26,0,car,55.0,SPB,0,16,-26.6,4.72,16.9,4.0,1,14,0,3,2.5945945945945947,67.42092561692971
33377,2024-02-18 19:31:00,2,6.7,0,car,55.0,Moscow,0,39,-4.7,3.1,0.1,4.0,2,19,0,6,3.96,131.38713155819087
52550,2024-03-27 20:48:00,1,10.43,0,car,55.0,Kazan,1,13,-2.0,11.64,4.8,3.0,3,20,1,2,2.2222222222222223,133.4042500243992
86113,2024-11-11 10:24:00,3,0.69,0,car,55.0,Kazan,1,5,-0.4,4.88,7.9,3.0,11,10,0,0,1.9701492537313432,34.09928515821255
59248,2024-01-29 07:07:00,4,2.05,0,car,55.0,Moscow,0,27,-6.5,7.08,12.2,4.0,1,7,0,0,3.9066666666666667,77.06386353351866
44188,2025-05-20 17:09:00,3,5.74,0,bike,36.24682112531779,Moscow,0,35,17.4,0.32,9.7,5.0,5,17,0,1,3.4266666666666667,123.3751817502366
37806,2024-01-19 21:02:00,3,3.94,0,car,55.0,Moscow,0,34,-11.6,9.77,12.1,4.0,1,21,0,4,3.3466666666666667,99.04694417093
66419,2025-06-22 22:15:00,3,13.9,0,car,55.0,SPB,1,9,12.4,2.4,4.4,2.0,6,22,0,6,2.5441176470588234,176.81331622500426
8260,2024-03-28 14:33:00,1,3.46,0,scooter,55.0,SPB,1,11,11.2,2.36,18.7,3.0,3,14,0,3,2.5945945945945947,57.508343730997055
9635,2024-08-13 12:33:00,3,1.42,0,car,55.0,Moscow,1,5,18.1,1.28,11.3,4.0,8,12,0,1,4.012987012987013,37.54548352619389
96979,2024-02-06 16:35:00,3,0.52,0,bike,35.577876365522755,SPB,1,6,-9.1,4.19,21.5,3.0,2,16,0,1,2.411764705882353,40.245471831356255
15004,2025-06-13 21:12:00,1,2.03,0,car,55.0,SPB,0,35,15.3,3.85,1.5,3.0,6,21,0,4,2.5217391304347827,68.3829484628732
6663,2025-01-23 03:39:00,5,1.32,0,car,55.0,Moscow,0,19,-2.2,7.8,7.9,4.0,1,3,0,3,3.779220779220779,63.75406798639147
12633,2024-11-15 08:53:00,2,5.25,0,bike,39.58581281157731,SPB,1,7,-0.6,1.57,10.9,4.0,11,8,0,4,2.4328358208955225,84.5333799542483
8273,2024-11-30 03:44:00,3,4.97,0,car,55.0,SPB,0,23,2.7,3.68,18.6,2.0,11,3,0,5,2.4864864864864864,84.29696473122034
8843,2024-10-06 10:03:00,4,4.95,0,bike,36.41063141303707,Moscow,0,27,9.0,1.28,17.3,3.0,10,10,0,6,3.5526315789473686,96.38269944280145
79922,2024-04-25 18:04:00,6,0.4,0,bike,33.782298784964645,SPB,1,13,6.8,6.51,12.9,4.0,4,18,0,3,2.5753424657534247,68.69990885416347
36873,2024-10-20 19:15:00,2,5.41,0,car,55.0,Moscow,0,17,6.4,5.07,14.4,4.0,10,19,0,6,3.96,98.08567640621855
63598,2024-08-24 05:33:00,2,3.22,0,bike,38.07269195618679,SPB,1,12,14.4,2.98,9.6,2.0,8,5,0,5,2.7,57.606620141185495
60206,2024-02-15 12:19:00,6,2.5,0,car,55.0,SPB,1,5,-6.0,3.02,23.5,3.0,2,12,0,3,2.208955223880597,46.721176856323126
62611,2024-10-18 04:41:00,6,3.29,0,car,55.0,SPB,0,33,3.1,20.33,10.290958164642376,4.0,10,4,1,4,2.5,106.79950589702507
11096,2025-06-26 12:14:00,3,3.09,0,scooter,53.88993581645081,SPB,1,7,14.8,7.04,11.1,4.0,6,12,0,3,2.208955223880597,58.068029324278434
51725,2024-09-25 05:25:00,2,2.22,0,car,55.0,Moscow,1,7,8.6,6.16,8.8,4.0,9,5,0,2,3.68,47.649376441165465
29346,2025-01-28 02:35:00,2,5.83,0,car,55.0,Moscow,1,12,3.9,10.67,14.9,4.0,1,2,0,1,3.727272727272727,89.573181788963
60630,2024-05-28 09:25:00,3,7.95,0,bike,35.82995837477953,SPB,0,37,22.4,4.15,2.0,4.0,5,9,0,1,2.8142857142857145,152.60612092484453
917,2025-06-27 03:50:00,2,0.97,0,scooter,42.827475829915414,SPB,0,24,10.9,4.33,15.1,3.0,6,3,0,4,2.476923076923077,51.513354955642214
16334,2024-05-21 13:22:00,1,2.43,0,car,55.0,Moscow,1,10,16.0,8.06,17.0,4.0,5,13,0,1,4.171052631578948,58.60685587375924
20713,2024-07-29 14:46:00,5,1.79,1,car,55.0,SPB,0,31,22.9,0.75,17.5,3.0,7,14,0,0,2.5757575757575757,60.15599260775199
1733,2024-07-10 04:05:00,2,0.73,0,car,55.0,Moscow,1,11,17.6,1.07,10.2,5.0,7,4,0,2,3.935064935064935,42.84447553047215
9790,2024-08-31 11:36:00,2,2.75,0,scooter,49.00620380326575,Moscow,1,11,22.1,1.35,19.1,3.0,8,11,0,5,3.486842105263158,52.37607423728157
86404,2025-04-22 21:13:00,3,5.69,0,scooter,52.98290027675885,Moscow,0,27,16.9,17.33,8.4,4.0,4,21,1,1,3.5789473684210527,110.73647123121204
26488,2024-12-08 01:06:00,1,3.48,0,car,55.0,Kazan,1,14,-7.2,5.64,7.6,1.0,12,1,0,6,1.8615384615384616,51.84911159234199
24074,2024-03-21 09:11:00,4,4.13,0,bike,35.369149670627664,Moscow,1,8,-4.0,0.14,13.0,4.0,3,9,0,3,3.871794871794872,73.86774742214055
94951,2024-12-19 21:32:00,4,1.65,0,car,55.0,Kazan,1,5,-9.2,1.95,23.4,3.0,12,21,0,3,2.238095238095238,38.29476424126001
96824,2024-11-02 20:28:00,5,3.47,0,car,55.0,Moscow,1,7,-2.5,3.36,13.1,4.0,11,20,0,5,3.8378378378378377,58.22250405255609
48623,2025-06-15 13:20:00,3,1.76,0,car,55.0,Moscow,0,15,16.7,6.45,10.5,3.0,6,13,0,6,3.935064935064935,52.8819732362589
32192,2024-10-31 22:44:00,2,2.88,0,car,55.0,Moscow,1,5,1.9,19.67,0.0,4.0,10,22,1,3,3.5789473684210527,64.10646100176265
82771,2024-01-27 22:12:00,1,8.46,0,car,55.0,Moscow,0,39,-6.7,0.22,13.1,3.0,1,22,0,5,4.0,125.09572572190226
94085,2025-01-14 20:36:00,6,2.53,0,car,55.0,SPB,0,23,1.9,5.6,1.7,4.0,1,20,0,1,2.578125,69.1807668313173
24148,2024-03-26 20:31:00,1,6.61,0,bike,36.62098754864886,Moscow,0,31,1.5,2.66,1.4,5.0,3,20,0,1,3.730769230769231,119.75897405220528
35817,2025-01-19 07:24:00,4,2.13,0,car,55.0,Moscow,1,14,-0.6,4.33,15.4,3.0,1,7,0,6,4.065789473684211,51.24618726746432
24724,2024-04-02 09:48:00,1,1.14,0,bike,37.22409459253831,Moscow,0,32,12.7,3.34,17.0,4.0,4,9,0,1,3.9342105263157894,79.74114490877719
5283,2024-09-27 07:27:00,2,5.45,0,car,55.0,Moscow,0,17,16.0,1.37,6.9,4.0,9,7,0,4,3.782051282051282,83.77666806867238
93183,2024-04-26 20:48:00,4,4.49,0,car,55.0,Moscow,0,21,13.9,2.06,7.3,4.0,4,20,0,4,3.923076923076923,81.028560799895
40010,2024-11-30 18:04:00,3,1.51,0,bike,33.782298784964645,Moscow,1,11,0.3,7.42,23.8,4.0,11,18,0,5,3.8701298701298703,71.20361633180478
36036,2025-06-08 07:29:00,3,5.01,1,scooter,53.88993581645081,SPB,0,26,14.8,8.34,14.8,2.0,6,7,0,6,2.3823529411764706,82.01178723196583
57484,2024-02-16 15:40:00,4,0.54,0,scooter,46.7981431143761,SPB,1,13,-4.2,1.55,0.3,3.0,2,15,0,4,2.391304347826087,41.5985561951483
90546,2024-10-20 20:55:00,5,4.99,0,car,55.0,Moscow,1,11,5.5,5.07,14.4,4.0,10,20,0,6,4.0131578947368425,76.88583819263505
47647,2024-02-18 00:31:00,2,1.07,0,scooter,42.15405365401788,Moscow,0,25,-1.0,3.1,0.1,4.0,2,0,0,6,3.727272727272727,58.75858436334422
15439,2024-12-28 22:25:00,3,20.73,0,scooter,53.88993581645081,Moscow,1,11,-0.7,2.83,4.0,3.0,12,22,0,5,4.0,187.1438367092154
33677,2024-09-19 14:22:00,2,4.96,1,car,55.0,Moscow,1,6,20.8,3.57,16.7,4.0,9,14,0,3,3.7222222222222223,57.84632396298998
27006,2025-04-05 10:09:00,2,6.07,0,car,55.0,Moscow,1,12,4.4,5.04,17.9,4.0,4,10,0,5,4.175675675675675,89.07405639058214
71721,2024-04-16 11:09:00,8,3.76,0,bike,43.31751317140163,Moscow,1,6,9.2,2.62,3.1,4.0,4,11,0,1,3.831168831168831,64.39541360933922
2895,2024-10-13 01:11:00,2,0.7,1,car,55.0,Moscow,1,6,7.2,5.53,6.3,4.0,10,1,0,6,3.8181818181818183,25.78997374837588
79440,2024-08-07 02:41:00,6,9.26,0,car,55.0,Kazan,1,10,16.7,1.63,13.7,2.0,8,2,0,2,2.242424242424242,112.50777496252422
11706,2025-01-17 04:37:00,1,2.25,0,car,55.0,SPB,0,23,2.0,11.67,8.3,3.0,1,4,1,4,2.5,68.1496078700652
52909,2024-04-20 04:13:00,2,3.24,0,scooter,51.84792119327856,SPB,1,10,-3.2,9.79,12.4,2.0,4,4,0,5,2.7,58.179807713643825
55266,2024-08-13 19:30:00,1,0.42,0,car,46.1550413594705,Kazan,1,14,17.4,1.81,15.8,2.0,8,19,0,1,2.081967213114754,41.87030067620662
7346,2025-05-09 18:13:00,4,2.39,0,car,55.0,SPB,0,20,9.3,0.63,18.7,3.0,5,18,0,4,2.356164383561644,68.07057105229778
70268,2024-03-25 06:52:00,3,5.66,0,car,55.0,Moscow,1,5,1.2,1.68,13.6,5.0,3,6,0,0,3.8133333333333335,73.55076425947918
43684,2025-05-31 11:39:00,1,1.04,0,car,55.0,Moscow,0,28,22.2,0.04,8.8,3.0,5,11,0,5,3.486842105263158,51.11726358663316
93349,2024-03-24 19:11:00,1,4.56,0,car,55.0,Moscow,1,13,3.6,0.78,12.4,4.0,3,19,0,6,3.96,78.81621698879356
32748,2024-12-02 21:37:00,4,1.95,0,bike,38.07882928487708,SPB,1,7,1.4,0.18,9.5,3.0,12,21,0,0,2.5652173913043477,38.05525669701092
40040,2024-09-23 07:27:00,2,8.67,0,bike,35.82995837477953,Moscow,1,5,4.2,2.21,4.7,4.0,9,7,0,0,3.9066666666666667,110.56061160222953
78951,2024-08-03 09:39:00,2,1.87,0,bike,39.99621866158171,Moscow,1,6,19.0,8.31,19.6,3.0,8,9,0,5,3.6973684210526314,61.55195070082712
72211,2024-07-03 13:21:00,3,9.07,0,car,55.0,Moscow,1,5,31.1,5.22,14.2,4.0,7,13,0,2,3.871794871794872,105.8208311429051
30023,2024-09-02 22:56:00,2,2.04,0,car,55.0,SPB,1,13,18.1,2.71,3.7,nan,9,22,0,0,2.4057971014492754,12.453062787392845
9990,2024-02-27 03:44:00,4,1.26,0,car,55.0,SPB,0,16,1.6,1.96,22.0,3.0,2,3,0,1,2.242857142857143,51.60258926347518
56248,2025-04-24 07:20:00,1,3.73,0,scooter,55.0,Kazan,0,32,14.6,3.3279799666110184,3.8,2.0,4,7,0,3,2.1363636363636362,78.53310779275385
40358,2024-05-19 21:56:00,3,3.31,0,car,55.0,SPB,1,7,14.4,7.89,12.0,2.0,5,21,0,6,2.5,54.059217502831025
56193,2024-12-12 07:14:00,1,1.56,0,car,55.0,SPB,0,21,-2.2,4.59,14.4,4.0,12,7,0,3,2.3333333333333335,57.9481147343741
46159,2024-09-30 01:01:00,4,2.81,0,car,55.0,SPB,1,7,7.0,12.21,15.0,3.0,9,1,1,0,2.4242424242424243,59.3121288580014
32701,2024-07-08 13:25:00,4,5.46,0,bike,40.60867476452213,Moscow,1,5,26.5,2.04,8.2,4.0,7,13,0,0,3.896103896103896,76.5153069620072
54347,2024-09-17 02:30:00,3,7.48,0,scooter,44.150599250049076,Moscow,0,25,13.1,19.82,4.9,4.0,9,2,1,1,3.727272727272727,130.74606844709086
57640,2024-01-31 20:20:00,2,2.71,0,car,55.0,Moscow,1,9,-1.9,20.23,12.2,5.0,1,20,1,2,3.883116883116883,72.14237259898987
45516,2024-05-12 20:10:00,2,1.44,0,car,55.0,Moscow,0,25,4.5,0.46,9.2,3.0,5,20,0,6,4.0131578947368425,53.87293521054324
63353,2024-06-08 17:31:00,3,1.58,0,scooter,43.02736698811714,Kazan,0,18,21.3,2.57,9.8,1.0,6,17,0,5,2.1911764705882355,53.065649874331186
61713,2025-02-22 21:27:00,1,2.26,0,bike,40.52713657796784,SPB,0,16,-2.0,2.83,5.3,2.0,2,21,0,5,2.723076923076923,55.28226388247589
92658,2024-02-16 06:35:00,2,3.17,0,car,55.0,Kazan,1,12,-24.1,6.99,13.1,2.0,2,6,0,4,2.2222222222222223,53.36076585517388
36396,2024-11-29 07:46:00,1,1.49,0,car,55.0,Moscow,0,34,0.3,5.43,19.1,4.0,11,7,0,4,3.782051282051282,70.34867455649645
3619,2024-07-30 07:29:00,5,1.63,0,scooter,54.71734502201816,Moscow,1,14,15.3,10.95,2.1,4.0,7,7,0,1,3.8846153846153846,61.93553696252496
61705,2025-02-03 22:54:00,3,8.37,0,car,55.0,Moscow,0,17,-1.5,1.68,6.9,5.0,2,22,0,0,3.4473684210526314,116.98308069782803
93665,2025-03-24 13:11:00,4,1.34,0,car,55.0,Kazan,0,20,7.5,0.11,0.9,2.0,3,13,0,0,2.3728813559322033,46.386869609011896
51201,2024-02-09 17:42:00,1,1.02,0,car,55.0,Kazan,0,32,-15.5,0.24,13.8,2.0,2,17,0,4,1.967741935483871,59.445294244183586
87714,2024-01-08 20:48:00,2,2.25,0,car,55.0,Moscow,1,9,-15.2,6.19,23.2,5.0,1,20,0,0,3.779220779220779,49.85038723666592
92601,2024-10-24 15:29:00,2,10.67,1,scooter,55.0,Moscow,0,18,8.3,9.14,17.4,5.0,10,15,0,3,4.078947368421052,140.7404908077039
75098,2024-01-16 17:56:00,3,1.59,0,scooter,44.50215595557376,Moscow,0,16,-3.3,2.09,19.5,5.0,1,17,0,1,3.4266666666666667,70.32781830146787
62948,2024-05-18 07:27:00,6,3.52,0,car,55.0,Moscow,0,36,11.0,3.6699035187287175,14.3,4.0,5,7,0,5,4.0131578947368425,93.96347701373719
54719,2024-08-16 07:33:00,1,6.19,0,bike,36.41063141303707,SPB,0,24,17.7,8.24,19.3,3.0,8,7,0,4,2.3285714285714287,110.0089690592346
88443,2024-12-25 19:46:00,1,2.49,0,car,55.0,SPB,1,7,2.8,17.49,18.3,3.0,12,19,1,2,2.1343283582089554,65.88644388903185
80447,2024-06-08 04:36:00,5,3.32,0,car,55.0,SPB,1,11,10.0,0.65,10.32557238464248,2.0,6,4,0,5,2.7,51.8073762658625
82368,2024-11-28 11:58:00,2,4.94,1,car,55.0,SPB,1,11,3.3,1.59,2.6,3.0,11,11,0,3,2.619047619047619,57.243723152511585
38263,2024-03-09 10:35:00,3,2.5,0,car,55.0,Kazan,1,7,-3.8,0.93,1.5,1.0,3,10,0,5,1.791044776119403,36.739081901765125
83356,2024-04-01 05:31:00,6,1.43,0,car,55.0,Moscow,0,30,7.6,7.38,17.4,5.0,4,5,0,0,4.116883116883117,86.39713344070799
75696,2024-06-23 23:27:00,1,2.05,0,car,55.0,Moscow,0,27,14.6,0.72,2.2,3.0,6,23,0,6,3.5657894736842106,56.70270888667261
42979,2025-01-10 15:56:00,2,11.09,0,scooter,50.84117784067927,Moscow,0,33,2.1,1.36,22.0,4.0,1,15,0,4,3.581081081081081,168.35893547129064
14882,2024-10-13 17:07:00,1,5.61,0,bike,36.41063141303707,SPB,0,16,8.2,1.69,15.5,3.0,10,17,0,6,2.1538461538461537,93.5503649443691
22442,2025-06-21 15:39:00,6,0.64,0,car,55.0,Kazan,0,20,20.0,6.5,8.5,2.0,6,15,0,5,1.876923076923077,54.037117687650536
79330,2024-12-29 15:10:00,6,1.54,0,bike,36.41063141303707,SPB,0,33,3.2,0.41,20.2,3.0,12,15,0,6,2.4714285714285715,78.4427276702853
69246,2025-04-24 13:56:00,4,9.67,0,bike,36.41063141303707,Kazan,1,5,22.2,3.3279799666110184,3.8,2.0,4,13,0,3,2.057142857142857,118.36978980404865
52485,2024-01-26 00:02:00,2,1.48,0,bike,34.78209868887858,Kazan,1,12,-8.8,0.33,23.4,3.0,1,0,0,4,2.0952380952380953,44.581045185144774
29824,2024-06-25 12:07:00,5,3.08,0,scooter,54.71734502201816,Kazan,1,13,15.3,2.59,17.3,3.0,6,12,0,1,2.0793650793650795,59.49954812456105
62128,2025-06-22 06:42:00,5,2.01,1,car,55.0,Kazan,1,12,13.1,0.46,3.8,1.0,6,6,0,6,1.8923076923076922,27.05269887335134
78868,2024-05-18 13:57:00,3,3.76,0,car,55.0,Kazan,1,12,13.7,9.04,10.2,1.0,5,13,0,5,2.033333333333333,62.58187287434564
79916,2024-01-20 16:20:00,4,0.52,0,bike,38.3374319784028,Moscow,1,7,-9.1,7.13,19.6,3.0,1,16,0,5,4.0394736842105265,45.92942521123734
95205,2024-10-19 01:33:00,3,12.82,0,car,55.0,Moscow,1,10,-2.1,5.73,11.3,3.0,10,1,0,5,3.7662337662337664,152.13925559186404
20315,2024-07-10 06:33:00,3,1.46,0,bike,36.41063141303707,Kazan,0,39,21.0,4.01,12.7,2.0,7,6,0,2,1.9850746268656716,80.60902364246624
90647,2024-10-12 15:12:00,2,0.48,0,car,55.0,Moscow,1,12,13.8,2.07,17.8,3.0,10,15,0,5,3.986666666666667,39.82443061348614
92103,2024-02-20 05:07:00,5,2.38,0,bike,36.82146628990283,SPB,1,14,-7.0,0.77,10.7,3.0,2,5,0,1,2.464788732394366,56.12882218386582
26442,2024-10-13 17:38:00,2,0.35,0,car,55.0,Moscow,0,33,6.6,5.53,6.3,4.0,10,17,0,6,4.0,78.29297776997153
51012,2025-05-28 15:03:00,2,2.96,1,car,55.0,Moscow,0,36,26.9,7.74,18.0,5.0,5,15,0,2,4.094594594594595,84.26995501224464
93875,2024-01-31 02:15:00,1,4.95,0,car,55.0,Moscow,1,13,-9.0,20.23,12.2,5.0,1,2,1,2,3.8666666666666667,92.78117827031222
17531,2024-02-01 06:11:00,2,7.13,0,car,55.0,Kazan,1,5,-7.0,1.28,1.4,3.0,2,6,0,3,2.234375,80.65931648981973
29706,2025-04-13 05:14:00,2,3.92,0,scooter,45.13982204557147,Moscow,0,31,-0.3,3.33,9.0,3.0,4,5,0,6,3.7866666666666666,85.0535406116025
42568,2025-06-09 14:38:00,5,2.56,0,car,55.0,Moscow,0,39,23.7,1.3,13.1,5.0,6,14,0,0,4.142857142857143,95.76834039846199
42935,2024-07-21 22:22:00,3,6.1,0,car,55.0,Kazan,1,12,18.8,9.49,12.7,2.0,7,22,0,6,2.264705882352941,86.45066356363168
34376,2024-04-24 11:58:00,6,1.52,0,car,55.0,Kazan,0,34,14.4,9.87,4.5,2.0,4,11,0,2,2.3181818181818183,85.9379622476584
69395,2024-09-10 00:04:00,4,5.48,0,car,55.0,Kazan,0,21,17.3,0.56,17.6,2.0,9,0,0,1,2.0952380952380953,82.06915528633658
20730,2024-12-06 19:42:00,3,11.98,1,scooter,41.544742159650916,SPB,1,14,-1.3,0.54,15.0,4.0,12,19,0,4,2.315068493150685,140.36489523194453
30468,2024-10-30 22:32:00,5,4.35,1,car,55.0,SPB,0,36,4.4,3.32,17.6,3.0,10,22,0,2,2.537313432835821,90.43832869056799
39362,2025-04-03 08:33:00,3,4.28,0,bike,39.8116220849798,Moscow,1,5,5.5,3.77,9.7,4.0,4,8,0,3,3.9210526315789473,78.89255825631265
95226,2024-05-04 10:29:00,7,3.29,0,scooter,52.98290027675885,Moscow,0,21,8.8,5.59,4.6,4.0,5,10,0,5,4.175675675675675,70.33269463049852
50538,2024-08-10 14:47:00,3,3.48,0,car,55.0,Kazan,0,21,19.1,1.22,11.5,1.0,8,14,0,5,2.1176470588235294,61.53526064814423
17779,2025-06-20 07:31:00,4,1.89,0,bike,37.632500976867355,SPB,0,16,11.5,3.19,8.7,3.0,6,7,0,4,2.3285714285714287,58.86343149660151
98391,2025-06-06 07:04:00,2,5.2,0,scooter,48.67898980658732,SPB,0,23,14.7,8.29,7.7,3.0,6,7,0,4,2.3285714285714287,93.97701701318425
29347,2025-05-31 03:04:00,3,2.83,0,bike,40.52713657796784,Moscow,0,35,19.2,0.04,8.8,3.0,5,3,0,5,4.04,75.68716478852004
94982,2025-05-09 00:02:00,3,1.64,0,car,55.0,SPB,0,31,3.9,0.63,18.7,3.0,5,0,0,4,2.2903225806451615,66.46054768517828
93891,2024-05-03 19:33:00,3,2.14,0,car,55.0,Kazan,1,8,3.6,0.69,17.3,2.0,5,19,0,4,1.9855072463768115,45.01621695456862
51407,2024-08-17 14:28:00,2,7.2,0,car,55.0,Moscow,1,11,24.0,2.23,4.5,3.0,8,14,0,5,3.6363636363636362,90.14940740808804
85202,2025-01-29 05:31:00,3,2.56,1,car,55.0,Moscow,0,30,3.3,2.13,9.0,4.0,1,5,0,2,3.68,64.52414741301875
75035,2024-12-22 07:57:00,1,4.84,0,bike,36.847051198698445,Moscow,0,19,-4.5,6.87,23.6,3.0,12,7,0,6,4.065789473684211,77.54901026900717
4753,2024-01-22 06:01:00,3,5.85,0,bike,31.870139968385395,SPB,0,20,-5.4,7.16,2.3,4.0,1,6,0,0,2.426470588235294,105.65427529849084
89652,2025-04-04 10:05:00,1,0.91,0,car,55.0,Kazan,1,5,7.5,3.12,13.9,2.0,4,10,0,4,2.1449275362318843,30.10367617250204
69742,2025-06-18 05:25:00,3,1.0,0,car,55.0,Kazan,0,24,12.5,2.8,17.4,3.0,6,5,0,2,2.046875,54.898074036779015
54058,2024-05-30 13:08:00,3,1.71,0,car,55.0,SPB,0,37,23.8,16.31,18.4,3.0,5,13,1,3,2.4571428571428573,87.4441479076275
80815,2024-10-19 15:49:00,2,6.05,0,car,55.0,Moscow,0,27,8.1,5.73,11.3,3.0,10,15,0,5,3.986666666666667,95.70797871048352
83820,2025-05-19 19:17:00,5,1.61,0,car,55.0,Kazan,0,25,16.4,3.64,14.0,2.0,5,19,0,0,2.1666666666666665,69.87930833953345
58167,2025-03-22 01:20:00,4,6.12,0,scooter,42.827475829915414,Moscow,0,36,2.3,1.0,2.2,3.0,3,1,0,5,3.7662337662337664,111.61467459436872
73745,2024-09-29 11:14:00,3,3.78,0,scooter,55.0,SPB,1,6,10.3,2.16,8.2,3.0,9,11,0,6,2.2,54.84265226066917
71984,2024-02-02 03:58:00,3,5.09,1,car,55.0,SPB,0,20,-3.0,6.2306721194879096,12.4,3.0,2,3,0,4,2.476923076923077,73.246502746458
5684,2024-08-22 21:29:00,4,1.84,0,car,55.0,Moscow,0,15,19.6,6.76,8.4,4.0,8,21,0,3,3.810810810810811,59.87476582999325
74731,2024-02-11 01:51:00,4,5.15,0,bike,33.19299505524494,Kazan,0,30,-19.0,4.725955400087451,0.5,1.0,2,1,0,6,1.8615384615384616,88.19541760231839
79615,2025-06-10 10:43:00,3,1.06,0,car,55.0,SPB,0,20,15.0,1.18,15.2,3.0,6,10,0,1,2.564516129032258,49.43713631953084
13429,2024-02-02 02:42:00,3,1.5,0,car,55.0,Moscow,0,19,-0.8,6.61,8.7,4.0,2,2,0,4,3.8552631578947367,60.90766346352226
74286,2025-06-18 02:35:00,2,1.12,1,car,55.0,Moscow,1,6,16.0,3.89,14.4,4.0,6,2,0,2,3.8666666666666667,25.18910248893443
22675,2024-07-16 13:06:00,4,1.27,0,bike,33.19299505524494,SPB,0,29,23.0,2.48,13.2,3.0,7,13,0,1,2.5,72.22737769470368
34870,2025-03-17 06:36:00,5,5.66,0,car,55.0,Kazan,1,12,-5.9,0.51,2.6,2.0,3,6,0,0,2.0142857142857142,73.07884538454125
36920,2024-03-07 18:00:00,7,0.49,0,car,55.0,SPB,0,31,-2.0,6.95,15.0,3.0,3,18,0,3,2.5753424657534247,84.85852726177731
45909,2024-09-03 06:59:00,4,5.34,0,bike,43.09047812324671,Moscow,1,6,11.7,1.38,5.7,4.0,9,6,0,1,3.6973684210526314,74.38405403374132
72773,2025-03-26 18:54:00,3,0.99,0,car,46.1550413594705,Kazan,0,34,7.2,1.16,18.6,2.0,3,18,0,2,2.1538461538461537,70.7146456186966
3931,2024-07-14 00:19:00,4,3.96,0,car,55.0,SPB,1,13,18.8,26.27,13.4,2.0,7,0,1,6,2.414285714285714,76.61275157003183
28205,2025-05-01 18:37:00,6,5.79,0,car,55.0,Kazan,0,19,9.5,16.34,19.8,3.0,5,18,1,3,2.09375,113.01765717865472
19921,2025-01-17 02:22:00,2,2.52,0,scooter,55.0,Kazan,1,7,-7.9,3.71,2.6,2.0,1,2,0,4,2.125,45.15797357477186
18693,2024-06-03 05:24:00,5,1.98,1,bike,35.369149670627664,SPB,1,13,16.5,10.84,10.3,nan,6,5,0,0,2.5074626865671643,12.059456593092406
30221,2025-06-27 17:12:00,2,1.12,0,car,55.0,Moscow,1,12,18.2,7.76,1.0,4.0,6,17,0,4,3.9473684210526314,62.686092867866925
4535,2024-03-19 18:36:00,2,3.89,0,car,55.0,Moscow,0,25,1.0,3.58,17.1,4.0,3,18,0,1,3.4415584415584415,93.844116799101
97775,2024-09-19 20:47:00,5,7.22,0,car,55.0,Moscow,0,36,16.1,3.57,16.7,4.0,9,20,0,3,3.688311688311688,131.970138897045
53923,2024-06-06 13:52:00,4,1.85,0,bike,36.88875564924949,SPB,0,32,25.2,0.5,8.7,4.0,6,13,0,3,2.4571428571428573,75.70814522828307
31385,2024-02-05 08:48:00,4,4.37,0,scooter,53.6365997086488,Moscow,1,9,-5.8,19.15,20.4,4.0,2,8,1,0,3.6315789473684212,89.90451553505362
93935,2024-01-08 17:51:00,3,1.31,0,scooter,49.71730148714787,Kazan,1,5,-22.3,1.22,16.5,2.0,1,17,0,0,2.0161290322580645,37.04333580531348
39100,2024-11-28 17:32:00,1,3.09,0,car,55.0,Kazan,0,24,-1.4,1.0,0.3,2.0,11,17,0,3,2.0163934426229506,68.32764212230175
90437,2024-04-30 12:50:00,2,1.88,0,car,55.0,Moscow,1,9,19.6,1.31,1.9,4.0,4,12,0,1,4.012987012987013,44.842486566234626
6546,2024-02-26 01:13:00,1,3.3,0,car,55.0,Moscow,1,5,-1.9,12.45,10.2,4.0,2,1,1,0,3.8933333333333335,60.868509373562965
57328,2025-02-27 12:38:00,3,5.55,0,bike,36.7621488349067,Moscow,0,15,-3.3,2.57,18.0,5.0,2,12,0,3,3.6842105263157894,94.85965238733216
59347,2025-05-23 21:45:00,3,1.31,0,bike,32.37325941116156,Moscow,1,14,22.5,0.62,0.9,4.0,5,21,0,4,3.3466666666666667,47.48125429842827
15752,2024-07-02 13:10:00,1,5.59,0,car,55.0,SPB,0,26,21.2,0.27,3.8,4.0,7,13,0,1,2.5,89.34331993515089
53305,2025-06-11 01:41:00,2,1.6,0,scooter,53.69711497645374,Kazan,1,12,21.2,1.86,7.7,3.0,6,1,0,2,2.09375,45.012491879866
79536,2024-11-05 15:36:00,3,1.89,0,bike,33.0915722275002,Moscow,1,8,-1.2,0.06,2.3,5.0,11,15,0,1,3.9210526315789473,45.80902228631987
67568,2024-03-16 06:49:00,4,7.41,0,car,53.93865388999127,Moscow,1,12,-0.2,9.44,9.9,3.0,3,6,0,5,3.76,103.18437590770858
12078,2024-08-20 10:32:00,2,1.67,1,car,55.0,Moscow,1,5,21.8,2.16,0.2,4.0,8,10,0,1,3.675324675324675,30.215260353984803
13467,2024-11-11 18:35:00,3,1.41,0,bike,30.567021598673445,Moscow,0,28,-1.2,7.38,17.3,5.0,11,18,0,0,3.8026315789473686,99.22363364654058
81802,2024-01-27 11:42:00,3,2.75,0,car,55.0,Moscow,1,9,-6.3,0.22,13.1,3.0,1,11,0,5,3.486842105263158,46.31791564136293
20701,2025-04-29 09:47:00,2,5.72,1,scooter,55.0,Moscow,1,12,7.2,1.66,11.0,5.0,4,9,0,1,3.9342105263157894,83.39521587506563
12922,2025-05-24 14:26:00,2,4.2,0,bike,42.25170720017491,Moscow,0,38,25.8,6.26,7.9,3.0,5,14,0,5,3.6363636363636362,104.35061840799406
65886,2024-11-09 22:37:00,4,5.21,0,car,55.0,SPB,1,10,1.4,30.7,13.6,2.0,11,22,1,5,2.361111111111111,86.62059226150497
54423,2025-06-03 16:52:00,4,4.85,0,scooter,53.6365997086488,Moscow,0,27,22.7,0.06,3.3,5.0,6,16,0,1,3.8157894736842106,91.71549630776443
92407,2024-08-03 00:13:00,4,3.3,0,car,55.0,Kazan,0,23,15.4,14.61,18.1,1.0,8,0,1,5,2.3492063492063493,75.93776305342473
86551,2024-02-24 23:05:00,2,5.36,0,bike,37.26218109219517,Kazan,0,24,-13.0,3.12,19.3,1.0,2,23,0,5,2.032258064516129,84.58203338417788
68889,2024-12-08 09:45:00,4,7.62,0,bike,34.21679163845626,Moscow,0,39,-2.0,4.42,1.4,3.0,12,9,0,6,3.8133333333333335,150.4270925778042
15863,2025-01-29 18:09:00,3,0.82,1,car,55.0,SPB,1,11,3.4,3.04,7.0,4.0,1,18,0,2,2.183098591549296,42.325955742085
7218,2024-03-30 15:28:00,1,10.88,0,car,55.0,SPB,1,10,6.5,21.67,18.6,2.0,3,15,1,5,2.373134328358209,140.0381236247414
58578,2024-08-11 07:01:00,4,3.02,0,bike,38.56610576982384,Kazan,0,27,16.1,2.81,18.5,1.0,8,7,0,6,1.8636363636363635,74.73572620015872
92635,2024-01-12 17:42:00,2,2.71,0,car,55.0,Kazan,0,27,-18.5,3.85,20.4,2.0,1,17,0,4,1.967741935483871,76.83716690923887
62349,2025-06-29 14:33:00,5,5.6,0,scooter,46.0651894724839,SPB,1,11,15.2,1.22,15.9,2.0,6,14,0,6,2.5217391304347827,73.05641945347294
12750,2024-02-07 16:12:00,3,3.37,0,car,55.0,Kazan,1,14,-11.7,1.64,4.8,2.0,2,16,0,2,2.046875,55.98942633365451
43189,2024-09-12 01:13:00,3,5.75,0,car,55.0,Moscow,0,27,18.6,2.4,12.3,4.0,9,1,0,3,3.710526315789474,98.70785672394143
52778,2024-02-14 08:04:00,3,2.42,0,car,55.0,Moscow,1,9,-15.0,8.75,7.3,5.0,2,8,0,2,3.8493150684931505,74.36780139566795
11037,2024-07-24 05:32:00,2,5.34,0,bike,35.5218365044405,Moscow,0,17,11.9,2.69,18.2,5.0,7,5,0,2,3.68,92.5527599639554
65157,2024-08-22 14:11:00,2,6.17,0,scooter,55.0,Moscow,0,24,24.3,6.76,8.4,4.0,8,14,0,3,3.7222222222222223,103.65310100322012
18716,2025-02-04 16:28:00,5,1.54,0,scooter,42.921171489570995,Moscow,0,35,-0.1,3.47,17.3,4.0,2,16,0,1,3.8157894736842106,84.99429831226612
8697,2025-05-29 18:47:00,4,5.72,0,bike,40.52713657796784,Moscow,0,16,28.7,0.76,0.0,4.0,5,18,0,3,3.554054054054054,100.13080629770712
41402,2025-06-10 21:22:00,4,2.23,0,car,55.0,Moscow,1,6,17.8,2.49,17.3,4.0,6,21,0,1,3.5789473684210527,47.37290793010773
43257,2024-10-05 07:46:00,4,6.16,0,scooter,53.88993581645081,Moscow,0,37,7.3,0.44,0.2,4.0,10,7,0,5,4.0131578947368425,116.04519177404228
13530,2024-06-28 04:20:00,3,5.83,0,car,41.750137119404535,Moscow,1,9,12.7,0.92,19.7,nan,6,4,0,4,4.025974025974026,11.567915032655833
96147,2024-07-17 10:29:00,2,2.07,0,bike,37.632500976867355,Kazan,0,32,24.2,1.03,3.4,2.0,7,10,0,2,2.0153846153846153,69.16481675787377
379,2025-05-19 21:24:00,2,3.84,0,car,55.0,Moscow,1,7,13.3,6.98,5.3,5.0,5,21,0,0,3.8026315789473686,67.66873768430155
54317,2024-08-02 01:28:00,1,1.07,0,bike,28.43607271038636,Moscow,0,20,13.9,3.56,19.7,4.0,8,1,0,4,3.3421052631578947,57.268834162121244
62680,2024-07-10 23:01:00,2,6.51,0,bike,31.367687591946154,Moscow,1,5,18.6,1.07,10.2,5.0,7,23,0,2,3.776315789473684,86.85546449506398
74318,2024-04-29 13:09:00,3,3.69,0,car,53.93865388999127,Moscow,0,27,16.9,10.03,11.4,4.0,4,13,0,0,3.896103896103896,90.78171328557825
22510,2024-07-05 16:55:00,4,3.33,0,bike,35.577876365522755,Kazan,0,25,33.0,2.59,5.9,2.0,7,16,0,4,2.125,81.14479418106615
45099,2024-09-26 01:59:00,2,7.24,0,bike,33.0915722275002,Moscow,0,36,15.4,0.54,0.5,4.0,9,1,0,3,3.710526315789474,123.56011826340537
88907,2024-02-12 18:47:00,2,9.31,0,bike,42.191249465282176,Moscow,1,9,-1.7,7.16,10.4,5.0,2,18,0,0,3.8026315789473686,144.89356363994352
1482,2024-05-09 06:18:00,4,3.25,0,bike,36.673060427125655,SPB,0,32,-0.5,2.34,12.8,3.0,5,6,0,3,2.361111111111111,88.49893068281766
10362,2025-05-13 01:36:00,5,9.28,0,car,55.0,Moscow,0,31,4.7,0.26,7.7,5.0,5,1,0,1,3.3636363636363638,144.27725979532272
89950,2025-02-04 05:48:00,5,2.01,0,car,55.0,Moscow,0,27,-2.6,3.47,17.3,4.0,2,5,0,1,3.6842105263157894,73.46761820722827
78183,2024-02-03 13:15:00,1,1.48,0,bike,40.10929179910456,Moscow,1,10,-6.6,5.716251278903212,13.4,4.0,2,13,0,5,3.9743589743589745,17.611573234289388
68407,2024-09-23 21:29:00,5,2.27,0,car,55.0,Kazan,0,37,7.2,4.15,5.5,2.0,9,21,0,0,1.9838709677419355,83.33433414069349
89969,2024-06-25 11:12:00,1,2.97,0,car,55.0,SPB,1,7,21.5,2.94,18.8,4.0,6,11,0,1,2.53125,52.777515628682266
70223,2024-01-03 03:24:00,4,0.15,0,scooter,52.98290027675885,Moscow,0,17,-26.0,2.3,22.4,4.0,1,3,0,2,3.8552631578947367,49.90616114000021
78753,2025-05-16 03:41:00,5,0.87,0,bike,44.833362383592664,SPB,0,25,7.0,4.39,17.1,4.0,5,3,0,4,2.476923076923077,68.43149046134363
1496,2024-08-07 06:41:00,6,2.07,0,car,55.0,SPB,1,13,12.8,16.21,19.8,3.0,8,6,1,2,2.579710144927536,65.79114942385259
72497,2025-05-17 10:03:00,3,2.44,0,car,55.0,SPB,0,31,10.0,1.2,4.0,2.0,5,10,0,5,2.3661971830985915,69.21749794305254
34174,2025-06-04 04:34:00,2,1.71,0,bike,43.09047812324671,SPB,0,23,10.3,0.71,0.4,3.0,6,4,0,2,2.357142857142857,55.647940493651106
29996,2025-03-09 07:44:00,2,4.06,0,car,55.0,SPB,0,24,0.0,2.36,6.4,2.0,3,7,0,6,2.3823529411764706,73.70474283728997
68654,2025-02-16 02:06:00,2,1.44,0,car,55.0,Moscow,1,5,-12.0,3.53,6.9,3.0,2,2,0,6,4.184210526315789,36.59113372478773
29227,2024-10-26 02:58:00,3,7.16,0,bike,39.8116220849798,Moscow,0,16,-1.6,9.23,0.1,3.0,10,2,0,5,3.779220779220779,113.02961148774726
49218,2024-07-09 20:27:00,6,2.78,0,car,55.0,Moscow,1,10,24.3,7.17,1.4,5.0,7,20,0,1,3.730769230769231,66.38275601108715
98850,2024-03-02 08:19:00,2,5.72,0,bike,36.63261474828157,SPB,0,28,0.4,0.66,13.7,2.0,3,8,0,5,2.4285714285714284,100.69286704114367
11782,2024-05-17 17:29:00,2,7.13,0,scooter,55.0,Kazan,1,7,12.7,2.43,6.9,2.0,5,17,0,4,1.967741935483871,89.31597213107656
29651,2024-10-07 15:24:00,1,0.32,0,bike,39.53406196193262,Kazan,0,35,15.7,1.63,9.2,2.0,10,15,0,0,2.1666666666666665,59.412541582474056
80253,2024-06-14 02:44:00,3,0.93,0,car,55.0,SPB,1,13,10.1,4.58,7.5,4.0,6,2,0,4,2.380281690140845,46.40125397398606
34728,2024-05-06 20:50:00,3,1.39,0,car,55.0,Moscow,1,9,6.3,2.04,0.3,5.0,5,20,0,0,3.779220779220779,49.257086015065525
45817,2024-10-20 16:35:00,5,10.96,0,car,55.0,Moscow,0,39,10.8,5.07,14.4,4.0,10,16,0,6,3.32,175.02046112317043
7620,2024-04-25 00:23:00,1,2.27,0,scooter,48.34342395184287,Kazan,1,12,5.9,2.1,8.6,2.0,4,0,0,3,2.287878787878788,47.64009721959782
2077,2024-01-15 15:24:00,2,1.54,0,bike,34.302746560329744,Moscow,1,9,-1.7,3.15,0.8,nan,1,15,0,0,3.5789473684210527,11.95785955819705
7210,2025-03-06 03:45:00,1,1.82,0,car,55.0,Moscow,0,25,3.2,1.39,12.9,4.0,3,3,0,3,3.779220779220779,60.53045844139261
20259,2025-05-19 12:48:00,1,5.55,0,bike,43.09047812324671,Moscow,1,10,15.6,6.98,5.3,5.0,5,12,0,0,3.551282051282051,90.93880305479962
82432,2025-02-28 21:53:00,3,7.51,0,bike,40.61012440281896,Moscow,1,9,-0.5,0.34,1.8,4.0,2,21,0,4,3.3466666666666667,95.11197126488541
23384,2024-12-07 02:42:00,2,1.43,1,bike,38.301186923671516,SPB,1,5,-1.7,1.49,7.0,2.0,12,2,0,5,2.1323529411764706,22.304405532220542
69683,2024-07-23 03:01:00,8,6.97,0,bike,38.301186923671516,Kazan,0,37,13.0,0.66,16.0,2.0,7,3,0,1,2.3833333333333333,126.98785439214082
45836,2024-09-11 09:42:00,6,2.92,0,car,55.0,Moscow,0,16,18.5,0.87,5.2,5.0,9,9,0,2,3.6623376623376624,80.0923574903786
59544,2025-04-02 16:28:00,4,10.65,0,bike,38.07882928487708,Moscow,0,31,12.5,3.53,9.7,5.0,4,16,0,2,3.858974358974359,170.5888358753279
75518,2025-06-08 04:35:00,3,2.17,0,bike,36.82146628990283,Kazan,0,33,17.5,3.11,17.5,1.0,6,4,0,6,2.046153846153846,73.40121367075236
62571,2025-03-31 14:58:00,5,4.42,0,bike,37.106988143682905,Kazan,1,6,13.5,3.73,16.8,2.0,3,14,0,0,2.0307692307692307,63.5472517636899
92465,2024-04-05 00:20:00,2,5.2,0,car,55.0,Moscow,1,9,-1.3,7.39,3.8,4.0,4,0,0,4,3.5064935064935066,79.471267986658
12130,2025-03-05 09:05:00,5,11.47,0,car,55.0,Moscow,0,18,0.4,2.82,2.8,4.0,3,9,0,2,3.6623376623376624,163.52780353775378
98230,2024-09-16 16:51:00,3,2.93,0,bike,43.09047812324671,SPB,0,15,21.6,4.42,9.0,3.0,9,16,0,0,2.4925373134328357,67.4554755294217
65458,2025-02-01 18:03:00,3,2.61,0,car,55.0,Moscow,1,8,3.7,13.08,1.5,3.0,2,18,1,5,3.8701298701298703,64.46820869680894
56640,2024-11-25 11:00:00,5,0.36,0,bike,36.673060427125655,Kazan,1,8,0.3,4.76,16.0,2.0,11,11,0,0,2.0163934426229506,40.2444428972885
63679,2024-08-23 17:39:00,3,4.55,0,scooter,45.159897613091154,Moscow,1,14,20.9,2.75,17.4,5.0,8,17,0,4,3.9473684210526314,90.04298462498616
4278,2024-10-20 22:19:00,2,3.53,0,car,55.0,Moscow,0,25,5.7,5.07,14.4,4.0,10,22,0,6,3.5921052631578947,79.33372840508336
6758,2024-10-09 19:06:00,4,3.27,0,scooter,34.01084509779904,Kazan,0,22,6.9,0.26,2.4,2.0,10,19,0,2,2.046153846153846,71.82765991390553
86627,2024-12-06 01:00:00,4,1.91,0,car,55.0,Kazan,0,32,-4.4,6.03,1.8,2.0,12,1,0,4,2.3846153846153846,74.58274212920145
44380,2025-02-11 16:17:00,3,4.6,0,car,55.0,Moscow,1,9,-5.9,5.78,13.8,4.0,2,16,0,1,3.8157894736842106,69.91351804060068
82880,2024-07-23 00:47:00,1,4.89,0,scooter,48.67284070467812,Moscow,0,17,15.9,8.45,0.4,4.0,7,0,0,1,3.779220779220779,86.5700163926302
69735,2024-09-09 22:39:00,2,9.58,1,car,55.0,SPB,0,16,16.6,4.42,18.9,3.0,9,22,0,0,2.4057971014492754,111.57553927772483
14132,2025-04-10 14:27:00,2,5.6,0,bike,33.503041454143556,Kazan,1,7,5.6,6.54,1.6,2.0,4,14,0,3,2.1470588235294117,79.72720712287844
72968,2024-09-23 04:17:00,3,10.83,1,car,55.0,Kazan,0,30,5.8,4.15,5.5,2.0,9,4,0,0,2.1147540983606556,137.42729420646833
67043,2025-04-14 06:26:00,5,3.29,0,car,55.0,SPB,0,31,2.6,6.45,10.1,3.0,4,6,0,0,2.426470588235294,86.49073225014423
48037,2024-12-12 00:23:00,2,5.27,0,scooter,53.6365997086488,Moscow,1,10,-0.7,1.29,1.2,4.0,12,0,0,3,4.571428571428571,75.76337527255171
48524,2025-05-02 08:00:00,2,2.99,0,car,55.0,SPB,1,11,3.9,19.11,5.9,3.0,5,8,1,4,2.4328358208955225,73.73405204292452
76754,2024-01-12 09:11:00,3,4.86,0,scooter,36.309932338308485,Moscow,0,39,-12.2,0.37,4.2,5.0,1,9,0,4,3.858974358974359,119.61004475598136
86160,2024-04-20 17:13:00,7,1.79,0,car,55.0,Moscow,0,16,11.2,14.03,8.1,3.0,4,17,1,5,3.92,76.50056851604072
9848,2025-01-02 20:46:00,3,0.63,0,car,55.0,Moscow,1,6,1.7,1.92,6.1,4.0,1,20,0,3,3.688311688311688,35.65477718210895
85726,2024-09-30 07:40:00,1,0.44,0,scooter,55.0,Kazan,0,19,13.1,6.43,14.1,3.0,9,7,0,0,2.03125,44.70166318716754
15802,2024-06-06 09:59:00,2,1.37,0,car,55.0,Moscow,0,34,20.0,12.39,9.4,5.0,6,9,1,3,3.871794871794872,97.09966180808725
29931,2025-05-13 18:22:00,2,6.92,0,scooter,38.31527511177083,Moscow,0,36,8.7,0.26,7.7,5.0,5,18,0,1,3.4415584415584415,133.43500408537244
54882,2024-02-23 17:22:00,1,6.76,0,car,55.0,SPB,0,16,2.3,1.38,12.2,3.0,2,17,0,4,2.135135135135135,96.68585511248132
9202,2025-01-24 10:14:00,2,5.25,0,car,55.0,SPB,0,16,0.7,1.38,10.7,3.0,1,10,0,4,2.323943661971831,77.74986242440335
92887,2024-04-27 18:46:00,1,6.07,0,bike,40.58851705937706,Moscow,0,17,11.3,7.54,1.8,3.0,4,18,0,5,3.8701298701298703,109.7215090010172
16510,2025-01-09 14:08:00,2,0.47,0,car,55.0,SPB,0,37,0.8,1.34,16.8,3.0,1,14,0,3,2.5945945945945947,65.60434340786419
31096,2024-09-27 13:01:00,2,2.09,0,bike,42.25170720017491,Moscow,0,33,17.8,1.37,6.9,4.0,9,13,0,4,3.935064935064935,75.48023629007884
58957,2025-05-20 15:19:00,2,3.51,1,car,55.0,Kazan,0,37,12.7,7.06,1.7,3.0,5,15,0,1,2.1333333333333333,79.72093895987797
31134,2024-12-17 23:31:00,4,3.5,1,scooter,50.19968924951003,SPB,0,32,-15.6,6.58,17.3,3.0,12,23,0,1,2.342857142857143,77.12677031336538
64898,2024-07-18 03:24:00,5,2.97,0,scooter,53.69711497645374,Moscow,0,30,21.8,4.058662716885315,15.9,5.0,7,3,0,3,3.779220779220779,61.581045999036334
87266,2024-01-09 21:57:00,2,7.54,0,car,55.0,Moscow,0,31,-5.7,3.73,10.6,5.0,1,21,0,1,3.5789473684210527,123.17820629583088
56372,2024-08-15 03:40:00,1,7.17,0,car,55.0,Kazan,0,33,12.2,7.01,15.0,3.0,8,3,0,3,2.19672131147541,117.27492392910156
28842,2024-04-10 20:14:00,3,7.32,0,scooter,52.98290027675885,SPB,0,21,8.0,1.09,6.4,3.0,4,20,0,2,2.445945945945946,102.80608189134966
14257,2024-02-12 20:52:00,2,2.31,0,car,55.0,Moscow,0,35,-1.8,7.16,10.4,5.0,2,20,0,0,3.779220779220779,88.64981668711542
11170,2024-09-27 15:39:00,4,3.56,0,scooter,46.7981431143761,Moscow,1,5,17.3,1.37,6.9,4.0,9,15,0,4,3.581081081081081,53.72674557658782
34317,2024-06-14 07:32:00,4,3.36,0,car,55.0,Kazan,1,11,25.1,0.1,13.0,2.0,6,7,0,4,2.391304347826087,50.21120374048631
26333,2025-03-24 03:56:00,1,0.58,0,bike,36.41063141303707,SPB,0,23,-1.3,0.79,1.0,4.0,3,3,0,0,2.5652173913043477,50.31649977382317
71953,2025-04-26 13:04:00,3,1.95,0,car,55.0,Kazan,1,6,16.4,0.09,0.7,1.0,4,13,0,5,2.033333333333333,23.096327503258422
77241,2024-07-31 18:05:00,3,0.88,0,scooter,46.7981431143761,Kazan,1,9,20.9,0.2,4.7,3.0,7,18,0,2,2.1538461538461537,41.17035314158775
31124,2024-09-09 23:32:00,2,2.82,0,car,55.0,SPB,0,21,16.2,4.42,18.9,3.0,9,23,0,0,2.276923076923077,63.49493318048243
49279,2024-11-28 20:36:00,2,1.94,0,bike,39.53406196193262,SPB,0,31,2.3,1.59,2.6,3.0,11,20,0,3,2.1857142857142855,70.32375285615527
11721,2024-11-06 23:05:00,5,6.77,0,car,55.0,SPB,1,7,3.9,3.33,21.0,3.0,11,23,0,2,2.353846153846154,85.64475323538787
90974,2025-04-15 20:14:00,2,0.63,0,scooter,53.69711497645374,SPB,0,23,7.0,9.32,8.7,3.0,4,20,0,1,2.578125,60.52570915956212
50406,2025-02-16 13:29:00,3,1.68,0,car,55.0,Moscow,1,10,-9.2,3.53,6.9,3.0,2,13,0,6,3.935064935064935,44.791412871894835
85816,2024-02-06 20:12:00,4,4.01,0,car,55.0,Moscow,1,5,-6.9,3.52,21.1,4.0,2,20,0,1,3.730769230769231,59.399710404775064
21522,2024-04-29 02:50:00,2,1.42,0,car,55.0,Moscow,0,18,5.1,10.03,11.4,4.0,4,2,0,0,3.7837837837837838,61.754135559672655
64524,2025-02-16 06:07:00,1,2.78,0,scooter,41.544742159650916,SPB,0,23,-11.1,11.85,20.4,2.0,2,6,1,6,2.1641791044776117,69.45581653506015
96658,2024-01-28 02:35:00,5,3.77,0,scooter,40.78423204435535,Moscow,0,23,-6.4,3.0,18.6,3.0,1,2,0,6,4.184210526315789,79.61667123979879
96885,2024-05-25 19:53:00,1,6.62,0,scooter,55.0,Moscow,0,34,21.6,3.21,4.4,3.0,5,19,0,5,3.6486486486486487,117.89817688398216
62537,2024-10-24 19:34:00,3,2.58,0,scooter,55.0,Moscow,0,27,8.2,9.14,17.4,5.0,10,19,0,3,3.5657894736842106,97.1003664804895
71302,2025-05-06 21:28:00,4,2.28,1,car,55.0,Moscow,1,12,9.1,2.08,18.8,5.0,5,21,0,1,3.5789473684210527,45.6108746009602
81188,2024-01-11 21:01:00,3,6.35,0,car,55.0,SPB,1,8,-15.2,11.04,15.8,4.0,1,21,1,3,2.2916666666666665,91.56267696944502
8097,2024-06-30 05:58:00,1,3.02,0,bike,37.22409459253831,Moscow,0,30,19.2,5.21,9.2,3.0,6,5,0,6,3.7866666666666666,80.68484803786366
6374,2024-02-01 20:27:00,2,0.46,0,car,55.0,Kazan,0,29,-5.9,1.28,1.4,3.0,2,20,0,3,1.876923076923077,52.778248647857666
66534,2025-06-01 08:20:00,3,6.41,0,car,55.0,Moscow,0,31,17.5,5.51,18.2,4.0,6,8,0,6,3.8289473684210527,122.37849086059319
56857,2025-03-16 05:18:00,2,5.43,0,car,55.0,Moscow,1,7,-3.4,3.52,18.2,3.0,3,5,0,6,3.7866666666666666,71.51215313741294
3043,2024-11-21 13:15:00,3,2.56,0,car,55.0,SPB,0,23,1.8,12.03,14.9,3.0,11,13,1,3,2.4571428571428573,74.38530556179981
98857,2025-05-01 14:58:00,3,2.85,0,car,55.0,Kazan,0,19,8.2,16.34,19.8,3.0,5,14,1,3,2.1470588235294117,74.90198025426534
38726,2025-03-12 20:43:00,3,6.98,1,bike,31.893950723490853,SPB,0,36,-3.2,2.19,9.0,4.0,3,20,0,2,2.445945945945946,120.80768306609295
97098,2024-10-25 02:54:00,2,1.59,0,car,55.0,Moscow,1,10,6.7,0.31,0.6,4.0,10,2,0,4,3.8552631578947367,43.13848354107596
45250,2024-01-22 17:12:00,3,1.87,0,car,55.0,Moscow,1,5,-9.4,3.96,16.3,5.0,1,17,0,0,3.810810810810811,59.648898531017416
45114,2024-11-11 04:55:00,1,1.92,0,scooter,52.378878477670696,Moscow,1,12,0.4,7.38,17.3,5.0,11,4,0,0,4.116883116883117,57.62963365497182
28596,2025-05-21 19:57:00,1,0.6,0,car,55.0,SPB,0,22,11.9,1.92,12.3,3.0,5,19,0,2,2.1343283582089554,53.78119465564728
73675,2024-01-22 06:29:00,2,5.13,0,scooter,44.02191382946829,SPB,0,35,-5.4,7.16,2.3,4.0,1,6,0,0,2.426470588235294,106.9464244284454
82048,2025-02-12 06:05:00,2,2.86,0,scooter,50.502841360509194,Moscow,0,17,-7.8,6.27,11.7,5.0,2,6,0,2,3.769230769230769,69.57051703833207
14330,2025-03-10 12:07:00,1,3.2,0,car,55.0,Moscow,0,34,5.3,1.23,9.1,4.0,3,12,0,0,3.551282051282051,80.03062534635669
126,2025-06-02 00:21:00,2,1.85,0,scooter,36.42755350070934,Moscow,1,6,14.6,4.39,9.0,4.0,6,0,0,0,3.727272727272727,44.427273507742285
15359,2024-06-17 10:25:00,2,1.14,0,car,55.0,Kazan,1,12,27.2,5.8,9.7,2.0,6,10,0,0,1.9701492537313432,42.56974875639075
9168,2024-10-04 09:00:00,6,3.77,0,car,55.0,Moscow,1,12,12.5,4.9,2.9,4.0,10,9,0,4,3.858974358974359,76.3671192869203
60599,2024-03-01 10:07:00,4,2.48,0,car,55.0,SPB,1,6,0.5,10.26,1.5,3.0,3,10,0,4,2.323943661971831,52.42469435082248
92301,2024-09-10 10:57:00,2,4.96,0,car,55.0,Kazan,1,7,22.9,0.56,17.6,2.0,9,10,0,1,2.234375,59.04140668700731
85198,2025-02-11 20:21:00,3,1.85,0,car,55.0,Moscow,1,9,-6.7,5.78,13.8,4.0,2,20,0,1,3.730769230769231,48.520934441533406
71207,2025-05-18 03:43:00,3,5.93,0,bike,39.395918500296126,Kazan,0,35,12.3,4.78,14.1,1.0,5,3,0,6,2.1639344262295084,108.57687785321926
42633,2024-05-03 08:17:00,4,3.03,0,car,55.0,Moscow,1,6,3.3,8.7,16.4,4.0,5,8,0,4,3.8157894736842106,71.09516514537606
77738,2025-02-11 04:30:00,3,8.29,0,scooter,40.65776334533052,Moscow,0,39,-6.3,5.78,13.8,4.0,2,4,0,1,3.8,141.2958281242688
16558,2024-05-01 22:39:00,3,0.27,0,bike,40.75594245927035,Moscow,0,21,10.0,1.52,13.0,4.0,5,22,0,2,4.0,55.24501265740677
13101,2025-05-06 05:49:00,2,2.55,0,car,55.0,Moscow,0,15,2.3,2.08,18.8,5.0,5,5,0,1,3.6842105263157894,61.95356807524456
4730,2024-06-14 08:19:00,2,7.51,0,scooter,48.67284070467812,Kazan,1,9,26.5,0.1,13.0,2.0,6,8,0,4,2.2285714285714286,89.10012831715093
55454,2024-11-07 09:33:00,2,4.46,0,scooter,39.091298449230436,SPB,0,16,4.1,18.62,20.5,3.0,11,9,1,3,2.1911764705882355,98.72913220173803
84926,2024-06-17 06:18:00,1,1.03,0,car,55.0,Moscow,1,5,19.1,4.48,11.5,4.0,6,6,0,0,3.8133333333333335,38.167027277425916
11698,2024-01-24 16:38:00,1,9.72,0,bike,32.37325941116156,Moscow,1,10,-0.8,10.36,15.9,5.0,1,16,0,2,3.858974358974359,147.10290975888023
27513,2025-06-13 11:01:00,3,1.49,0,scooter,55.0,Kazan,1,13,22.8,1.45,4.6,2.0,6,11,0,4,2.1875,42.96655940521422
32405,2025-06-15 14:16:00,4,5.21,0,car,55.0,Moscow,0,18,17.3,6.45,10.5,3.0,6,14,0,6,3.971830985915493,85.09518588806476
76850,2024-02-17 22:47:00,2,3.94,0,car,55.0,Moscow,1,7,-1.9,6.84,13.7,3.0,2,22,0,5,4.0,61.03186999984009
12911,2024-09-06 01:17:00,3,5.09,1,scooter,49.00620380326575,SPB,0,24,12.3,8.02,16.7,3.0,9,1,0,4,2.338235294117647,82.44051788099583
20257,2024-12-12 19:08:00,7,3.46,0,car,55.0,SPB,1,5,-5.2,4.59,14.4,4.0,12,19,0,3,2.2941176470588234,67.43850864218467
75421,2025-05-19 19:04:00,3,1.34,0,car,55.0,Kazan,0,24,16.4,3.64,14.0,2.0,5,19,0,0,2.1666666666666665,62.52530302710957
88393,2024-09-25 04:14:00,3,6.37,0,car,55.0,Moscow,0,29,8.7,6.16,8.8,4.0,9,4,0,2,3.935064935064935,109.27189755870778
38858,2024-11-08 19:38:00,2,2.9,0,scooter,49.6149146410911,Kazan,1,7,-0.3,0.51,15.9,2.0,11,19,0,4,1.9855072463768115,49.2488433414568
89216,2024-05-24 11:45:00,3,2.49,0,car,55.0,SPB,0,15,23.7,13.26,6.0,4.0,5,11,1,4,2.514705882352941,70.31249589964798
50963,2025-05-11 07:20:00,2,5.77,0,scooter,54.69739406908258,Moscow,0,31,3.6,1.82,6.4,3.0,5,7,0,6,4.065789473684211,98.34065497801011
20771,2024-08-07 12:46:00,6,0.19,1,scooter,55.0,Moscow,0,39,22.4,12.6,15.6,4.0,8,12,1,2,3.789473684210526,81.08364037566035
52378,2024-02-10 17:49:00,1,6.8,0,car,55.0,SPB,0,26,-11.1,9.52,16.7,2.0,2,17,0,5,2.2222222222222223,114.16458091630557
18990,2025-05-27 13:09:00,2,2.74,0,bike,33.520197773802906,Moscow,1,5,25.0,2.03,1.2,5.0,5,13,0,1,4.171052631578948,54.775349245431855
13376,2024-12-06 04:42:00,3,6.15,0,scooter,52.378878477670696,SPB,0,17,-3.5,0.54,15.0,4.0,12,4,0,4,2.5,87.86892353271351
78786,2025-01-17 18:50:00,5,5.6,0,scooter,46.65016744281999,Moscow,1,10,2.6,7.07,5.8,4.0,1,18,0,4,3.8026315789473686,95.1603559472488
78236,2025-04-04 07:08:00,2,3.5,0,car,55.0,Kazan,0,24,0.7,3.12,13.9,2.0,4,7,0,4,2.391304347826087,69.9085566696552
45350,2025-02-09 13:18:00,5,8.44,0,car,55.0,SPB,0,23,-6.3,6.09,21.2,2.0,2,13,0,6,2.5303030303030303,122.7529067594292
47271,2024-02-15 18:54:00,3,1.69,0,bike,35.82995837477953,Moscow,0,15,-11.5,0.81,23.6,5.0,2,18,0,3,3.554054054054054,70.05468919877198
75796,2025-01-06 19:57:00,1,3.84,1,bike,33.0915722275002,SPB,0,35,-5.7,7.22041542040545,3.3,3.0,1,19,0,0,2.585714285714286,95.27312949828172
82298,2024-10-13 14:25:00,4,4.21,1,car,55.0,SPB,0,31,10.0,1.69,15.5,3.0,10,14,0,6,2.5217391304347827,77.62380822599205
91678,2024-01-08 01:40:00,1,0.52,0,car,55.0,Kazan,0,30,-24.8,1.22,16.5,2.0,1,1,0,0,2.130434782608696,52.18519756106029
73025,2024-01-10 14:09:00,4,5.29,0,car,55.0,Moscow,0,17,-12.0,2.85,11.7,4.0,1,14,0,2,3.4415584415584415,86.14952679739591
81642,2024-04-23 18:19:00,4,4.86,0,bike,38.56610576982384,Moscow,0,21,12.2,5.92,10.5,5.0,4,18,0,1,3.4415584415584415,108.9384802655932
7646,2025-04-18 18:36:00,3,3.47,1,car,55.0,Kazan,1,5,16.8,0.28,10.8,3.0,4,18,0,4,2.0,40.42554016009875
5273,2024-10-05 09:18:00,3,6.73,0,scooter,49.86328877279848,Moscow,0,35,9.3,0.44,0.2,4.0,10,9,0,5,3.6973684210526314,125.43062554152061
98473,2024-12-02 15:57:00,4,10.27,0,scooter,46.7981431143761,Kazan,0,32,0.9,1.29,4.0,3.0,12,15,0,0,2.1666666666666665,150.05606095994005
2113,2024-11-28 08:57:00,4,0.34,0,car,55.0,Moscow,0,25,-2.8,5.08,7.0,5.0,11,8,0,3,3.9210526315789473,77.71778263892318
70554,2024-03-11 04:17:00,4,0.64,0,car,55.0,SPB,0,32,-3.0,12.18,11.8,3.0,3,4,1,0,2.6,75.01955552651361
13731,2024-01-08 09:44:00,4,0.51,0,car,55.0,Kazan,0,35,-21.4,1.22,16.5,2.0,1,9,0,0,2.1285714285714286,70.68959818769683
86568,2024-09-18 04:50:00,3,2.16,0,scooter,53.69711497645374,Moscow,1,6,12.2,0.49,5.2,4.0,9,4,0,2,3.935064935064935,41.54428923190011
96267,2024-07-04 14:29:00,5,1.9,0,bike,38.94927677658439,Moscow,1,8,32.7,0.86,13.0,4.0,7,14,0,3,3.7222222222222223,47.95825666442664
44427,2024-03-01 08:57:00,4,2.8,0,car,55.0,SPB,0,16,-0.3,10.26,1.5,3.0,3,8,0,4,2.4328358208955225,76.32614091981013
42690,2025-04-29 16:12:00,4,4.97,0,car,55.0,SPB,0,17,9.9,5.56,8.6,4.0,4,16,0,1,2.411764705882353,82.9388689492315
9347,2024-10-24 16:01:00,4,5.63,1,car,55.0,Moscow,0,26,8.1,9.14,17.4,5.0,10,16,0,3,3.6363636363636362,100.51522303739921
95083,2024-09-10 06:32:00,4,1.04,0,car,46.1550413594705,Moscow,0,35,12.8,2.23,18.7,4.0,9,6,0,1,3.6973684210526314,76.11591540947276
66440,2024-05-18 01:55:00,6,3.1,1,bike,40.879308302895126,Moscow,0,30,10.0,3.6699035187287175,14.3,4.0,5,1,0,5,3.7662337662337664,76.15922006351569
9364,2024-03-30 07:39:00,2,1.46,0,scooter,50.84117784067927,Moscow,0,16,2.1,8.75,10.816503623188405,3.0,3,7,0,5,4.0131578947368425,54.6041457433971
61994,2024-03-16 18:52:00,5,1.11,0,bike,38.8266233036702,SPB,1,11,7.1,6.8,12.2,2.0,3,18,0,5,2.4027777777777777,57.32185083991553
48777,2024-12-23 00:38:00,2,3.32,0,car,55.0,Moscow,1,9,-3.6,8.43,13.7,4.0,12,0,0,0,3.727272727272727,62.9444202573536
33215,2024-11-06 06:53:00,4,6.05,0,car,55.0,SPB,0,29,1.9,3.33,21.0,3.0,11,6,0,2,2.579710144927536,107.93975516510152
49401,2025-04-07 06:03:00,3,1.93,0,car,55.0,SPB,1,7,-3.1,6.23,6.2,3.0,4,6,0,0,2.426470588235294,45.69964527512049
35675,2025-01-30 15:11:00,2,1.76,0,scooter,48.34342395184287,Moscow,0,19,5.8,3.88,10.2,5.0,1,15,0,3,4.078947368421052,61.79684973209798
80708,2024-04-04 19:02:00,1,0.8,0,car,55.0,Kazan,1,5,3.7,7.03,12.4,2.0,4,19,0,3,2.096774193548387,37.86146192148326
57364,2024-03-26 11:15:00,4,1.77,0,bike,25.996363720780828,Moscow,1,14,1.5,2.66,1.4,5.0,3,11,0,1,3.831168831168831,61.062027929293905
90730,2024-10-18 11:34:00,2,5.24,0,bike,31.870139968385395,SPB,0,32,8.3,20.33,10.290958164642376,4.0,10,11,1,4,2.514705882352941,127.80672575246808
19119,2024-12-05 12:05:00,6,5.15,0,scooter,51.200599917946555,Moscow,0,36,-6.0,5.55,19.4,5.0,12,12,0,3,3.6842105263157894,114.64041632914157
94750,2024-01-09 14:59:00,1,1.83,0,bike,33.19299505524494,SPB,0,22,-0.3,0.24,20.4,3.0,1,14,0,1,2.608695652173913,57.226225819665814
36072,2024-02-11 13:11:00,2,6.4,0,scooter,40.78423204435535,SPB,0,25,-12.2,0.87,20.2,2.0,2,13,0,6,2.5303030303030303,96.24475790571515
40264,2024-07-24 00:35:00,4,2.87,0,scooter,43.02736698811714,Moscow,0,19,15.9,2.69,18.2,5.0,7,0,0,2,3.871794871794872,69.91716155315436
16970,2024-08-13 22:48:00,4,7.0,0,car,55.0,SPB,0,29,15.5,8.76,10.5,3.0,8,22,0,1,2.227272727272727,120.38525032178421
41554,2025-01-09 05:15:00,1,4.79,0,car,55.0,Moscow,0,38,0.7,2.02,3.2,4.0,1,5,0,3,4.246753246753247,97.13626827841375
70940,2024-09-27 13:49:00,4,3.82,0,bike,35.23265629823605,SPB,0,33,18.2,9.93,2.1,4.0,9,13,0,4,2.347826086956522,109.5435881106539
8181,2024-09-04 12:42:00,3,1.99,0,scooter,55.0,Moscow,0,16,21.2,0.55,12.7,5.0,9,12,0,2,3.789473684210526,56.966985091270985
36140,2024-03-01 11:32:00,3,1.49,0,car,41.750137119404535,SPB,1,7,0.8,10.26,1.5,3.0,3,11,0,4,2.514705882352941,47.123811446328794
49592,2025-04-04 10:18:00,3,3.69,0,bike,34.21679163845626,Moscow,0,34,10.7,2.4,15.8,5.0,4,10,0,4,3.5714285714285716,100.06529140262418
16471,2024-05-08 00:57:00,4,5.52,0,car,55.0,Kazan,0,30,10.9,5.76,19.7,2.0,5,0,0,2,2.123076923076923,98.41446862205404
60964,2024-11-01 15:00:00,4,0.43,0,bike,38.8266233036702,Moscow,0,27,6.9,3.24,10.5,nan,11,15,0,4,3.581081081081081,12.228677358335794
8582,2024-04-12 20:36:00,3,3.05,0,scooter,55.0,SPB,0,28,4.7,4.71,5.6,3.0,4,20,0,4,2.3857142857142857,76.8751802237423
86369,2025-05-16 01:30:00,3,2.6,0,scooter,48.78408734662869,Kazan,0,18,10.3,6.67,5.6,2.0,5,1,0,4,2.3846153846153846,62.59556835901791
81477,2024-06-12 20:35:00,1,9.6,0,car,55.0,Moscow,1,8,23.2,1.93,0.7,4.0,6,20,0,2,3.883116883116883,114.5034042162957
59328,2025-01-12 13:38:00,1,1.55,0,car,55.0,Moscow,1,9,-0.7,3.06,12.807115834984687,4.0,1,13,0,6,3.935064935064935,45.46299206569049
44726,2024-10-23 11:56:00,6,4.32,0,car,55.0,SPB,0,20,9.0,4.41,18.4,3.0,10,11,0,2,2.4794520547945207,81.43519755007509
35459,2024-02-28 14:27:00,2,3.99,0,car,55.0,Kazan,0,25,-4.8,2.4,8.5,3.0,2,14,0,2,2.225806451612903,77.49119694706123
51541,2024-04-27 05:31:00,5,1.44,0,car,55.0,SPB,0,29,0.0,1.28,13.3,2.0,4,5,0,5,2.7,63.64331854245756
85352,2024-08-20 11:23:00,4,1.77,0,car,55.0,SPB,0,22,19.2,4.24,2.0,4.0,8,11,0,1,2.53125,62.135766688991716
44320,2024-01-04 18:54:00,5,3.64,0,car,55.0,Moscow,1,10,-25.5,7.75,0.6,4.0,1,18,0,3,3.554054054054054,80.69031464211365
89635,2025-02-07 17:34:00,2,2.76,0,car,55.0,Moscow,0,31,-3.5,4.07,15.9,5.0,2,17,0,4,3.9473684210526314,71.55759086231168
1197,2024-05-03 14:01:00,1,3.01,0,car,55.0,Kazan,1,11,2.6,0.69,17.3,2.0,5,14,0,4,2.014705882352941,47.060759968748215
91479,2024-04-07 00:33:00,3,0.3,0,scooter,53.90710727799128,Kazan,1,14,-0.7,0.13,9.4,1.0,4,0,0,6,2.34375,29.443635958204183
46746,2025-04-17 14:55:00,3,3.69,1,car,55.0,Moscow,0,27,15.0,5.32,10.8,nan,4,14,0,3,3.7222222222222223,9.310173273537586
9405,2024-05-06 18:43:00,4,2.13,0,car,55.0,Moscow,0,16,7.0,2.04,0.3,5.0,5,18,0,0,3.8026315789473686,75.92045589155775
16868,2025-02-06 08:20:00,4,2.89,0,car,55.0,Kazan,1,8,-9.4,1.45,21.5,2.0,2,8,0,3,2.183333333333333,55.19484440652599
67772,2025-05-06 11:01:00,3,2.34,0,car,55.0,Moscow,1,7,7.7,2.08,18.8,5.0,5,11,0,1,3.831168831168831,51.788465458404076
72137,2024-05-25 21:04:00,4,1.1,1,scooter,55.0,Moscow,1,5,16.8,3.21,4.4,3.0,5,21,0,5,3.9864864864864864,23.285085471212284
80671,2024-04-03 12:26:00,3,4.3,0,car,55.0,Moscow,1,12,14.9,4.66,16.3,4.0,4,12,0,2,3.789473684210526,71.13371893714766
43996,2024-12-26 14:15:00,3,2.32,0,car,55.0,SPB,0,16,5.0,5.56,15.5,4.0,12,14,0,3,2.5945945945945947,59.60779183519142
34170,2024-05-18 04:02:00,3,2.16,1,car,55.0,Moscow,1,14,6.5,3.6699035187287175,14.3,4.0,5,4,0,5,3.6493506493506493,37.96810599217077
8155,2024-03-03 11:21:00,4,2.03,0,bike,37.106988143682905,Moscow,0,27,-4.5,5.03,19.7,3.0,3,11,0,6,3.4805194805194803,76.51197305343833
73771,2024-04-13 09:01:00,5,3.05,0,bike,34.060510655019456,SPB,1,6,5.2,1.35,5.2,2.0,4,9,0,5,2.323943661971831,56.30106052791741
90402,2025-03-28 21:28:00,3,6.22,0,car,55.0,Moscow,0,36,6.1,1.08,10.4,4.0,3,21,0,4,3.3466666666666667,113.45254612712412
84221,2025-06-16 13:57:00,4,2.33,0,scooter,52.32152702875614,Moscow,0,36,22.5,12.91,15.7,4.0,6,13,1,0,3.896103896103896,96.68490578386631
73830,2024-03-29 14:22:00,2,5.83,0,car,55.0,SPB,0,24,11.8,3.41,12.5,3.0,3,14,0,4,2.2388059701492535,92.03452792805705
52652,2025-04-23 07:19:00,4,1.82,0,car,46.1550413594705,Moscow,0,33,12.0,0.24,10.5,5.0,4,7,0,2,3.987012987012987,76.86837206780757
97986,2025-02-16 23:22:00,2,0.22,0,car,55.0,Kazan,0,27,-11.3,0.03,5.5,1.0,2,23,0,6,2.121212121212121,40.526346199583074
87814,2024-08-30 05:02:00,3,7.67,0,car,55.0,Moscow,0,25,12.6,4.87,18.4,4.0,8,5,0,4,3.75,116.80254563198193
53934,2024-07-21 14:31:00,5,3.97,0,car,55.0,Moscow,1,11,21.9,6.59,18.1,3.0,7,14,0,6,3.971830985915493,67.87634982520947
88730,2024-03-19 02:16:00,2,4.48,0,car,55.0,Kazan,0,37,-3.2,3.1018135922330097,17.3,3.0,3,2,0,1,2.161764705882353,93.32640725826639
31960,2024-07-31 04:42:00,1,2.97,0,bike,37.21804023678132,Kazan,1,11,15.7,0.2,4.7,3.0,7,4,0,2,2.1147540983606556,49.36521079062373
77020,2024-08-22 07:59:00,5,2.6,0,car,55.0,SPB,0,21,15.8,3.61,0.8,4.0,8,7,0,3,2.3333333333333335,69.91989656178076
63356,2024-10-20 02:41:00,5,5.48,0,car,46.1550413594705,SPB,0,38,2.5,2.34,8.4,2.0,10,2,0,6,2.6056338028169015,110.2385622887862
74359,2024-04-02 20:07:00,2,1.63,0,scooter,38.31527511177083,Moscow,1,13,16.0,3.34,17.0,4.0,4,20,0,1,3.730769230769231,52.688507296859896
52742,2025-02-08 06:03:00,3,6.17,1,car,55.0,SPB,0,15,-12.5,10.86,5.1,2.0,2,6,0,5,2.449275362318841,82.06415491224892
51799,2024-09-13 14:04:00,3,4.13,0,scooter,55.0,Moscow,1,6,26.1,1.84,11.7,4.0,9,14,0,4,3.7260273972602738,60.7446709198342
10349,2024-04-15 23:23:00,2,2.83,0,car,55.0,SPB,0,21,4.4,8.74,11.9,4.0,4,23,0,0,2.276923076923077,73.86416389314256
97824,2024-04-08 19:29:00,4,12.98,0,scooter,55.0,SPB,1,7,9.9,5.45,19.9,3.0,4,19,0,0,2.585714285714286,157.18652347533956
59433,2024-12-12 10:13:00,2,1.37,0,car,55.0,Kazan,0,24,-3.0,8.53,9.5,2.0,12,10,0,3,2.126984126984127,61.4661695298762
65561,2024-09-13 11:23:00,2,0.44,0,car,55.0,Moscow,0,27,23.5,1.84,11.7,4.0,9,11,0,4,3.9743589743589745,58.07695263828623
87848,2025-01-05 23:00:00,6,1.23,0,bike,42.191249465282176,Moscow,0,33,-5.5,10.68,19.6,3.0,1,23,0,6,3.5657894736842106,89.69338597105622
42199,2025-01-21 06:57:00,2,8.87,0,bike,41.46738347715445,Kazan,0,19,-8.0,5.56,5.4,2.0,1,6,0,1,2.076923076923077,124.70162075891656
13934,2024-10-28 06:04:00,1,1.34,0,car,55.0,Moscow,1,5,0.9,10.18,6.2,4.0,10,6,0,0,3.8133333333333335,45.8863554699108
61691,2024-07-05 14:51:00,2,0.68,0,bike,34.060510655019456,Moscow,0,17,23.6,1.0,4.9,5.0,7,14,0,4,3.7260273972602738,52.05254820860644
8082,2024-07-06 18:20:00,2,7.8,0,car,55.0,Kazan,1,9,30.5,3.2482959268495426,19.4,1.0,7,18,0,5,2.2096774193548385,86.63249784763892
91625,2025-02-02 10:22:00,3,5.76,1,scooter,55.0,SPB,0,33,-2.1,6.2306721194879096,17.7,2.0,2,10,0,6,2.2465753424657535,93.81923883950677
16092,2024-11-09 21:14:00,4,1.39,0,car,55.0,SPB,0,16,2.6,30.7,13.6,2.0,11,21,1,5,2.723076923076923,65.28057129576574
40130,2024-04-04 19:23:00,5,8.82,0,bike,35.369149670627664,Kazan,1,13,3.7,7.03,12.4,2.0,4,19,0,3,2.096774193548387,131.1084733743504
97762,2025-03-22 21:55:00,2,2.06,0,scooter,53.06435092865217,SPB,0,36,-0.1,4.0,6.1,2.0,3,21,0,5,2.723076923076923,72.40065650043644
83989,2024-08-11 22:02:00,1,2.35,0,scooter,46.44408516513773,SPB,1,11,15.5,3.25,5.3,2.0,8,22,0,6,2.5441176470588234,45.8450746247988
81297,2024-04-30 09:11:00,1,2.93,0,bike,38.3374319784028,SPB,0,20,7.9,2.14,16.6,3.0,4,9,0,1,2.8142857142857145,74.95080889801874
52520,2024-08-14 14:56:00,4,6.67,0,car,55.0,Moscow,0,36,21.6,2.19,16.1,4.0,8,14,0,2,3.4415584415584415,123.49401300100887
7481,2024-04-22 15:20:00,2,8.15,0,bike,35.96575629651888,Kazan,0,35,23.9,2.52,3.3,2.0,4,15,0,0,2.1666666666666665,132.9223460270328
50459,2024-01-12 08:25:00,5,4.04,0,car,55.0,Moscow,0,29,-12.5,0.37,4.2,5.0,1,8,0,4,3.8157894736842106,102.28545457812768
20694,2024-02-04 18:30:00,3,1.56,0,car,55.0,Moscow,0,21,-1.8,9.63,15.2,3.0,2,18,0,6,3.547945205479452,73.1056971481776
20456,2025-06-23 09:58:00,4,4.8,1,car,55.0,SPB,1,13,15.3,5.4,16.1,3.0,6,9,0,0,2.417910447761194,65.5903504318428
21185,2025-05-11 04:44:00,4,5.96,0,bike,41.97329297929299,Kazan,0,32,6.8,2.55,12.9,1.0,5,4,0,6,2.046153846153846,105.14423192965573
74003,2024-05-19 20:15:00,3,8.39,0,bike,40.52713657796784,Kazan,1,13,13.9,7.81,9.5,1.0,5,20,0,6,2.0597014925373136,116.82831561345769
84120,2024-09-19 04:28:00,5,1.8,0,car,55.0,Moscow,0,20,10.1,3.57,16.7,4.0,9,4,0,3,3.736842105263158,63.1939395331688
95401,2025-03-03 18:27:00,2,0.74,0,bike,37.21804023678132,Moscow,1,5,0.6,5.71,0.6,4.0,3,18,0,0,3.8026315789473686,46.88397984420578
53573,2025-02-23 15:25:00,2,1.23,0,car,55.0,SPB,1,6,-0.5,0.51,16.5,3.0,2,15,0,6,2.4714285714285715,32.62267823597151
74624,2024-05-14 19:17:00,4,7.81,0,car,55.0,SPB,0,15,15.8,0.35,14.5,4.0,5,19,0,1,2.4225352112676055,115.40632928324808
22169,2024-12-01 09:40:00,4,5.5,0,scooter,45.13982204557147,SPB,0,33,5.6,0.07,17.9,3.0,12,9,0,6,2.375,109.27402646064954
41910,2024-05-20 04:03:00,5,2.57,0,scooter,51.84792119327856,Kazan,0,39,10.7,1.22,10.1,2.0,5,4,0,0,2.1147540983606556,86.41936211444082
41643,2025-04-18 16:08:00,5,3.65,0,car,55.0,Moscow,1,11,22.4,1.49,0.7,4.0,4,16,0,4,3.782051282051282,64.61469804216156
32685,2024-10-25 09:39:00,4,1.86,0,car,55.0,SPB,0,16,5.3,1.82,15.6,4.0,10,9,0,4,2.452054794520548,64.93741480161344
2455,2024-08-28 14:40:00,3,4.9,0,car,55.0,Moscow,0,15,25.2,0.04,10.0,4.0,8,14,0,2,3.4415584415584415,74.26126731101729
17941,2024-10-13 02:11:00,3,9.76,0,car,55.0,Moscow,1,11,6.5,5.53,6.3,4.0,10,2,0,6,4.184210526315789,123.54689298999443
89559,2024-09-24 13:18:00,4,2.9,0,car,55.0,Moscow,1,5,17.9,1.06,18.7,4.0,9,13,0,1,4.171052631578948,48.22272005062587
13074,2025-04-01 17:06:00,3,3.41,0,scooter,55.0,Kazan,0,39,13.0,0.28,5.5,2.0,4,17,0,1,2.014925373134328,90.47838723320189
39850,2024-08-06 17:01:00,2,3.2,0,scooter,50.502841360509194,Moscow,1,9,23.5,6.03,2.2,5.0,8,17,0,1,3.4266666666666667,75.38007000508657
46324,2024-03-28 17:11:00,3,2.55,0,scooter,43.16043291364058,SPB,1,11,12.3,2.36,18.7,3.0,3,17,0,3,2.5211267605633805,61.54868784111904
39564,2024-01-09 04:08:00,3,0.94,0,scooter,53.90710727799128,Moscow,1,12,-10.1,3.73,10.6,5.0,1,4,0,1,3.8,49.73007520483069
80454,2024-03-01 08:03:00,5,6.27,0,scooter,48.67284070467812,Moscow,0,18,-0.7,0.0,2.9,4.0,3,8,0,4,3.8157894736842106,103.13399339614674
89291,2025-05-18 10:29:00,2,1.1,0,car,55.0,Moscow,1,12,17.8,0.34,13.1,3.0,5,10,0,6,3.5526315789473686,38.172924613927975
5005,2024-10-27 02:24:00,1,2.35,0,car,55.0,Moscow,1,11,5.7,3.06,17.2,3.0,10,2,0,6,4.184210526315789,50.535757094079905
33818,2024-10-09 10:39:00,5,5.57,0,car,55.0,Moscow,0,17,7.7,9.71,7.0,5.0,10,10,0,2,3.5584415584415585,102.53465177963852
66364,2024-03-12 18:45:00,2,3.22,0,car,55.0,SPB,1,9,1.3,0.8,4.0,3.0,3,18,0,1,2.4444444444444446,58.170817272453945
35306,2024-05-18 15:05:00,5,0.93,0,car,55.0,Kazan,1,12,14.0,9.04,10.2,1.0,5,15,0,5,1.876923076923077,42.679863039673
62461,2024-11-28 16:13:00,4,2.1,0,bike,34.302746560329744,Moscow,1,12,-2.4,5.08,7.0,5.0,11,16,0,3,3.6363636363636362,66.84821575556963
11283,2024-06-10 20:49:00,1,7.71,0,car,55.0,Moscow,1,12,18.1,2.04,9.3,4.0,6,20,0,0,3.779220779220779,96.70846125384213
48235,2024-08-12 17:31:00,4,4.02,1,bike,41.219692330682875,Moscow,1,5,19.1,1.8,2.8,4.0,8,17,0,0,3.810810810810811,61.144934063763046
17589,2024-09-17 03:02:00,3,1.49,0,car,55.0,Kazan,0,37,12.4,4.48,0.4,2.0,9,3,0,1,2.3833333333333333,71.75505723148389
35759,2024-06-13 00:06:00,2,4.25,0,bike,39.53406196193262,Moscow,0,17,19.1,4.3632938816449345,11.7,4.0,6,0,0,3,4.571428571428571,69.92478559551486
67760,2024-04-10 08:53:00,2,2.11,0,scooter,45.159897613091154,Moscow,0,36,11.4,8.06,1.3,5.0,4,8,0,2,3.8493150684931505,101.77155713542295
72966,2024-02-09 09:27:00,4,4.01,0,car,55.0,Kazan,1,5,-16.4,0.24,13.8,2.0,2,9,0,4,1.8636363636363635,52.866948556669534
95297,2024-02-19 15:45:00,1,7.45,0,bike,33.93675198010838,Kazan,1,6,-4.4,5.9,15.6,2.0,2,15,0,0,2.1666666666666665,98.68901295619833
13113,2025-02-14 15:48:00,2,4.14,0,bike,37.22409459253831,Moscow,0,15,-5.2,1.46,16.2,4.0,2,15,0,4,3.581081081081081,76.1789945162892
47703,2025-02-27 05:09:00,2,8.77,0,car,55.0,Kazan,0,34,-0.9,2.91,20.6,3.0,2,5,0,3,2.074626865671642,136.77195317510234
79699,2025-01-18 07:55:00,4,1.99,0,scooter,50.660526107716386,Moscow,0,30,0.4,5.86,17.9,4.0,1,7,0,5,4.0131578947368425,75.54817679423712
54197,2025-01-12 22:03:00,4,2.09,0,car,55.0,Moscow,1,14,-1.8,3.06,12.807115834984687,4.0,1,22,0,6,3.5921052631578947,55.88810997046458
402,2025-01-29 01:10:00,2,8.15,0,car,55.0,SPB,0,24,2.0,3.04,7.0,4.0,1,1,0,2,2.4153846153846152,118.97834031642944
37906,2024-02-27 02:31:00,4,8.8,0,scooter,42.827475829915414,Moscow,1,9,-6.7,3.54,11.4,4.0,2,2,0,1,3.727272727272727,111.74007694304082
54042,2024-12-29 08:51:00,3,4.52,0,car,55.0,Moscow,1,8,-0.9,5.86,14.7,3.0,12,8,0,6,3.8289473684210527,73.8144170256006
62213,2025-06-21 02:45:00,3,5.51,0,car,55.0,Kazan,0,32,13.6,6.5,8.5,2.0,6,2,0,5,2.015151515151515,102.29069030603478
39566,2024-08-13 07:52:00,4,2.14,0,car,55.0,Moscow,1,13,13.0,1.28,11.3,4.0,8,7,0,1,3.8846153846153846,52.454231174799524
14560,2024-12-18 06:05:00,3,3.97,0,car,55.0,Moscow,0,30,-9.9,6.24,15.8,5.0,12,6,0,2,3.769230769230769,94.71586839356306
3252,2025-05-12 22:41:00,5,5.64,0,scooter,53.6365997086488,SPB,1,11,7.9,1.74,12.6,nan,5,22,0,0,2.4057971014492754,10.158260130658576
8173,2025-01-28 20:47:00,4,2.07,0,bike,39.8116220849798,Moscow,1,11,3.7,10.67,14.9,4.0,1,20,0,1,3.730769230769231,68.16926295533483
30538,2024-05-27 22:45:00,1,2.27,0,bike,43.1943022875045,Moscow,0,31,15.9,3.1,6.7,4.0,5,22,0,0,3.4473684210526314,75.85203584618715
54625,2025-02-01 14:38:00,1,2.71,0,scooter,46.7981431143761,Kazan,1,5,0.9,3.16,14.3,1.0,2,14,0,5,2.1176470588235294,40.88266728996935
39987,2024-12-18 22:50:00,4,4.41,0,car,55.0,Moscow,0,27,-11.6,6.24,15.8,5.0,12,22,0,2,4.0,96.64384193746989
63710,2024-08-22 17:22:00,2,4.06,0,scooter,48.67284070467812,Moscow,0,29,24.1,6.76,8.4,4.0,8,17,0,3,4.012820512820513,101.46695276845352
24881,2025-06-06 20:21:00,2,2.93,0,bike,38.3374319784028,SPB,0,31,15.5,8.29,7.7,3.0,6,20,0,4,2.3857142857142857,90.29137100728676
25927,2024-04-04 15:54:00,4,10.44,0,scooter,49.71730148714787,Kazan,0,24,5.1,7.03,12.4,2.0,4,15,0,3,2.0588235294117645,143.87354359336308
17238,2024-12-21 20:53:00,3,4.47,0,car,55.0,Moscow,0,25,-2.6,2.61,22.6,3.0,12,20,0,5,3.8378378378378377,83.81356644955207
19633,2025-02-17 04:22:00,4,1.51,0,car,55.0,Moscow,1,11,-15.0,1.94,22.7,4.0,2,4,0,0,4.116883116883117,42.007418929806015
54205,2024-07-12 10:21:00,3,6.79,0,car,55.0,Kazan,0,27,20.4,0.19,4.4,3.0,7,10,0,4,2.1449275362318843,103.56002022986141
18612,2025-06-18 22:26:00,4,6.13,0,car,55.0,SPB,0,21,14.6,0.91,1.3,3.0,6,22,0,2,2.537313432835821,91.21110747950752
89443,2024-09-12 14:26:00,1,2.12,0,car,55.0,SPB,1,13,22.5,6.4,10.3,4.0,9,14,0,3,2.5945945945945947,54.85630734005366
8642,2025-05-03 19:40:00,2,14.38,0,car,55.0,SPB,0,21,8.4,6.98,0.7,2.0,5,19,0,5,2.484375,194.86261969433264
69250,2024-02-19 07:42:00,3,2.03,0,car,55.0,Moscow,0,19,-9.5,8.2,15.6,5.0,2,7,0,0,3.9066666666666667,69.70026764842376
82629,2024-07-01 12:45:00,1,2.91,0,car,55.0,Moscow,1,11,29.1,5.84,3.0,4.0,7,12,0,0,3.551282051282051,59.33775010290824
28398,2024-07-04 01:59:00,5,3.83,0,car,55.0,Kazan,1,5,23.2,0.48,13.9,2.0,7,1,0,3,2.2388059701492535,48.29521111020301
37897,2024-10-19 13:20:00,5,7.71,0,scooter,55.0,Moscow,1,7,7.1,5.73,11.3,3.0,10,13,0,5,3.9743589743589745,93.17519431792502
34063,2024-04-15 15:12:00,2,8.56,0,bike,33.19299505524494,SPB,0,37,5.0,8.74,11.9,4.0,4,15,0,0,2.6818181818181817,154.45289680975907
64039,2025-03-25 04:11:00,3,2.1,0,car,55.0,Kazan,0,39,-1.1,7.3,6.5,3.0,3,4,0,1,2.1384615384615384,88.83842787004993
26766,2025-02-20 22:19:00,5,4.08,0,car,48.016477908776224,Moscow,0,26,-9.1,9.56,22.1,4.0,2,22,0,3,3.5789473684210527,89.86478346747278
54386,2024-08-05 20:18:00,1,3.63,0,car,55.0,Moscow,0,17,19.9,0.44,9.9,4.0,8,20,0,0,3.779220779220779,63.163007615882854
77331,2024-11-09 08:19:00,2,4.56,0,scooter,43.02736698811714,Moscow,0,18,1.0,1.2,20.5,3.0,11,8,0,5,3.527027027027027,84.88380792848203
27005,2024-06-13 22:30:00,4,7.41,0,car,55.0,Kazan,0,32,25.7,0.33,9.8,2.0,6,22,0,3,2.1129032258064515,113.09854274925033
51506,2024-09-16 14:41:00,6,1.93,0,car,55.0,SPB,0,35,21.9,4.42,9.0,3.0,9,14,0,0,2.5757575757575757,84.75773375440099
26372,2024-03-20 11:31:00,3,1.76,1,car,55.0,Moscow,1,13,-3.4,2.44,19.4,5.0,3,11,0,2,3.688311688311688,42.10552304182575
2082,2024-05-19 03:28:00,1,1.49,0,scooter,38.31527511177083,Moscow,1,10,6.9,12.34,1.4,3.0,5,3,1,6,3.710526315789474,52.41783512441772
47928,2025-06-01 12:46:00,3,7.65,1,car,55.0,Kazan,1,7,28.7,4.35,1.7,1.0,6,12,0,6,2.0491803278688523,73.80651556584857
16680,2025-02-23 10:17:00,2,2.34,0,car,55.0,Moscow,0,39,-9.7,22.11,9.9,3.0,2,10,1,6,3.5526315789473686,96.21417044408933
48849,2024-03-13 03:33:00,1,9.38,0,car,55.0,Moscow,0,33,-10.5,0.52,8.3,4.0,3,3,0,2,3.8552631578947367,135.33932666280833
78559,2024-03-13 15:25:00,3,3.66,0,bike,39.99621866158171,Moscow,0,30,1.5,0.52,8.3,4.0,3,15,0,2,4.094594594594595,83.42761164316947
72020,2024-03-02 09:51:00,4,1.51,0,scooter,42.15405365401788,SPB,0,37,0.8,0.66,13.7,2.0,3,9,0,5,2.323943661971831,78.84835108439911
76428,2025-03-26 05:12:00,1,1.98,0,scooter,42.15405365401788,Moscow,1,13,1.3,3.21,5.3,4.0,3,5,0,2,3.68,50.62244234634097
5615,2024-02-06 10:37:00,3,7.64,0,scooter,55.0,Moscow,0,17,-6.4,3.52,21.1,4.0,2,10,0,1,3.675324675324675,105.96277195497524
60232,2024-02-11 21:18:00,4,4.27,1,car,55.0,SPB,1,9,-11.6,0.87,20.2,2.0,2,21,0,6,2.5,47.19789370776456
22667,2024-10-18 05:53:00,4,4.5,0,car,46.1550413594705,Moscow,1,7,-2.8,1.72,0.0,4.0,10,5,0,4,3.75,64.63666224732583
42426,2024-02-02 00:55:00,4,6.71,0,car,55.0,SPB,1,9,-0.8,6.2306721194879096,12.4,3.0,2,0,0,4,2.2903225806451615,89.31169486842434
68510,2024-04-19 05:14:00,3,2.59,0,bike,37.106988143682905,Moscow,0,39,4.2,5.97,5.4,5.0,4,5,0,4,3.75,99.16453643181798
44107,2025-06-02 22:30:00,3,1.31,1,car,55.0,Moscow,1,11,20.2,4.39,9.0,4.0,6,22,0,0,3.4473684210526314,36.21449533759377
85838,2025-01-18 22:37:00,7,3.53,0,scooter,54.257799958411795,Moscow,0,25,1.3,5.86,17.9,4.0,1,22,0,5,4.0,86.85453535371036
13931,2024-11-07 12:46:00,2,0.44,0,scooter,55.0,SPB,0,33,4.1,18.62,20.5,3.0,11,12,1,3,2.208955223880597,78.65087902125585
57052,2024-05-06 15:08:00,4,2.11,0,scooter,49.6149146410911,Moscow,1,7,9.0,2.04,0.3,5.0,5,15,0,0,3.5789473684210527,49.50749666897859
86389,2024-07-07 16:19:00,3,3.13,0,car,55.0,Moscow,1,5,26.5,13.18,16.2,4.0,7,16,1,6,3.32,61.5562938117135
20464,2025-02-02 10:10:00,3,3.07,1,car,55.0,Moscow,1,12,0.3,5.26,8.8,3.0,2,10,0,6,3.5526315789473686,45.88437971381387
7920,2025-01-28 13:02:00,4,5.07,0,bike,38.301186923671516,SPB,0,16,1.9,4.53,22.1,3.0,1,13,0,1,2.5,89.05946271857239
33462,2024-04-16 03:49:00,3,10.25,0,car,55.0,Moscow,0,30,4.6,2.62,3.1,4.0,4,3,0,1,3.64,147.62713525435518
904,2024-08-10 05:32:00,4,3.34,1,scooter,45.13982204557147,Moscow,0,15,12.6,2.38,19.1,4.0,8,5,0,5,3.792207792207792,55.70957662039883
76929,2024-08-24 20:49:00,4,0.71,0,bike,38.94927677658439,Moscow,0,35,18.1,4.57,14.6,4.0,8,20,0,5,3.8378378378378377,78.81163742757902
16541,2024-03-17 07:27:00,5,0.41,0,car,55.0,SPB,0,33,4.3,0.34,16.2,2.0,3,7,0,6,2.3823529411764706,61.55616319852379
41321,2025-01-01 18:36:00,4,4.17,0,bike,36.673060427125655,Kazan,0,20,-6.1,1.3,9.7,2.0,1,18,0,2,2.1538461538461537,82.15185536070187
69785,2025-01-20 02:56:00,3,6.45,0,car,55.0,SPB,0,24,1.6,3.78,17.8,3.0,1,2,0,0,2.418918918918919,99.93827678096602
70915,2025-04-28 15:16:00,2,1.16,0,scooter,45.44612180823244,SPB,0,21,9.8,3.03,15.0,3.0,4,15,0,0,2.6818181818181817,52.427236086918626
80129,2024-03-10 09:43:00,5,1.88,1,bike,41.76333005471556,Moscow,1,11,-9.9,3.04,18.0,3.0,3,9,0,6,3.8133333333333335,50.63594183730589
56770,2025-05-09 07:41:00,2,3.31,0,car,55.0,Moscow,1,9,3.6,2.24,0.4,4.0,5,7,0,4,3.782051282051282,58.347232269210664
42186,2024-07-01 03:21:00,5,3.27,0,bike,37.26218109219517,Moscow,1,14,18.8,5.84,3.0,4.0,7,3,0,0,3.948717948717949,72.60294394717943
2182,2025-03-12 10:01:00,1,3.52,0,car,55.0,Moscow,1,12,6.9,2.61,12.6,4.0,3,10,0,2,3.5584415584415585,62.72347870065363
87394,2024-11-24 00:12:00,3,0.07,0,scooter,51.200599917946555,SPB,0,29,-0.8,0.3,23.5,2.0,11,0,0,6,2.414285714285714,56.436789585979284
21997,2024-03-15 22:51:00,2,5.92,0,scooter,39.091298449230436,Moscow,0,17,-1.3,6.98,15.5,5.0,3,22,0,4,3.9466666666666668,98.53933337174632
14855,2024-07-31 14:23:00,4,5.64,0,scooter,55.0,Kazan,0,20,20.3,0.2,4.7,3.0,7,14,0,2,2.225806451612903,83.47444095072458
15098,2024-07-14 08:16:00,1,3.67,0,bike,36.82146628990283,Moscow,1,9,22.3,3.54,4.2,3.0,7,8,0,6,3.8289473684210527,71.08731998639895
62580,2024-06-27 01:48:00,7,0.39,0,bike,38.01026765395612,Moscow,0,35,14.5,1.69,9.8,4.0,6,1,0,3,3.710526315789474,78.91368324716096
97359,2024-08-11 10:12:00,4,6.68,0,bike,37.45176782140707,SPB,0,33,16.1,3.25,5.3,2.0,8,10,0,6,2.2465753424657535,118.88492455880262
89272,2024-06-24 06:02:00,1,3.61,0,scooter,39.047551890965785,SPB,0,32,13.2,10.4,8.7,4.0,6,6,0,0,2.426470588235294,92.60227633229161
65294,2024-02-29 08:01:00,3,6.77,0,car,55.0,Moscow,1,12,-4.5,6.07,1.0,4.0,2,8,0,3,3.9210526315789473,105.57041955134372
72118,2025-02-25 00:00:00,2,0.2,0,car,55.0,Moscow,0,15,-12.3,2.46,9.7,4.0,2,0,0,1,3.779220779220779,44.748795194813546
69143,2024-05-16 09:10:00,3,2.0,0,bike,31.893950723490853,SPB,0,21,13.7,4.99714105396024,13.5,3.0,5,9,0,3,2.1911764705882355,73.8088300872986
44161,2024-08-16 21:08:00,4,4.3,0,car,55.0,Kazan,1,12,15.0,2.1,11.9,2.0,8,21,0,4,2.4925373134328357,63.26012795846919
5109,2024-12-23 08:56:00,2,3.79,0,bike,31.367687591946154,Moscow,0,37,-4.1,8.43,13.7,4.0,12,8,0,0,3.6315789473684212,119.64623535185129
95752,2025-04-10 22:27:00,3,1.85,0,scooter,55.0,Moscow,1,6,-3.4,1.84,1.1,5.0,4,22,0,3,3.5789473684210527,46.395811609211734
21804,2025-04-07 13:09:00,3,3.21,0,car,55.0,Moscow,1,13,-0.2,0.35,1.8,5.0,4,13,0,0,3.896103896103896,61.17745044789263
67000,2024-05-02 00:59:00,1,0.59,0,car,55.0,SPB,0,16,3.1,5.38,12.6,3.0,5,0,0,3,2.3970588235294117,41.5627587324324
45995,2024-04-16 23:24:00,1,9.27,0,car,55.0,SPB,1,14,1.1,21.08,9.593910256410256,3.0,4,23,1,1,2.342857142857143,130.26612818622334
24020,2024-10-12 23:55:00,1,3.3,0,bike,37.21804023678132,Moscow,0,39,8.5,2.07,17.8,3.0,10,23,0,5,4.076923076923077,85.87405973213062
63476,2024-10-18 15:00:00,3,6.72,1,car,55.0,SPB,0,39,12.2,20.33,10.290958164642376,4.0,10,15,1,4,2.391304347826087,127.07378034121425
58629,2024-07-26 03:42:00,8,2.6,0,car,55.0,Moscow,0,39,14.5,1.99,18.1,4.0,7,3,0,4,3.8666666666666667,98.14990501551213
58619,2025-04-23 13:49:00,3,5.67,1,scooter,53.90710727799128,Kazan,0,24,17.8,8.72,13.8,2.0,4,13,0,2,2.0153846153846153,85.3078730420501
72892,2024-05-23 05:13:00,5,2.54,0,bike,31.870139968385395,SPB,1,11,7.9,0.34,6.3,4.0,5,5,0,3,2.4927536231884058,55.39070229756523
32118,2025-02-21 22:30:00,2,5.6,0,car,55.0,SPB,0,31,-2.5,1.89,9.9,3.0,2,22,0,4,2.5,95.3169119255706
29780,2025-04-25 15:14:00,2,8.71,0,bike,37.106988143682905,SPB,1,9,5.0,4.98,17.7,4.0,4,15,0,4,2.391304347826087,119.94574589633606
93436,2024-08-01 06:38:00,6,4.72,0,bike,43.31751317140163,SPB,1,13,15.1,3.83,2.0,4.0,8,6,0,3,2.361111111111111,81.76529347522067
14771,2025-06-15 17:48:00,1,1.27,0,car,46.1550413594705,SPB,0,33,18.7,23.16,16.1,2.0,6,17,1,6,2.1538461538461537,85.39109117437631
57505,2024-02-20 23:07:00,5,4.37,0,scooter,55.0,Moscow,1,8,-9.8,0.19,16.3,4.0,2,23,0,1,3.91025641025641,61.32132729618335
97805,2024-04-09 00:10:00,5,2.82,0,car,55.0,SPB,0,31,8.4,3.24,19.0,3.0,4,0,0,1,2.4857142857142858,82.81444516901014
86259,2024-01-27 14:53:00,3,2.67,0,car,55.0,Moscow,1,6,-5.2,0.22,13.1,3.0,1,14,0,5,3.6363636363636362,41.99251310627292
56993,2024-05-23 16:12:00,5,1.54,0,scooter,54.69739406908258,SPB,0,23,23.1,0.34,6.3,4.0,5,16,0,3,2.588235294117647,60.8385344316847
72158,2024-09-11 17:03:00,2,3.85,0,car,55.0,SPB,0,15,22.2,3.0,19.4,3.0,9,17,0,2,2.7222222222222223,78.14840277191003
95677,2024-10-23 17:06:00,3,3.04,0,car,55.0,SPB,0,16,10.2,4.41,18.4,3.0,10,17,0,2,2.7222222222222223,70.54747739197796
11378,2025-04-27 14:23:00,3,3.66,0,bike,35.086380143438284,Kazan,1,7,5.0,5.84,9.828919141914193,2.0,4,14,0,6,2.0,57.80375094440288
1235,2024-05-08 05:40:00,3,3.16,0,car,55.0,SPB,0,31,-1.9,9.11,0.2,4.0,5,5,0,2,2.417910447761194,88.8010051982348
15760,2024-02-26 15:48:00,6,3.82,0,car,55.0,Moscow,1,9,-1.9,12.45,10.2,4.0,2,15,1,0,3.5789473684210527,72.77898373670367
30243,2025-05-23 19:48:00,4,5.1,0,scooter,52.991687044958624,Moscow,1,11,24.1,0.62,0.9,4.0,5,19,0,4,4.026315789473684,85.105265313082
27235,2025-04-20 07:02:00,2,4.77,0,bike,32.99180766169915,Moscow,0,29,13.8,0.5,5.1,3.0,4,7,0,6,4.065789473684211,86.30293333572436
84939,2024-10-02 16:25:00,1,5.01,0,scooter,43.16043291364058,SPB,0,16,8.8,2.6,18.2,3.0,10,16,0,2,2.1470588235294117,77.13200508556677
6978,2025-03-20 09:17:00,1,2.01,0,scooter,43.02736698811714,SPB,1,11,0.5,1.14,2.4,3.0,3,9,0,3,2.1911764705882355,51.63131515524523
14582,2025-05-14 07:52:00,3,1.88,0,scooter,44.79372201513367,Kazan,0,20,14.2,4.26,8.9,2.0,5,7,0,2,1.7384615384615385,52.74229751351116
20628,2025-05-28 20:59:00,3,1.0,0,bike,40.807844015374776,Kazan,0,32,22.7,8.97,13.5,2.0,5,20,0,2,2.2222222222222223,76.6918454874843
13658,2024-02-22 05:56:00,4,1.88,0,scooter,45.44612180823244,Kazan,0,32,-15.9,0.81,20.1,3.0,2,5,0,3,2.074626865671642,72.51686503527341
84527,2024-09-08 05:37:00,3,4.16,0,scooter,34.01084509779904,SPB,0,17,9.8,5.72,7.1,2.0,9,5,0,6,2.5,63.66917321018764
34013,2024-07-05 04:19:00,4,1.82,0,bike,41.97329297929299,Moscow,1,13,18.4,1.0,4.9,5.0,7,4,0,4,4.025974025974026,55.47913001551464
2041,2024-07-17 19:30:00,4,3.61,0,car,55.0,Kazan,0,18,25.0,1.03,3.4,2.0,7,19,0,2,2.046153846153846,70.33626574859942
79378,2025-02-04 23:13:00,3,2.82,0,scooter,48.67898980658732,Moscow,0,36,-2.0,3.47,17.3,4.0,2,23,0,1,3.91025641025641,87.73688627325409
42729,2024-08-22 20:13:00,3,8.96,1,car,55.0,Moscow,1,12,20.5,6.76,8.4,4.0,8,20,0,3,3.688311688311688,107.47864458076108
87512,2025-01-06 23:21:00,2,0.39,0,scooter,48.67284070467812,Kazan,0,31,-6.3,9.67,12.5,2.0,1,23,0,0,1.8870967741935485,62.651092057234955
50607,2024-03-30 15:54:00,2,0.85,0,car,55.0,Moscow,1,6,10.7,8.75,10.816503623188405,3.0,3,15,0,5,3.986666666666667,39.80812691323993
92487,2024-01-11 10:13:00,2,5.0,0,car,55.0,SPB,0,17,-8.1,11.04,15.8,4.0,1,10,1,3,2.1449275362318843,88.51375230792647
6582,2025-02-13 20:01:00,4,3.16,0,scooter,50.660526107716386,Moscow,0,16,-7.0,4.06,12.8,4.0,2,20,0,3,3.688311688311688,56.90430195319625
47137,2025-06-23 12:58:00,6,1.33,0,car,55.0,Kazan,1,5,17.1,2.29,9.5,3.0,6,12,0,0,2.5,37.02975364092874
98115,2024-06-15 06:58:00,4,4.65,0,car,55.0,SPB,0,20,12.7,0.34,9.9,2.0,6,6,0,5,2.449275362318841,72.48081655152
15246,2024-07-21 15:49:00,4,1.55,0,car,55.0,Kazan,1,13,23.9,9.49,12.7,2.0,7,15,0,6,2.0,51.5146198499224
3806,2025-02-13 13:16:00,2,5.34,0,car,55.0,SPB,0,26,-2.0,14.19,0.8,nan,2,13,1,3,2.4571428571428573,12.209331280352842
47700,2025-05-19 21:51:00,3,2.52,0,bike,35.96575629651888,SPB,1,11,11.8,6.75,5.5,4.0,5,21,0,0,2.5652173913043477,65.05625106744712
56033,2025-02-11 18:39:00,4,4.17,0,scooter,55.0,Moscow,0,38,-6.1,5.78,13.8,4.0,2,18,0,1,3.4415584415584415,113.39067076011331
22782,2025-05-11 17:29:00,1,1.15,0,car,55.0,Kazan,0,33,13.7,2.55,12.9,1.0,5,17,0,6,2.1,59.07850648666279
24963,2024-12-23 22:36:00,1,5.14,0,bike,41.97329297929299,Kazan,0,22,-6.6,6.83,13.090177133655395,2.0,12,22,0,0,1.9696969696969697,88.83770801381364
25582,2024-11-09 23:20:00,3,2.86,0,car,55.0,Moscow,0,34,5.3,1.2,20.5,3.0,11,23,0,5,4.076923076923077,80.78917114423697
68585,2024-06-24 04:53:00,2,1.21,0,car,55.0,SPB,0,28,11.1,10.4,8.7,4.0,6,4,0,0,2.6,71.13516388257004
35686,2024-03-10 08:04:00,3,3.63,0,car,55.0,SPB,1,8,-4.0,6.01,12.0,2.0,3,8,0,6,2.323529411764706,62.347739615073664
20094,2024-07-18 10:02:00,4,5.65,0,car,55.0,Moscow,1,14,26.2,4.058662716885315,15.9,5.0,7,10,0,3,3.782051282051282,61.53668186340066
20380,2025-06-05 00:46:00,1,10.24,0,car,55.0,SPB,0,31,12.6,9.21,10.0,4.0,6,0,0,3,2.3970588235294117,153.72779942975475
13997,2024-05-05 16:44:00,2,0.14,0,car,55.0,Kazan,1,12,11.4,1.59,3.3,2.0,5,16,0,6,1.9428571428571428,32.24351598383028
14536,2024-11-03 16:04:00,2,1.35,0,scooter,50.81018222286416,Moscow,0,31,0.8,1.82,16.6,3.0,11,16,0,6,3.32,64.8503806085459
95979,2024-10-07 00:00:00,4,8.95,0,car,55.0,Moscow,0,17,9.7,0.02,1.3,5.0,10,0,0,0,3.727272727272727,116.46291120872822
578,2024-02-04 18:35:00,1,4.86,0,scooter,54.71734502201816,Kazan,1,5,-5.5,4.1,6.7,1.0,2,18,0,6,2.142857142857143,63.82401076692308
79161,2025-03-21 18:44:00,3,3.64,0,scooter,49.00620380326575,Kazan,0,34,4.8,1.05,12.7,2.0,3,18,0,4,2.0,86.84921540662995
31617,2025-04-15 04:55:00,3,12.86,0,car,55.0,SPB,0,21,8.8,9.32,8.7,3.0,4,4,0,1,2.292307692307692,173.57052645742866
24127,2024-04-27 08:07:00,4,8.18,0,scooter,55.0,Kazan,1,5,18.4,4.46,14.6,1.0,4,8,0,5,1.9857142857142858,95.91154100849623
11081,2025-04-18 04:06:00,5,2.11,0,car,55.0,SPB,1,13,9.9,8.33,2.6,3.0,4,4,0,4,2.5,59.02507448545901
26075,2025-06-03 11:10:00,3,4.05,0,car,55.0,Moscow,1,10,22.3,0.06,3.3,5.0,6,11,0,1,3.831168831168831,62.24923744663701
87356,2024-05-25 06:22:00,3,2.34,0,scooter,49.864212869682625,SPB,0,16,16.8,5.9,16.2,2.0,5,6,0,5,2.449275362318841,52.971707814128266
44442,2024-04-09 00:36:00,2,4.16,0,scooter,52.33026501083797,SPB,0,31,8.4,3.24,19.0,3.0,4,0,0,1,2.4857142857142858,87.94481422639073
21606,2025-01-09 06:01:00,3,6.03,0,bike,37.45176782140707,SPB,1,7,-3.5,1.34,16.8,3.0,1,6,0,3,2.361111111111111,80.1392057504982
23846,2024-04-01 00:00:00,5,1.77,0,bike,38.82921835200169,Moscow,0,36,6.8,7.38,17.4,5.0,4,0,0,0,3.727272727272727,99.82191356963398
21777,2024-03-29 00:38:00,3,12.62,0,car,55.0,SPB,0,21,5.6,3.41,12.5,3.0,3,0,0,4,2.2903225806451615,164.316049065855
38937,2024-07-11 06:49:00,4,8.22,0,scooter,44.50215595557376,Moscow,0,36,16.3,14.06,6.5,4.0,7,6,1,3,3.526315789473684,151.04726616037118
17404,2025-06-24 12:22:00,5,4.65,0,bike,42.40735828019987,Kazan,0,35,19.1,1.76,2.4,2.0,6,12,0,1,2.0793650793650795,102.1808727707996
30547,2024-04-29 13:03:00,3,4.41,0,bike,43.31751317140163,SPB,1,11,20.3,2.29,5.4,4.0,4,13,0,0,2.3857142857142857,74.03252086410724
9359,2025-02-08 20:17:00,3,6.23,0,bike,31.893950723490853,Moscow,1,9,-3.7,10.46,0.6,3.0,2,20,0,5,3.8378378378378377,99.72196193978736
93228,2024-11-14 22:03:00,2,6.39,0,scooter,53.69711497645374,SPB,0,24,1.2,2.41,8.2,4.0,11,22,0,3,2.4558823529411766,100.63534356841856
53889,2024-04-17 17:22:00,3,1.24,0,car,55.0,SPB,1,12,1.7,15.92,17.3,3.0,4,17,1,2,2.7222222222222223,64.14904978259317
1342,2024-09-06 15:02:00,4,3.87,0,car,55.0,Moscow,1,5,21.6,0.41,10.4,5.0,9,15,0,4,3.581081081081081,58.092132274448716
61380,2025-03-14 07:38:00,1,1.04,1,car,55.0,Moscow,1,9,10.9,4.4,12.7,4.0,3,7,0,4,3.782051282051282,30.74754713452672
33789,2024-08-06 06:47:00,2,10.58,0,scooter,44.79372201513367,Kazan,0,37,18.0,0.65,1.3,3.0,8,6,0,1,2.076923076923077,155.90616570512856
20623,2025-05-29 06:50:00,3,3.09,1,car,55.0,Moscow,0,39,17.4,0.76,0.0,4.0,5,6,0,3,3.526315789473684,76.25880092854698
89159,2025-02-05 13:49:00,1,1.62,0,scooter,52.98290027675885,Moscow,0,30,-0.3,20.28,7.0,4.0,2,13,1,2,3.871794871794872,81.53683148030176
9861,2024-09-13 13:08:00,2,2.82,0,car,55.0,Moscow,1,5,25.4,1.84,11.7,4.0,9,13,0,4,3.935064935064935,48.371797386367774
48631,2024-03-02 12:54:00,4,0.89,0,car,55.0,Moscow,0,25,-3.7,1.26,9.8,3.0,3,12,0,5,4.012987012987013,54.26466912479094
65643,2024-04-27 23:22:00,4,2.51,0,scooter,48.78408734662869,Moscow,0,36,5.9,7.54,1.8,3.0,4,23,0,5,4.076923076923077,89.24539383849802
30540,2024-11-13 01:18:00,1,0.68,0,car,46.1550413594705,Kazan,0,25,-1.0,4.25,6.8,3.0,11,1,0,2,2.09375,53.27156699098575
38445,2024-03-31 20:34:00,4,4.52,0,car,55.0,Moscow,0,24,7.6,3.04,19.1,3.0,3,20,0,6,4.0131578947368425,85.57424612464186
98666,2024-08-07 13:28:00,4,7.03,0,car,55.0,SPB,0,38,19.8,16.21,19.8,3.0,8,13,1,2,2.426470588235294,138.3624404434862
38417,2024-05-24 01:54:00,2,7.13,0,scooter,43.16043291364058,Kazan,1,8,3.3,0.56,14.7,2.0,5,1,0,4,2.3846153846153846,80.28643607785642
57504,2024-06-26 16:51:00,3,0.91,0,car,55.0,SPB,1,7,22.0,1.95,1.7,4.0,6,16,0,2,2.1470588235294117,39.03537812941252
70365,2024-07-03 21:41:00,3,6.22,0,scooter,55.0,Moscow,1,13,24.7,5.22,14.2,4.0,7,21,0,2,3.6153846153846154,88.6875967713499
94560,2025-06-03 07:08:00,2,5.87,0,scooter,50.502841360509194,SPB,0,20,12.4,1.07,8.7,3.0,6,7,0,1,2.6285714285714286,86.33142014060853
55811,2024-04-13 12:50:00,3,1.69,0,bike,41.46738347715445,Moscow,0,16,11.0,3.78,3.8,3.0,4,12,0,5,4.012987012987013,54.660310216985636
77862,2025-01-30 20:50:00,3,5.22,0,scooter,55.0,Kazan,0,32,0.1,2.51,4.9,2.0,1,20,0,3,1.876923076923077,94.12119151941918
60356,2024-01-25 08:55:00,1,0.29,0,car,53.93865388999127,Moscow,0,16,-0.8,3.37,7.5,4.0,1,8,0,3,3.9210526315789473,56.270815048104396
17024,2024-07-15 06:29:00,2,0.86,0,car,55.0,Kazan,0,20,18.0,8.39,14.3,3.0,7,6,0,0,2.0142857142857142,53.19248497305597
81262,2024-12-31 07:19:00,4,4.39,0,scooter,40.78423204435535,Moscow,1,12,-1.0,3.71,3.0,4.0,12,7,0,1,3.8846153846153846,73.13942043621547
20267,2024-02-21 05:51:00,4,5.85,0,bike,34.06066537047135,SPB,1,8,-11.8,1.52,4.1,3.0,2,5,0,2,2.417910447761194,79.77058040379661
52936,2024-09-21 13:40:00,2,5.95,0,scooter,55.0,SPB,0,20,16.1,0.54,11.9,2.0,9,13,0,5,2.380281690140845,80.50473187734596
40470,2024-03-13 22:57:00,2,9.61,1,car,55.0,SPB,0,22,2.5,1.04,9.8,4.0,3,22,0,2,2.537313432835821,116.49778727532406
28152,2025-06-12 19:10:00,3,6.33,0,car,55.0,Kazan,0,21,20.5,0.57,10.8,2.0,6,19,0,3,2.096774193548387,94.94532982147444
13164,2025-05-11 15:13:00,1,1.65,0,scooter,51.200599917946555,Moscow,1,5,8.0,1.82,6.4,3.0,5,15,0,6,3.8157894736842106,36.7380970707945
93818,2024-11-03 07:45:00,2,9.0,0,bike,39.99621866158171,Moscow,0,25,-0.1,1.82,16.6,3.0,11,7,0,6,4.065789473684211,131.75386261876642
9930,2025-06-03 19:46:00,3,1.61,0,car,55.0,Kazan,1,7,18.4,8.35,9.5,3.0,6,19,0,1,2.081967213114754,54.64373920396602
40957,2024-05-23 19:08:00,3,3.16,0,car,55.0,Moscow,0,25,17.7,0.98,9.8,4.0,5,19,0,3,3.5657894736842106,83.8054137228819
67230,2024-06-06 13:52:00,2,0.92,0,bike,30.444795647135667,SPB,0,28,25.2,0.5,8.7,4.0,6,13,0,3,2.4571428571428573,62.13595512663433
59675,2025-03-27 05:07:00,3,0.82,0,scooter,49.00620380326575,Moscow,1,6,2.9,3.79,18.4,4.0,3,5,0,3,4.246753246753247,37.545631135640015
63123,2024-11-20 10:34:00,1,7.74,0,scooter,46.0651894724839,Kazan,1,7,0.8,9.85,1.1,2.0,11,10,0,2,2.0153846153846153,100.46458942649774
25757,2024-04-19 20:15:00,2,2.31,0,bike,42.191249465282176,SPB,0,33,-2.7,1.61,14.8,3.0,4,20,0,4,2.3857142857142857,74.66282806746013
38342,2024-09-12 01:02:00,3,6.16,0,car,55.0,Moscow,0,21,18.6,2.4,12.3,4.0,9,1,0,3,3.710526315789474,95.72564561857607
70153,2024-04-30 05:28:00,4,2.52,0,bike,32.99180766169915,SPB,1,11,10.8,2.14,16.6,3.0,4,5,0,1,2.464788732394366,57.106007894738546
20677,2024-12-01 15:39:00,5,5.28,0,car,55.0,Moscow,0,28,1.9,1.39,10.5,3.0,12,15,0,6,3.8157894736842106,96.45642789883047
10281,2024-04-06 23:07:00,2,5.07,0,bike,39.11667838566589,Moscow,1,7,2.0,6.85,9.381167210597042,4.0,4,23,0,5,4.076923076923077,81.31741190094426
46622,2024-07-28 06:44:00,2,1.89,0,scooter,43.16043291364058,SPB,0,39,18.4,5.83,14.7,3.0,7,6,0,6,2.1641791044776117,79.29524015846489
49520,2024-12-24 20:02:00,5,5.03,0,bike,36.63261474828157,Moscow,1,7,0.0,3.02,4.4,4.0,12,20,0,1,3.730769230769231,77.93867163458272
43180,2024-03-01 11:18:00,2,5.7,0,car,55.0,Moscow,1,12,0.5,0.0,2.9,4.0,3,11,0,4,3.9743589743589745,73.36247289286702
40925,2024-08-19 20:19:00,5,7.3,0,scooter,44.02191382946829,Kazan,0,33,17.0,1.79,19.8,2.0,8,20,0,0,2.1,120.37027226582484
4397,2024-06-21 04:20:00,1,4.07,0,bike,40.75594245927035,SPB,1,6,13.5,8.4,3.2,3.0,6,4,0,4,2.5,69.37359973586
50531,2024-01-20 00:42:00,2,1.65,0,car,55.0,Kazan,1,8,-1.8,6.58,10.0,1.0,1,0,0,5,2.3492063492063493,39.07435318460933
36807,2024-12-26 06:57:00,3,1.81,0,car,55.0,Moscow,0,20,-1.0,2.63,23.6,5.0,12,6,0,3,3.526315789473684,62.31665391950152
24081,2025-04-10 13:11:00,5,0.57,0,car,55.0,SPB,0,33,0.7,5.43,12.0,4.0,4,13,0,3,2.4571428571428573,73.72855444437279
52224,2024-06-13 05:44:00,3,11.06,0,car,55.0,Kazan,0,39,22.6,0.33,9.8,2.0,6,5,0,3,2.074626865671642,153.74440537794902
78186,2025-05-30 22:59:00,4,1.54,0,car,55.0,Moscow,1,8,22.8,4.14,5.4,4.0,5,22,0,4,3.9466666666666668,43.0230463321872
43133,2024-05-09 05:03:00,3,2.8,0,bike,35.577876365522755,Kazan,0,18,-0.5,3.17,4.7,2.0,5,5,0,3,2.074626865671642,65.71427241794888
68858,2024-11-12 18:59:00,2,4.99,0,bike,37.32002871481163,Moscow,0,30,-0.6,13.58,9.5,4.0,11,18,1,1,3.4415584415584415,125.94396840674042
62963,2025-02-01 17:41:00,8,3.14,0,car,55.0,Kazan,0,29,0.4,3.16,14.3,1.0,2,17,0,5,2.1911764705882355,83.83814462851986
53623,2024-12-23 04:15:00,3,1.47,0,car,55.0,Moscow,0,19,-3.9,8.43,13.7,4.0,12,4,0,0,4.116883116883117,61.34464551717178
74210,2025-04-14 09:11:00,5,3.0,0,car,55.0,Moscow,1,12,4.9,4.4560500481231955,18.5,4.0,4,9,0,0,3.776315789473684,72.46391355184578
92780,2024-03-04 06:58:00,3,3.07,0,car,55.0,Kazan,0,21,-8.6,1.64,15.3,3.0,3,6,0,0,2.0142857142857142,64.6876677337196
1734,2025-03-06 07:45:00,1,1.75,1,bike,43.1943022875045,Moscow,1,11,3.4,1.39,12.9,4.0,3,7,0,3,3.5,38.27578630150026
44184,2024-04-08 18:11:00,3,6.26,0,scooter,45.44612180823244,Kazan,1,12,6.4,0.96,1.0,3.0,4,18,0,0,2.1940298507462686,91.91790115192472
63430,2024-05-03 23:00:00,3,3.39,0,bike,40.10929179910456,Moscow,0,30,4.3,8.7,16.4,4.0,5,23,0,4,3.896103896103896,100.21112449942905
16239,2024-05-21 13:59:00,3,0.46,0,car,55.0,Moscow,0,27,16.0,8.06,17.0,4.0,5,13,0,1,4.171052631578948,66.74187297223224
55927,2025-03-25 19:25:00,2,2.67,0,scooter,41.544742159650916,Kazan,0,37,4.0,7.3,6.5,3.0,3,19,0,1,2.081967213114754,93.8202061045406
78473,2024-12-21 20:55:00,9,1.02,0,car,55.0,Moscow,1,11,-2.6,2.61,22.6,3.0,12,20,0,5,3.8378378378378377,45.95055124741815
65696,2024-07-20 19:37:00,4,1.12,0,car,55.0,SPB,0,35,20.6,5.76,19.4,2.0,7,19,0,5,2.484375,79.93384224340511
1621,2024-02-19 04:52:00,2,1.09,0,car,55.0,SPB,0,29,-12.4,3.45,23.5,3.0,2,4,0,0,2.6,59.2764431945524
76315,2024-10-21 02:24:00,1,2.81,0,scooter,54.69739406908258,Moscow,0,36,6.5,5.15,14.6,4.0,10,2,0,0,3.7837837837837838,82.46006144473974
15849,2024-02-07 02:13:00,3,5.66,0,bike,36.82146628990283,Moscow,1,7,-11.4,1.34,1.8,5.0,2,2,0,2,3.8666666666666667,80.75568684571522
24535,2025-06-25 23:55:00,1,3.93,0,car,55.0,Moscow,0,16,14.7,1.09,17.6,4.0,6,23,0,2,3.776315789473684,66.86154829685907
78863,2024-12-24 13:08:00,3,2.78,0,scooter,34.01084509779904,Kazan,0,21,-11.0,6.35,11.0,3.0,12,13,0,1,1.9523809523809523,70.03167831292495
28957,2024-08-30 17:35:00,2,11.13,1,car,55.0,Moscow,0,30,24.2,4.87,18.4,4.0,8,17,0,4,3.9473684210526314,163.00121328280073
46367,2025-04-25 23:47:00,3,12.67,1,bike,40.142580832377945,Moscow,0,36,8.0,3.2,6.2,4.0,4,23,0,4,3.896103896103896,180.8777587194914
81227,2025-01-05 09:05:00,1,9.26,0,car,55.0,Moscow,0,33,-6.9,10.68,19.6,3.0,1,9,0,6,3.8133333333333335,152.29025581175222
67383,2024-04-20 11:14:00,5,1.93,0,car,55.0,Moscow,1,11,6.6,14.03,8.1,3.0,4,11,1,5,3.486842105263158,58.03313503054559
24679,2025-05-24 01:08:00,2,2.01,0,car,55.0,SPB,0,32,9.9,2.61,8.5,2.0,5,1,0,5,2.4761904761904763,65.78066877128059
16764,2024-11-22 11:09:00,3,3.66,0,car,55.0,Kazan,1,7,3.2,2.77,20.6,2.0,11,11,0,4,2.1875,54.447150692122065
93873,2025-04-08 07:23:00,4,3.15,0,car,55.0,Kazan,0,21,5.9,2.29,9.8,3.0,4,7,0,1,2.142857142857143,69.91025162701666
51837,2025-02-09 15:32:00,6,7.34,0,car,55.0,Kazan,0,32,-4.4,3.37,2.6,2.0,2,15,0,6,2.0,122.0016220627138
91325,2025-04-04 11:24:00,3,4.57,0,bike,40.804334648574,Moscow,0,39,12.1,2.4,15.8,5.0,4,11,0,4,3.9743589743589745,112.10020310770173
93035,2025-03-21 15:09:00,2,5.29,0,car,55.0,Moscow,1,5,8.5,4.74,7.6,4.0,3,15,0,4,3.581081081081081,71.79812029322294
22791,2024-04-06 03:21:00,2,7.98,0,scooter,44.02191382946829,Kazan,1,5,-3.9,6.23,6.9,2.0,4,3,0,5,1.9661016949152543,97.40651367214954
79258,2025-02-04 21:07:00,2,1.48,0,car,55.0,Kazan,0,22,-1.0,13.18,17.1,2.0,2,21,1,1,2.238095238095238,63.11352244459277
42004,2024-02-03 01:16:00,4,3.35,0,bike,36.63261474828157,Moscow,1,11,-5.1,5.716251278903212,13.4,4.0,2,1,0,5,3.7662337662337664,30.924298896447482
87100,2025-02-24 03:22:00,3,5.84,0,scooter,54.257799958411795,Kazan,0,29,-10.4,6.85,20.4,3.0,2,3,0,0,1.9827586206896552,104.16532598774296
37679,2024-05-15 06:51:00,3,9.44,0,bike,33.503041454143556,Moscow,0,36,4.2,7.02,16.7,4.0,5,6,0,2,3.769230769230769,166.83206909179137
63797,2025-01-27 21:34:00,3,2.8,0,car,55.0,Moscow,0,36,4.2,10.21,16.5,4.0,1,21,0,0,3.8026315789473686,96.41362741257745
37361,2024-04-13 22:58:00,6,0.65,0,car,55.0,Moscow,1,14,8.9,3.78,3.8,3.0,4,22,0,5,4.0,45.79568871144188
82213,2025-04-04 01:21:00,2,3.05,0,bike,39.220014514791444,Kazan,0,35,0.3,3.12,13.9,2.0,4,1,0,4,2.3846153846153846,83.83035358930397
54734,2024-04-30 22:46:00,4,2.31,0,scooter,40.65776334533052,Moscow,0,27,14.5,1.31,1.9,4.0,4,22,0,1,3.8684210526315788,71.76927831112611
95523,2024-03-24 01:03:00,5,1.91,0,scooter,51.84792119327856,Kazan,0,29,1.4,8.31,15.5,1.0,3,1,0,6,1.8615384615384616,72.08672033496886
3502,2024-10-02 04:43:00,2,2.89,0,bike,42.25170720017491,SPB,1,6,5.5,2.6,18.2,3.0,10,4,0,2,2.357142857142857,51.981800141816784
5718,2025-01-16 20:51:00,2,2.35,0,car,55.0,Moscow,0,21,1.1,0.38,1.8,5.0,1,20,0,3,3.688311688311688,63.48392061749538
63828,2024-01-13 08:19:00,2,1.64,0,car,55.0,Moscow,1,12,-30.9,2.78,15.9,4.0,1,8,0,5,3.527027027027027,60.85959897534404
71323,2025-01-11 13:07:00,4,5.5,0,scooter,48.67284070467812,SPB,0,32,0.3,9.19,18.0,3.0,1,13,0,5,2.380281690140845,110.64828806005812
86025,2025-02-10 13:25:00,3,8.1,0,car,55.0,SPB,1,12,-3.8,1.73,1.2,3.0,2,13,0,0,2.3857142857142857,101.0220443586389
22616,2025-03-10 12:46:00,3,5.87,0,bike,38.62838052170366,Moscow,1,12,5.3,1.23,9.1,4.0,3,12,0,0,3.551282051282051,86.55388176543747
58065,2024-10-21 21:51:00,2,1.09,1,car,55.0,SPB,1,12,9.4,2.2,7.4,3.0,10,21,0,0,2.5652173913043477,29.52169097191628
51870,2024-03-27 13:44:00,4,6.52,0,bike,45.195252478472824,Kazan,0,34,-0.1,11.64,4.8,3.0,3,13,1,2,2.0153846153846153,135.85957542010794
27364,2025-02-14 11:13:00,4,8.53,0,car,55.0,Moscow,1,10,-5.9,1.46,16.2,4.0,2,11,0,4,3.9743589743589745,105.7483016415456
82290,2025-03-16 11:13:00,1,4.26,0,car,55.0,Moscow,0,34,1.6,3.52,18.2,3.0,3,11,0,6,3.4805194805194803,89.8830193443273
76076,2024-08-25 08:21:00,3,2.65,0,car,55.0,Moscow,0,28,17.5,8.11,0.0,3.0,8,8,0,6,3.8289473684210527,89.74008461734569
19559,2025-03-09 12:40:00,5,3.48,0,car,55.0,SPB,1,7,3.0,2.36,6.4,2.0,3,12,0,6,2.2535211267605635,51.343219210322275
61615,2024-08-02 13:11:00,1,3.34,0,car,55.0,Moscow,1,5,20.6,3.56,19.7,4.0,8,13,0,4,3.935064935064935,53.07811016402097
45914,2024-02-25 23:29:00,4,1.87,1,car,55.0,Kazan,0,39,-10.8,3.16,1.5,2.0,2,23,0,6,2.121212121212121,65.43498286434156
60652,2024-04-29 22:37:00,2,3.41,0,car,55.0,Moscow,1,8,8.8,10.03,11.4,4.0,4,22,0,0,3.4473684210526314,65.09317354286692
2716,2025-06-07 11:08:00,4,3.01,1,car,55.0,Kazan,0,32,21.8,0.24,9.6,1.0,6,11,0,5,1.9393939393939394,59.69474375708438
42223,2024-02-07 00:42:00,2,6.11,0,car,55.0,SPB,0,16,-12.1,8.88,4.7,3.0,2,0,0,2,2.6338028169014085,93.61266158416834
89696,2024-09-11 23:08:00,3,2.56,1,scooter,47.978038395195696,SPB,1,7,19.7,3.0,19.4,3.0,9,23,0,2,2.353846153846154,36.16053707356479
10386,2024-12-05 02:33:00,2,2.72,1,car,55.0,Moscow,0,22,-3.7,5.55,19.4,5.0,12,2,0,3,3.7466666666666666,56.40859552778893
26247,2025-05-27 00:31:00,2,2.14,0,car,55.0,Moscow,1,12,22.3,2.03,1.2,5.0,5,0,0,1,3.779220779220779,54.960667950619175
45961,2025-03-08 17:48:00,2,4.27,0,car,55.0,SPB,0,33,5.5,5.1,6.7,2.0,3,17,0,5,2.2222222222222223,95.92348857572162
49240,2024-06-13 19:47:00,4,4.58,0,car,55.0,Kazan,1,12,27.7,0.33,9.8,2.0,6,19,0,3,2.096774193548387,68.8140621655265
25424,2024-04-15 04:27:00,4,7.08,0,bike,36.7621488349067,Moscow,0,23,6.6,2.39,12.7,5.0,4,4,0,0,4.116883116883117,120.67035153869963
70391,2024-03-25 21:18:00,5,4.67,0,scooter,46.44408516513773,Moscow,1,11,-0.8,1.68,13.6,5.0,3,21,0,0,3.8026315789473686,75.94303493814668
25590,2024-11-02 03:35:00,3,1.28,0,bike,38.01026765395612,SPB,0,21,-2.5,0.6,21.8,2.0,11,3,0,5,2.4864864864864864,53.063535819854025
39787,2024-04-30 16:08:00,2,2.76,0,scooter,48.67284070467812,Moscow,0,32,21.1,1.31,1.9,4.0,4,16,0,1,3.8157894736842106,77.7700457612733
95354,2024-04-29 05:50:00,5,3.49,0,car,55.0,Moscow,1,5,3.7,10.03,11.4,4.0,4,5,0,0,4.116883116883117,61.832770858733376
86828,2025-03-01 15:16:00,2,3.96,0,car,55.0,Moscow,0,31,3.2,0.91,14.3,4.0,3,15,0,5,3.986666666666667,84.07882460930401
44820,2024-09-03 05:48:00,2,13.53,0,scooter,36.42755350070934,Moscow,1,6,11.7,1.38,5.7,4.0,9,5,0,1,3.6842105263157894,151.028839060086
91964,2024-12-25 16:03:00,2,0.74,0,car,55.0,Kazan,0,37,-12.9,7.12,8.0,2.0,12,16,0,2,2.046875,68.58169201835291
96188,2025-05-17 04:47:00,3,3.49,0,scooter,50.502841360509194,SPB,1,6,7.3,1.2,4.0,2.0,5,4,0,5,2.7,48.016960447459255
34842,2024-04-03 02:15:00,4,3.03,0,car,55.0,Moscow,0,39,11.6,4.66,16.3,4.0,4,2,0,2,3.8666666666666667,94.82507575997923
82819,2025-06-28 05:36:00,2,3.64,0,car,55.0,Kazan,0,35,13.6,4.41,11.8,1.0,6,5,0,5,2.0317460317460316,79.58324369937596
40811,2024-05-24 03:20:00,1,5.1,0,scooter,48.70580908301911,Kazan,0,39,3.3,0.56,14.7,2.0,5,3,0,4,2.208955223880597,93.93352053104017
7350,2025-03-28 02:56:00,2,3.24,0,bike,38.301186923671516,Kazan,0,34,1.1,0.71,1.1,2.0,3,2,0,4,2.125,79.3414063455735
33804,2024-09-19 12:53:00,3,2.18,0,scooter,54.20006938556093,SPB,1,12,17.2,3.28,11.4,3.0,9,12,0,3,2.208955223880597,50.58371254909127
44954,2025-06-24 14:59:00,4,4.74,0,car,55.0,Kazan,0,39,19.7,1.76,2.4,2.0,6,14,0,1,2.123076923076923,100.67637499041211
68448,2025-06-13 00:49:00,3,3.11,0,scooter,52.98290027675885,Kazan,1,7,19.0,1.45,4.6,2.0,6,0,0,4,2.0952380952380953,47.036632342125685
73514,2025-05-01 03:21:00,4,10.41,0,scooter,52.32152702875614,Moscow,0,39,5.7,0.08,1.4,4.0,5,3,0,3,3.779220779220779,157.75240816960314
56207,2025-04-10 00:52:00,5,6.84,1,car,55.0,Kazan,0,32,0.5,6.54,1.6,2.0,4,0,0,3,2.287878787878788,109.6028020796076
40908,2024-12-29 10:46:00,3,5.16,0,car,55.0,Moscow,0,27,-0.9,5.86,14.7,3.0,12,10,0,6,3.5526315789473686,93.39670292142816
70801,2024-08-03 06:39:00,3,1.19,0,bike,32.37325941116156,Kazan,0,32,15.6,14.61,18.1,1.0,8,6,1,5,2.2205882352941178,78.72560334656016
74713,2024-12-13 08:02:00,1,1.63,0,car,55.0,Kazan,0,23,-5.0,3.869590301003344,10.9,3.0,12,8,0,4,2.2285714285714286,63.12614825240297
42782,2025-03-18 05:36:00,5,4.35,0,scooter,54.20006938556093,Moscow,1,6,-5.9,0.86,7.8,4.0,3,5,0,1,3.6842105263157894,61.61935512162771
71454,2025-04-28 03:09:00,3,1.34,0,bike,35.716101269659816,SPB,0,38,2.6,3.03,15.0,3.0,4,3,0,0,2.5652173913043477,79.14301185005431
70720,2025-04-02 05:35:00,1,2.47,0,car,55.0,Moscow,1,12,6.5,3.53,9.7,5.0,4,5,0,2,3.68,57.57068123149156
5142,2024-12-03 09:55:00,4,3.26,0,scooter,46.49258940217779,Moscow,1,7,-0.1,4.36,8.9,5.0,12,9,0,1,3.9342105263157894,70.15785773500367
55577,2024-11-22 09:14:00,6,0.05,0,car,55.0,SPB,1,13,-0.2,17.28,6.2,4.0,11,9,1,4,2.452054794520548,67.56849461031925
940,2024-04-21 22:17:00,3,2.39,0,scooter,34.01084509779904,SPB,0,23,1.8,0.73,6.6,2.0,4,22,0,6,2.5441176470588234,58.41676972703563
82863,2025-05-12 11:03:00,4,11.12,0,car,55.0,Moscow,1,12,4.6,3.06,16.2,4.0,5,11,0,0,3.526315789473684,147.45531313807953
1649,2024-09-16 14:01:00,3,0.47,0,bike,31.870139968385395,SPB,1,11,21.9,4.42,9.0,3.0,9,14,0,0,2.5757575757575757,46.21293226680973
84368,2024-05-01 12:49:00,3,3.69,0,scooter,54.20006938556093,Kazan,0,29,12.3,4.42,1.7,2.0,5,12,0,2,2.140625,80.10658200452532
61825,2024-05-25 05:26:00,5,1.75,0,bike,35.5218365044405,Moscow,0,36,8.7,3.21,4.4,3.0,5,5,0,5,3.792207792207792,84.14264220760825
19714,2025-06-18 16:27:00,3,1.87,0,car,55.0,Moscow,0,25,19.4,3.89,14.4,4.0,6,16,0,2,3.858974358974359,65.83603624247506
44272,2024-07-19 20:04:00,4,1.88,0,car,55.0,Moscow,0,35,21.8,9.73,9.3,nan,7,20,0,4,3.923076923076923,11.912500003597778
26135,2024-11-14 16:32:00,5,5.68,0,scooter,39.262412605512424,Kazan,1,9,0.3,0.58,11.7,2.0,11,16,0,3,1.9206349206349207,71.1038364596325
18500,2024-08-11 20:44:00,1,1.27,0,scooter,45.159897613091154,SPB,1,7,16.7,3.25,5.3,2.0,8,20,0,6,2.5076923076923077,34.09126006729007
54219,2024-03-03 09:49:00,4,3.32,0,bike,32.99180766169915,SPB,1,6,0.2,2.5,15.9,3.0,3,9,0,6,2.375,65.26699463911334
21478,2024-01-28 17:14:00,1,7.78,0,bike,34.88035136798393,Moscow,1,6,-7.6,3.0,18.6,3.0,1,17,0,6,4.0,108.68963009082746
62053,2024-05-24 13:48:00,4,1.29,1,scooter,55.0,Kazan,1,8,16.2,0.56,14.7,2.0,5,13,0,4,1.878787878787879,19.73561375233058
91530,2024-11-19 03:00:00,4,3.71,0,car,55.0,Moscow,0,20,3.2,21.37,8.4,4.0,11,3,1,1,3.64,87.17756949130309
95389,2025-01-04 15:59:00,5,3.46,0,scooter,49.00620380326575,SPB,0,17,-11.7,1.85,5.3,2.0,1,15,0,5,2.373134328358209,64.81524252412062
22642,2025-06-14 14:03:00,3,3.42,0,bike,34.060510655019456,SPB,0,21,19.5,4.19,18.0,3.0,6,14,0,5,2.391304347826087,71.06241083297631
27348,2024-09-20 22:52:00,2,4.4,0,bike,42.40735828019987,Kazan,0,27,13.3,0.7,11.4,3.0,9,22,0,4,2.3015873015873014,82.66037458168807
931,2025-04-13 04:46:00,3,3.53,0,scooter,50.84117784067927,Kazan,0,18,0.8,3.3279799666110184,7.5,1.0,4,4,0,6,2.046153846153846,63.00308832966278
38112,2024-09-30 07:26:00,3,1.11,0,scooter,50.81018222286416,Moscow,1,6,8.7,13.48,14.0,4.0,9,7,1,0,3.9066666666666667,49.22240155709656
46820,2024-09-03 07:30:00,2,1.22,0,car,55.0,Moscow,1,11,13.9,1.38,5.7,4.0,9,7,0,1,3.8846153846153846,43.304619473279715
9050,2024-06-13 07:41:00,3,9.41,0,car,55.0,Kazan,0,32,25.1,0.33,9.8,2.0,6,7,0,3,2.1363636363636362,132.63585952567115
59153,2024-07-22 04:11:00,1,1.67,1,car,55.0,Moscow,1,14,15.4,1.06,11.2,4.0,7,4,0,0,4.116883116883117,34.968533616147425
12360,2024-01-29 15:46:00,3,2.66,0,car,55.0,Kazan,1,12,-4.7,5.45,0.8,2.0,1,15,0,0,2.1666666666666665,55.5202867342943
28665,2024-01-08 22:06:00,2,0.9,0,bike,40.142580832377945,SPB,0,26,-8.3,8.24,15.7,3.0,1,22,0,0,2.4057971014492754,68.35593350095519
4217,2024-07-14 12:40:00,3,3.05,0,car,55.0,SPB,1,5,22.1,26.27,13.4,2.0,7,12,1,6,2.2535211267605635,60.84010218378576
74309,2024-06-15 09:34:00,3,6.65,0,car,55.0,Kazan,0,19,24.8,9.42,8.3,1.0,6,9,0,5,2.1944444444444446,101.79933299437283
49151,2024-02-09 02:42:00,1,2.14,0,car,55.0,SPB,0,21,-24.3,7.07,19.0,4.0,2,2,0,4,2.380281690140845,56.03264273802601
97731,2024-09-22 22:59:00,3,5.27,0,bike,44.833362383592664,Kazan,0,35,7.8,0.54,18.0,1.0,9,22,0,6,2.264705882352941,96.60825569585374
95542,2024-08-11 13:17:00,4,5.59,0,car,55.0,Moscow,1,12,19.0,2.32,20.0,3.0,8,13,0,6,3.935064935064935,78.99658172015535
70908,2024-04-04 04:14:00,2,2.87,0,scooter,49.864212869682625,Kazan,1,5,4.2,7.03,12.4,2.0,4,4,0,3,2.044776119402985,46.30433721673705
64939,2024-02-15 10:36:00,2,2.22,0,scooter,38.31527511177083,Kazan,1,9,-25.6,2.01,22.1,2.0,2,10,0,3,2.126984126984127,45.48594114187955
77371,2024-10-11 23:02:00,4,2.55,0,scooter,40.65776334533052,SPB,0,26,10.7,8.04,4.4,3.0,10,23,0,4,2.515151515151515,79.48105223219224
35822,2024-05-08 18:38:00,2,6.73,0,car,55.0,Kazan,1,5,4.4,5.76,19.7,2.0,5,18,0,2,2.1538461538461537,84.56381583302138
35320,2025-05-28 20:40:00,3,4.53,0,car,55.0,Moscow,0,36,25.7,7.74,18.0,5.0,5,20,0,2,3.883116883116883,110.10473982121192
69346,2024-11-21 03:44:00,3,2.68,0,car,55.0,Moscow,1,5,6.4,1.03,9.9,5.0,11,3,0,3,3.779220779220779,50.472665283179026
2847,2024-09-11 22:44:00,4,6.7,0,scooter,50.19968924951003,Moscow,0,18,19.8,0.87,5.2,5.0,9,22,0,2,4.0,101.66966562960413
88143,2024-09-23 03:53:00,5,4.85,0,car,55.0,SPB,0,21,7.5,6.09,13.4,3.0,9,3,0,0,2.5652173913043477,87.94452744895446
4076,2024-08-28 13:21:00,3,0.84,0,car,55.0,Moscow,0,23,25.1,0.04,10.0,4.0,8,13,0,2,3.871794871794872,49.6433058794736
9105,2024-11-10 16:31:00,6,16.95,0,car,55.0,Moscow,0,21,3.4,15.8,12.7,3.0,11,16,1,6,3.32,212.14760450682186
15130,2024-10-17 06:10:00,3,4.62,1,bike,38.82921835200169,Moscow,1,11,-1.1,18.88,11.0,4.0,10,6,1,3,3.526315789473684,81.32884778606267
46017,2024-06-29 13:20:00,2,9.03,0,scooter,55.0,Moscow,0,16,28.0,0.67,15.3,4.0,6,13,0,5,3.9743589743589745,116.02449193637591
39021,2025-03-12 08:50:00,1,7.16,0,bike,38.07269195618679,Moscow,1,8,5.1,2.61,12.6,4.0,3,8,0,2,3.8493150684931505,106.4481558392466
15065,2025-01-23 09:49:00,3,1.01,0,scooter,55.0,Kazan,1,8,-12.8,0.82,16.5,3.0,1,9,0,3,1.859375,41.6020699718864
69161,2024-06-10 07:13:00,2,2.15,0,scooter,45.159897613091154,Kazan,0,24,20.6,2.89881917211329,4.6,2.0,6,7,0,0,2.03125,59.484934026161014
66584,2024-07-19 15:27:00,4,3.13,0,car,55.0,Moscow,0,21,24.5,9.73,9.3,nan,7,15,0,4,3.581081081081081,11.533881865160701
65108,2025-04-27 01:59:00,4,1.3,1,scooter,46.0651894724839,Kazan,1,8,3.5,5.84,9.828919141914193,2.0,4,1,0,6,1.8615384615384616,23.42712111530632
38906,2025-05-02 18:27:00,3,0.62,0,car,55.0,Moscow,0,28,7.7,0.18,17.0,4.0,5,18,0,4,3.8026315789473686,70.17064332797746
10303,2025-01-04 13:11:00,2,8.57,0,scooter,44.79372201513367,Kazan,0,27,-3.7,0.37,7.5,1.0,1,13,0,5,2.033333333333333,111.69219332763993
52312,2024-12-22 13:45:00,1,3.65,0,bike,35.76167786475204,SPB,0,16,1.6,2.45,13.8,2.0,12,13,0,6,2.5303030303030303,65.17202774724853
90911,2024-08-08 15:31:00,3,2.81,0,car,55.0,Kazan,1,13,23.9,2.5,2.5,3.0,8,15,0,3,2.0588235294117645,56.65319534618244
90585,2024-03-17 23:16:00,6,5.33,0,car,55.0,Kazan,1,7,-7.4,3.58,8.0,1.0,3,23,0,6,2.121212121212121,66.20574417820399
25808,2025-05-30 10:20:00,6,6.66,0,car,55.0,SPB,0,23,16.9,13.63,15.8,3.0,5,10,1,4,2.323943661971831,118.06066501158826
33198,2025-04-26 13:30:00,4,3.66,0,bike,37.106988143682905,Moscow,1,5,5.7,1.08,0.7,3.0,4,13,0,5,3.9743589743589745,55.668226967842585
83701,2024-07-17 04:56:00,2,4.19,0,car,55.0,Moscow,0,31,18.4,3.76,9.9,4.0,7,4,0,2,3.935064935064935,88.62046813283435
9712,2024-07-06 18:49:00,1,1.57,0,car,55.0,SPB,0,31,17.9,0.19,18.3,2.0,7,18,0,5,2.4027777777777777,63.22234800255497
34339,2024-09-05 16:29:00,2,1.13,0,car,55.0,Moscow,0,36,20.5,1.6,13.5,5.0,9,16,0,3,3.6363636363636362,75.7047253332867
39937,2024-09-30 19:37:00,5,3.01,0,car,55.0,Moscow,0,28,10.3,13.48,14.0,4.0,9,19,1,0,3.453333333333333,103.8910185419631
32275,2024-05-20 14:42:00,3,2.44,0,bike,42.8376824131858,SPB,0,16,17.7,2.97,10.3,4.0,5,14,0,0,2.5757575757575757,64.68511404206309
63870,2024-12-16 23:50:00,3,9.91,0,car,55.0,Kazan,0,27,-3.8,2.12,16.4,2.0,12,23,0,0,1.8870967741935485,133.89538788236158
90555,2025-05-27 10:42:00,4,5.82,0,scooter,48.34342395184287,Moscow,1,5,23.3,2.03,1.2,5.0,5,10,0,1,3.675324675324675,79.14253411140766
48169,2025-03-11 09:05:00,3,2.62,0,car,55.0,SPB,0,23,0.4,2.82,12.3,3.0,3,9,0,1,2.8142857142857145,75.20140751188293
87273,2024-12-08 14:23:00,3,5.01,0,bike,42.25170720017491,Moscow,1,5,-2.2,4.42,1.4,3.0,12,14,0,6,3.971830985915493,70.63648679772008
7241,2024-06-03 21:13:00,3,1.39,0,car,55.0,Moscow,1,11,19.2,11.21,15.0,4.0,6,21,1,0,3.8026315789473686,54.88006817091723
349,2024-05-19 16:50:00,4,4.17,0,bike,34.88035136798393,Moscow,1,12,19.1,12.34,1.4,3.0,5,16,1,6,3.32,84.88034137858578
44658,2024-11-12 06:02:00,1,1.2,0,bike,33.520197773802906,Moscow,1,8,-2.0,13.58,9.5,4.0,11,6,1,1,3.6973684210526314,58.21599854699396
7941,2024-11-19 18:31:00,3,2.33,0,scooter,55.0,SPB,1,13,1.1,1.24,14.3,4.0,11,18,0,1,2.4444444444444446,63.07178640339262
25469,2024-01-19 01:18:00,6,3.86,0,scooter,46.760053354253095,Moscow,1,5,-1.1,9.77,12.1,4.0,1,1,0,4,3.3421052631578947,66.97535722610499
92670,2025-01-12 02:30:00,3,2.65,0,car,55.0,Kazan,0,20,-1.1,2.59,17.8,1.0,1,2,0,6,1.9538461538461538,57.93709660289659
39367,2024-09-26 04:32:00,2,1.14,0,scooter,50.84117784067927,SPB,0,25,13.2,11.65,12.7,3.0,9,4,1,3,2.263888888888889,65.38943729930352
61654,2025-05-06 04:34:00,3,0.63,0,scooter,44.150599250049076,Moscow,0,15,2.6,2.08,18.8,5.0,5,4,0,1,3.8,51.86858798848939
77606,2024-06-03 20:51:00,3,2.52,0,bike,31.367687591946154,Moscow,0,38,20.7,11.21,15.0,4.0,6,20,1,0,3.779220779220779,106.34716201761736
89802,2025-05-09 10:18:00,1,1.99,0,car,55.0,Moscow,1,10,7.2,2.24,0.4,4.0,5,10,0,4,3.5714285714285716,48.89937030020424
89438,2024-05-31 13:23:00,3,0.38,0,bike,41.253268832294935,Moscow,0,18,28.3,2.23,13.7,4.0,5,13,0,4,3.935064935064935,54.05079825180982
93910,2024-10-17 16:57:00,2,4.23,0,car,55.0,Moscow,1,7,6.8,18.88,11.0,4.0,10,16,1,3,3.6363636363636362,76.32615134988923
19205,2025-02-12 00:02:00,2,2.77,0,car,55.0,Moscow,1,7,-7.1,6.27,11.7,5.0,2,0,0,2,3.871794871794872,57.85547935006411
40393,2024-10-21 06:30:00,2,8.7,0,car,55.0,Kazan,1,7,4.9,4.08,3.0,2.0,10,6,0,0,2.0142857142857142,95.75038683440579
12389,2025-02-27 00:29:00,3,0.93,0,car,55.0,Kazan,1,12,-2.0,2.91,20.6,3.0,2,0,0,3,2.287878787878788,43.97539510733368
29309,2024-12-03 20:21:00,5,3.25,0,car,55.0,Moscow,0,20,0.4,4.36,8.9,5.0,12,20,0,1,3.730769230769231,76.0651271883809
39366,2024-04-17 19:21:00,2,2.69,0,bike,41.76333005471556,SPB,0,16,0.0,15.92,17.3,3.0,4,19,1,2,2.1343283582089554,85.75480918472307
69337,2025-01-15 02:29:00,3,5.38,0,car,55.0,Kazan,0,32,-4.3,2.19,15.5,3.0,1,2,0,2,2.242424242424242,98.94742227349853
17029,2025-01-12 08:30:00,4,2.87,0,scooter,42.827475829915414,SPB,1,5,-3.0,7.75,17.7,3.0,1,8,0,6,2.323529411764706,61.11718530518172
8497,2024-12-03 20:54:00,2,3.97,0,car,55.0,Moscow,0,37,0.4,4.36,8.9,5.0,12,20,0,1,3.730769230769231,97.05855243762215
16347,2024-07-21 20:06:00,2,5.61,0,car,55.0,Moscow,0,33,21.1,6.59,18.1,3.0,7,20,0,6,4.0131578947368425,103.52494177015319
65604,2024-01-17 13:43:00,2,5.05,0,scooter,42.921171489570995,SPB,1,11,-10.1,2.66,8.8,3.0,1,13,0,2,2.426470588235294,72.4280980898334
60731,2024-03-19 18:39:00,3,4.57,0,car,55.0,Kazan,0,34,-3.0,3.1018135922330097,17.3,3.0,3,18,0,1,1.9661016949152543,101.93792911439189
27568,2024-12-22 23:24:00,2,1.19,0,car,55.0,Kazan,0,18,0.9,8.06,15.9,1.0,12,23,0,6,2.121212121212121,50.00616630434901
66435,2024-06-23 17:57:00,2,4.89,0,car,55.0,SPB,1,5,19.3,1.67,14.2,2.0,6,17,0,6,2.1538461538461537,64.53654584716665
68753,2024-08-18 22:49:00,1,3.03,0,bike,30.58051523310684,Moscow,0,35,19.3,3.58,1.3,4.0,8,22,0,6,3.5921052631578947,84.74764453841969
4948,2024-05-14 14:58:00,2,2.98,0,car,55.0,Kazan,0,39,7.6,2.31,8.1,2.0,5,14,0,1,2.123076923076923,82.49828723982142
98245,2024-12-26 14:01:00,3,6.01,0,scooter,53.90710727799128,Moscow,0,30,0.5,2.63,23.6,5.0,12,14,0,3,3.7222222222222223,113.53350455844702
97185,2024-11-23 03:34:00,3,5.52,0,bike,30.997625676503116,Moscow,0,31,0.3,2.94,20.6,3.0,11,3,0,5,4.04,110.06697301361244
38766,2024-04-29 17:06:00,4,5.45,0,scooter,43.02736698811714,SPB,0,21,20.8,2.29,5.4,4.0,4,17,0,0,2.5625,104.65844079084964
13807,2024-12-17 17:15:00,6,0.51,0,car,55.0,Moscow,0,18,-1.0,2.55,22.6,4.0,12,17,0,1,3.4266666666666667,64.60386421307322
27882,2025-02-10 08:10:00,2,3.06,1,bike,33.503041454143556,Kazan,1,9,-7.7,4.725955400087451,23.9,3.0,2,8,0,0,2.189655172413793,51.52753631220176
86525,2024-06-22 12:51:00,6,2.37,0,car,55.0,Moscow,0,20,20.2,0.3,6.1,3.0,6,12,0,5,4.012987012987013,60.26495651853398
71462,2025-03-28 02:04:00,3,0.4,0,scooter,40.78423204435535,Moscow,0,16,3.3,1.08,10.4,4.0,3,2,0,4,3.8552631578947367,45.906943601046095
963,2025-05-13 09:24:00,3,1.74,0,car,55.0,SPB,0,16,9.8,2.24,4.6,3.0,5,9,0,1,2.8142857142857145,59.81746534562423
29043,2024-11-10 22:52:00,1,0.11,0,car,55.0,Kazan,0,35,-3.5,2.75,3.2,2.0,11,22,0,6,2.264705882352941,56.954435721370274
12740,2025-05-22 11:21:00,3,0.99,0,car,55.0,SPB,0,29,12.2,8.26,14.9,3.0,5,11,0,3,2.619047619047619,68.90794825994136
28914,2024-04-15 09:25:00,1,4.33,0,bike,39.99621866158171,Moscow,0,25,8.2,2.39,12.7,5.0,4,9,0,0,3.776315789473684,101.53378522917241
72265,2024-03-22 17:31:00,3,5.08,0,car,55.0,Moscow,1,11,3.9,1.82,5.1,4.0,3,17,0,4,3.9473684210526314,86.22194264046594
19186,2024-03-15 10:15:00,3,2.56,0,car,55.0,SPB,1,13,5.9,14.66,5.0,3.0,3,10,1,4,2.323943661971831,65.0418507356768
72253,2025-04-19 08:32:00,4,0.96,0,car,55.0,Moscow,0,16,15.0,2.27,12.8,3.0,4,8,0,5,3.527027027027027,57.56252191058863
94917,2024-06-02 21:23:00,1,3.69,0,scooter,39.047551890965785,Kazan,0,32,22.0,4.65,4.7,1.0,6,21,0,6,2.1311475409836067,77.49671016500677
30952,2024-05-28 07:05:00,7,3.66,0,car,55.0,SPB,0,23,18.2,4.15,2.0,4.0,5,7,0,1,2.6285714285714286,83.07598695212658
26207,2024-03-13 14:21:00,2,0.32,0,car,55.0,SPB,0,37,6.7,1.04,9.8,4.0,3,14,0,2,2.5652173913043477,67.21222803542122
25115,2024-08-26 18:46:00,4,4.35,0,car,55.0,Moscow,0,39,26.5,2.74,19.3,5.0,8,18,0,0,3.8026315789473686,122.69286638790726
26972,2024-06-14 22:00:00,3,2.95,0,car,55.0,Moscow,0,16,17.5,2.24,3.0,4.0,6,22,0,4,3.9466666666666668,63.629528816663736
18017,2024-12-25 03:45:00,1,2.2,0,scooter,40.06698260588018,Kazan,1,14,-13.7,7.12,8.0,2.0,12,3,0,2,2.2295081967213113,53.09167599043226
38502,2024-08-19 23:54:00,4,6.45,0,car,55.0,Kazan,0,37,15.7,1.79,19.8,2.0,8,23,0,0,1.8870967741935485,114.3264982653029
43760,2025-05-12 04:57:00,2,3.25,0,car,55.0,SPB,0,31,3.8,1.74,12.6,nan,5,4,0,0,2.6,11.912896308436295
82258,2024-01-07 09:15:00,5,0.49,0,scooter,54.257799958411795,Moscow,0,17,-27.4,5.720882520402354,14.7,4.0,1,9,0,6,3.8133333333333335,39.49309663015943
67453,2024-09-27 01:44:00,3,2.72,0,car,55.0,SPB,1,11,14.0,9.93,2.1,4.0,9,1,0,4,2.338235294117647,62.965403111757084
72824,2024-03-29 19:42:00,2,0.91,0,car,55.0,Moscow,0,16,4.4,9.81,11.5,4.0,3,19,0,4,4.026315789473684,67.81104795451265
82207,2024-05-17 06:40:00,2,7.58,0,car,55.0,Moscow,0,36,11.1,3.17,0.0,4.0,5,6,0,4,3.831168831168831,125.38772481993351
29826,2025-06-29 14:46:00,1,6.28,0,bike,30.444795647135667,Kazan,0,37,19.0,0.57,5.4,1.0,6,14,0,6,2.0,103.58925389502113
58654,2024-07-19 01:34:00,3,2.75,0,car,55.0,SPB,0,20,16.0,9.91,9.4,4.0,7,1,0,4,2.338235294117647,73.46876210228334
90023,2025-03-07 01:42:00,5,3.16,0,car,55.0,SPB,0,20,4.1,1.64,18.9,3.0,3,1,0,4,2.338235294117647,69.22145299479872
73602,2025-01-03 15:35:00,2,3.49,0,scooter,52.32152702875614,Moscow,1,6,-4.7,4.32,23.0,5.0,1,15,0,4,3.581081081081081,52.060642893535004
52249,2024-09-20 09:24:00,1,0.99,0,bike,38.3374319784028,Kazan,0,24,13.7,0.7,11.4,3.0,9,9,0,4,1.8636363636363635,56.365737177622584
82163,2025-06-03 03:00:00,3,0.75,0,car,55.0,Kazan,0,35,12.2,8.35,9.5,3.0,6,3,0,1,2.3833333333333333,74.61522266565383
78860,2024-03-01 21:11:00,5,3.8,0,car,55.0,SPB,1,14,-3.8,10.26,1.5,3.0,3,21,0,4,2.5217391304347827,73.28479903161298
1918,2024-01-15 12:07:00,2,1.95,0,bike,40.142580832377945,SPB,0,20,-9.8,2.79,15.5,4.0,1,12,0,0,2.5,62.781632582747285
68571,2025-06-22 12:37:00,2,1.71,0,bike,36.82146628990283,SPB,0,29,15.0,2.4,4.4,2.0,6,12,0,6,2.2535211267605635,64.33106078707027
29093,2024-02-27 04:39:00,3,2.23,0,car,55.0,SPB,0,15,1.4,1.96,22.0,3.0,2,4,0,1,2.292307692307692,58.233230736731855
601,2024-07-21 18:23:00,2,3.19,0,scooter,39.091298449230436,Kazan,0,34,20.0,9.49,12.7,2.0,7,18,0,6,2.142857142857143,93.418089354368
55580,2024-08-25 07:42:00,2,3.23,0,bike,35.577876365522755,SPB,0,32,13.5,4.94,0.9,3.0,8,7,0,6,2.3823529411764706,84.19578668582102
67193,2024-04-04 10:38:00,2,2.45,0,car,55.0,SPB,0,32,-2.4,8.8,0.6,3.0,4,10,0,3,2.1449275362318843,80.62053283646523
27565,2024-01-17 03:23:00,1,3.03,0,bike,41.76333005471556,Moscow,0,15,-6.4,4.21,15.7,4.0,1,3,0,2,3.8552631578947367,67.49099399204198
75423,2025-01-20 06:13:00,1,4.53,0,scooter,34.01084509779904,Moscow,1,5,1.2,6.7,0.2,4.0,1,6,0,0,3.8133333333333335,68.2036621547631
81858,2024-12-10 21:52:00,2,0.94,0,bike,35.574343203740504,Moscow,1,8,-5.5,4.9317880794701985,20.9,5.0,12,21,0,1,3.5789473684210527,48.81617896290574
92320,2024-03-31 11:06:00,4,3.85,0,scooter,44.50215595557376,Kazan,0,17,2.6,0.79,17.9,2.0,3,11,0,6,1.953125,66.0245967419153
87358,2024-02-23 05:42:00,1,3.24,0,bike,40.89902689179051,Kazan,0,39,-17.1,4.26,2.1,2.0,2,5,0,4,2.066666666666667,87.74619590691223
71825,2024-06-24 13:52:00,5,5.81,0,car,55.0,Moscow,0,39,20.1,0.1,9.6,5.0,6,13,0,0,3.896103896103896,119.31732343949854
25237,2025-04-04 06:13:00,1,3.99,0,bike,36.673060427125655,Moscow,1,13,3.6,2.4,15.8,5.0,4,6,0,4,3.831168831168831,73.37400567412813
52386,2025-01-30 13:07:00,3,4.3,0,scooter,49.864212869682625,SPB,1,5,4.2,3.04,17.5,3.0,1,13,0,3,2.4571428571428573,61.09104474122468
34814,2025-05-13 11:50:00,3,2.76,0,scooter,39.047551890965785,Moscow,0,35,7.5,0.26,7.7,5.0,5,11,0,1,3.831168831168831,85.94612228832288
15826,2024-11-15 19:27:00,5,4.58,0,scooter,46.0651894724839,SPB,1,5,4.8,1.57,10.9,4.0,11,19,0,4,2.315068493150685,73.23195375985823
2688,2024-06-06 06:18:00,1,1.16,0,scooter,40.06698260588018,Moscow,1,12,17.8,12.39,9.4,5.0,6,6,1,3,3.526315789473684,57.04177808722878
59353,2025-03-19 22:04:00,3,5.43,0,bike,45.195252478472824,Moscow,0,22,1.8,0.92,14.1,4.0,3,22,0,2,4.0,91.61701932063505
61539,2024-10-19 08:31:00,2,0.51,0,bike,37.969623408900276,SPB,1,9,2.5,1.66,6.8,2.0,10,8,0,5,2.4285714285714284,40.50734498530187
71567,2024-04-17 04:41:00,1,8.54,0,car,55.0,Moscow,0,28,7.6,5.44,11.9,5.0,4,4,0,2,3.935064935064935,127.21729500018387
3749,2024-06-07 20:11:00,1,2.6,1,car,55.0,Kazan,0,30,21.4,1.01,10.9,2.0,6,20,0,4,2.098360655737705,50.9351274068173
8752,2025-02-25 04:11:00,2,6.28,0,car,55.0,SPB,1,11,-2.7,6.63,0.8,3.0,2,4,0,1,2.292307692307692,86.83700722339435
38017,2024-05-17 13:16:00,3,9.59,0,car,55.0,Moscow,1,12,19.4,3.17,0.0,4.0,5,13,0,4,3.935064935064935,123.08506104392198
20117,2025-02-24 11:09:00,1,1.29,0,bike,40.879308302895126,Kazan,0,37,-7.7,6.85,20.4,3.0,2,11,0,0,2.0163934426229506,76.26024054714497
82799,2025-06-28 02:19:00,4,1.16,1,car,55.0,Moscow,0,16,11.9,5.4,2.4,3.0,6,2,0,5,3.779220779220779,33.60489559079349
42981,2024-06-18 18:18:00,4,5.43,0,car,55.0,Kazan,0,29,25.3,0.92,2.7,2.0,6,18,0,1,1.9661016949152543,101.62858901971035
57404,2025-06-09 04:49:00,3,4.42,0,car,55.0,Moscow,1,9,18.0,1.3,13.1,5.0,6,4,0,0,4.116883116883117,68.5917534232962
95248,2025-06-11 04:10:00,2,8.36,0,car,55.0,Moscow,1,5,11.0,2.2,10.1,4.0,6,4,0,2,3.935064935064935,98.55215464889525
83403,2024-04-28 15:07:00,4,1.89,0,car,55.0,Moscow,0,16,14.6,0.97,8.6,3.0,4,15,0,6,3.8157894736842106,50.99829254869698
80941,2024-02-19 07:27:00,5,1.75,0,car,55.0,Moscow,0,16,-9.5,8.2,15.6,5.0,2,7,0,0,3.9066666666666667,67.51407331541857
92964,2024-03-19 19:00:00,6,1.32,0,car,55.0,Kazan,1,9,-4.0,3.1018135922330097,17.3,3.0,3,19,0,1,2.081967213114754,50.94975564604141
16235,2024-12-28 14:07:00,3,9.29,0,car,55.0,Kazan,0,29,-3.4,1.79,15.5,1.0,12,14,0,5,2.1176470588235294,129.25071951942618
56226,2024-11-23 05:43:00,2,1.65,1,car,55.0,SPB,1,8,-1.2,4.56,1.4,2.0,11,5,0,5,2.7,28.034587723071922
3421,2024-07-08 05:22:00,3,4.35,0,car,55.0,Moscow,0,25,14.7,2.04,8.2,4.0,7,5,0,0,4.116883116883117,83.02977191838099
62949,2025-03-30 17:23:00,4,14.57,0,car,55.0,Kazan,1,9,10.7,2.15,1.6,1.0,3,17,0,6,2.1,183.52393313610634
73389,2025-01-30 12:00:00,4,3.73,1,scooter,47.978038395195696,Moscow,0,39,5.3,3.88,10.2,5.0,1,12,0,3,3.6842105263157894,94.81041497281755
5593,2024-05-06 09:11:00,5,11.45,0,bike,33.19299505524494,Moscow,1,9,6.7,2.04,0.3,5.0,5,9,0,0,3.776315789473684,167.5811481835632
43759,2025-03-01 03:53:00,2,5.4,0,scooter,55.0,Kazan,1,12,-5.1,4.15,15.4,2.0,3,3,0,5,1.9661016949152543,73.80457509441929
97169,2024-06-21 19:59:00,4,2.53,0,car,55.0,Kazan,0,24,21.8,0.07,13.8,2.0,6,19,0,4,1.9855072463768115,65.0508661733339
79066,2025-03-21 16:58:00,5,5.61,0,car,55.0,SPB,0,16,4.1,1.56,0.7,3.0,3,16,0,4,2.4927536231884058,85.62610462838177
10932,2024-03-24 06:01:00,3,3.05,0,car,55.0,Moscow,1,9,-0.2,0.78,12.4,4.0,3,6,0,6,3.736842105263158,53.199176878126536
36089,2024-08-26 11:37:00,3,1.06,0,car,55.0,SPB,1,5,19.4,14.31,16.6,3.0,8,11,1,0,2.4927536231884058,45.320296040642404
53036,2025-03-15 22:47:00,1,4.64,0,car,55.0,Moscow,0,37,-0.9,0.27,9.7,3.0,3,22,0,5,4.0,86.53546763003239
72054,2024-01-05 11:54:00,1,3.35,0,car,55.0,SPB,0,35,-25.8,1.45,22.8,4.0,1,11,0,4,2.514705882352941,87.51430862012748
16226,2024-08-25 02:03:00,3,1.55,0,car,55.0,Moscow,0,30,15.9,8.11,0.0,3.0,8,2,0,6,4.184210526315789,72.26542629286566
8800,2024-01-09 03:49:00,4,1.04,0,bike,35.369149670627664,Kazan,1,7,-18.2,3.1,16.8,2.0,1,3,0,1,2.3833333333333333,38.936221320817126
59300,2025-05-02 15:48:00,2,6.87,0,car,55.0,Moscow,1,13,6.5,0.18,17.0,4.0,5,15,0,4,3.581081081081081,91.79001564301525
34554,2024-09-12 00:04:00,2,1.64,0,car,55.0,Moscow,0,35,19.0,2.4,12.3,4.0,9,0,0,3,4.571428571428571,72.84045553121354
25560,2025-03-14 10:02:00,3,6.0,0,car,55.0,SPB,1,11,-2.7,1.01,5.1,3.0,3,10,0,4,2.323943661971831,78.35669212683986
38159,2025-04-06 02:49:00,2,1.84,0,car,55.0,SPB,1,7,-2.8,5.84,4.9,2.0,4,2,0,6,2.6056338028169015,41.089992534724885
55432,2025-06-06 10:32:00,2,5.57,0,scooter,44.50215595557376,SPB,1,8,16.8,8.29,7.7,3.0,6,10,0,4,2.323943661971831,80.6574917531649
39776,2024-12-22 07:34:00,4,4.77,0,scooter,39.091298449230436,Moscow,1,9,-4.5,6.87,23.6,3.0,12,7,0,6,4.065789473684211,61.58130184679266
53381,2025-02-13 19:22:00,2,2.26,0,car,55.0,SPB,0,21,-4.1,14.19,0.8,nan,2,19,1,3,2.2941176470588234,10.918698654726136
50920,2024-05-17 05:14:00,6,2.71,0,car,55.0,Kazan,1,7,9.9,2.43,6.9,2.0,5,5,0,4,2.066666666666667,46.908045589730655
57131,2025-05-10 11:40:00,4,5.35,0,bike,31.893950723490853,SPB,0,16,8.1,0.04,15.7,2.0,5,11,0,5,2.4507042253521125,78.92958413553168
33507,2025-02-16 10:17:00,8,5.08,0,car,55.0,SPB,0,26,-9.9,11.85,20.4,2.0,2,10,1,6,2.2465753424657535,104.46941744163543
85779,2025-04-16 04:10:00,2,0.24,0,car,55.0,SPB,0,20,3.0,7.26,2.4,3.0,4,4,0,2,2.357142857142857,48.91008150056197
58559,2024-02-21 09:35:00,4,10.6,1,car,55.0,SPB,0,16,-5.9,1.52,4.1,3.0,2,9,0,2,2.5294117647058822,130.22093821243732
38176,2025-01-09 17:18:00,3,5.13,0,car,55.0,Moscow,0,23,-0.6,2.02,3.2,4.0,1,17,0,3,4.012820512820513,99.96793760875877
87110,2024-12-24 12:40:00,2,5.48,0,car,55.0,Kazan,1,11,-11.2,6.35,11.0,3.0,12,12,0,1,2.0793650793650795,78.92093619412341
79053,2025-05-28 02:42:00,3,5.88,0,bike,37.22409459253831,Moscow,1,12,19.6,7.74,18.0,5.0,5,2,0,2,3.8666666666666667,99.25530425035463
3873,2024-06-17 19:00:00,6,3.52,0,bike,41.219692330682875,Moscow,0,15,19.8,4.48,11.5,4.0,6,19,0,0,3.453333333333333,88.4362805411809
30450,2024-09-12 22:09:00,2,9.71,0,scooter,45.651242794209146,SPB,1,5,17.6,6.4,10.3,4.0,9,22,0,3,2.4558823529411766,118.09049639710001
48409,2024-01-11 15:12:00,2,2.56,0,car,55.0,SPB,0,31,-8.2,11.04,15.8,4.0,1,15,1,3,2.6865671641791047,83.29431080061121
54050,2024-02-26 22:49:00,3,3.3,0,scooter,52.991687044958624,Moscow,1,12,-6.0,12.45,10.2,4.0,2,22,1,0,3.4473684210526314,68.54703374475221
27422,2025-05-23 12:37:00,2,1.09,0,car,55.0,Moscow,0,28,23.8,0.62,0.9,4.0,5,12,0,4,3.74025974025974,59.650270182769205
90595,2025-01-02 21:02:00,2,2.5,0,bike,39.53406196193262,SPB,0,35,-4.5,2.17,4.5,3.0,1,21,0,3,2.2916666666666665,80.00983450390585
40969,2024-06-20 20:07:00,2,3.05,0,car,55.0,Moscow,0,36,14.6,8.88,3.0,4.0,6,20,0,3,3.688311688311688,92.73250605055532
93445,2024-02-27 22:20:00,2,0.76,0,scooter,42.921171489570995,Kazan,0,33,-10.3,11.15,18.1,2.0,2,22,1,1,2.2459016393442623,66.62493488937349
71211,2024-01-22 17:27:00,1,4.47,0,car,55.0,SPB,0,33,-3.7,7.16,2.3,4.0,1,17,0,0,2.5625,105.8503081445887
61082,2025-06-04 02:45:00,4,4.41,0,car,55.0,SPB,1,8,10.8,0.71,0.4,3.0,6,2,0,2,2.272727272727273,60.010838493795134
68452,2024-02-26 21:27:00,4,8.81,0,car,55.0,Moscow,0,16,-5.4,12.45,10.2,4.0,2,21,1,0,3.8026315789473686,126.17199378638682
11804,2025-03-13 04:42:00,6,1.17,1,car,55.0,Moscow,0,36,5.5,1.63,7.1,4.0,3,4,0,3,3.736842105263158,68.77386577879258
5229,2024-05-22 23:24:00,2,3.26,0,bike,37.22409459253831,Kazan,0,32,7.6,3.99,3.1,3.0,5,23,0,2,2.1129032258064515,85.52817032166449
1492,2025-06-20 01:47:00,2,4.6,0,scooter,44.79372201513367,SPB,1,6,13.7,3.19,8.7,3.0,6,1,0,4,2.338235294117647,62.46571316973343
61964,2025-03-28 09:25:00,5,3.34,0,car,48.016477908776224,Moscow,1,9,5.4,1.08,10.4,4.0,3,9,0,4,3.858974358974359,68.50161569121755
13042,2025-06-23 11:22:00,1,4.6,0,car,55.0,SPB,0,29,17.4,5.4,16.1,3.0,6,11,0,0,2.4927536231884058,84.16738880464369
95735,2024-02-22 20:39:00,2,2.52,0,car,55.0,Moscow,0,35,-4.0,3.43,9.6,4.0,2,20,0,3,3.688311688311688,80.135386060736
55089,2025-01-02 18:02:00,2,0.83,0,car,55.0,Kazan,0,37,2.0,1.31,4.4,2.0,1,18,0,3,2.09375,68.64137002677528
73234,2025-05-02 12:49:00,2,1.54,0,scooter,52.991687044958624,SPB,0,32,10.4,19.11,5.9,3.0,5,12,1,4,2.3768115942028984,80.79373261271152
82350,2025-03-04 22:57:00,2,0.93,0,scooter,55.0,Kazan,1,12,-2.5,3.19,3.7,2.0,3,22,0,1,2.2459016393442623,39.316852769250815
52636,2024-03-29 06:52:00,4,2.42,0,car,55.0,Moscow,0,27,2.0,9.81,11.5,4.0,3,6,0,4,3.831168831168831,82.97478666645351
87560,2025-05-22 08:40:00,3,2.41,0,car,55.0,SPB,1,5,9.9,8.26,14.9,3.0,5,8,0,3,2.3676470588235294,58.68683918279977
25713,2025-01-09 12:46:00,5,3.53,0,car,55.0,SPB,1,11,0.5,1.34,16.8,3.0,1,12,0,3,2.208955223880597,59.27300719376558
42343,2024-12-19 15:41:00,4,0.61,0,bike,35.369149670627664,Kazan,1,12,-5.2,1.95,23.4,3.0,12,15,0,3,2.0588235294117645,43.97268530586999
4026,2024-10-14 23:48:00,2,11.33,0,bike,36.847051198698445,Kazan,0,35,2.0,4.13,7.0,nan,10,23,0,0,1.8870967741935485,27.68000299189989
81530,2025-05-10 00:10:00,2,4.07,0,bike,42.191249465282176,SPB,0,24,3.5,0.04,15.7,2.0,5,0,0,5,2.4571428571428573,69.5925630762327
19443,2025-02-21 03:02:00,2,1.27,0,scooter,55.0,Moscow,0,27,-9.4,4.43,21.2,4.0,2,3,0,4,3.8666666666666667,62.183858099210994
12007,2024-01-27 12:30:00,4,1.79,0,car,55.0,Kazan,1,8,-8.7,3.23,2.9,1.0,1,12,0,5,2.1875,37.588897510556336
56716,2024-03-30 16:40:00,5,4.96,0,car,55.0,SPB,0,29,6.7,21.67,18.6,2.0,3,16,1,5,2.4393939393939394,110.58382250083767
43651,2024-02-24 16:08:00,1,3.68,0,car,51.43065228264467,Moscow,0,30,0.9,5.17,7.2,3.0,2,16,0,5,4.0394736842105265,80.47240760856153
31968,2024-12-20 14:22:00,1,0.65,0,car,55.0,Kazan,1,9,-9.1,2.6,15.7,2.0,12,14,0,4,2.014705882352941,32.4069404193421
17822,2025-02-17 02:16:00,4,4.29,0,car,55.0,SPB,0,21,-10.9,1.74,23.4,3.0,2,2,0,0,2.418918918918919,78.11618932627763
57269,2024-11-29 20:42:00,4,6.43,0,car,55.0,Moscow,1,6,-1.1,5.43,19.1,4.0,11,20,0,4,3.923076923076923,83.2321033466375
862,2025-05-07 15:08:00,6,3.82,0,car,55.0,Kazan,1,7,12.3,2.2,3.1,2.0,5,15,0,2,1.8870967741935485,54.30990862547817
13378,2024-08-30 01:58:00,3,2.18,0,car,55.0,Kazan,0,37,14.1,1.01,2.2,3.0,8,1,0,4,2.3846153846153846,75.79945379926706
59290,2024-03-27 17:10:00,2,7.62,0,scooter,49.864212869682625,Moscow,0,38,6.5,2.85,13.7,nan,3,17,0,2,4.012820512820513,12.363481366597469
14998,2024-11-29 08:42:00,1,5.89,0,car,55.0,Kazan,1,6,-2.7,0.68,14.7,2.0,11,8,0,4,2.2285714285714286,71.07764639183348
57993,2024-08-12 19:22:00,5,10.79,0,bike,41.76333005471556,SPB,0,28,17.2,6.45,14.0,4.0,8,19,0,0,2.585714285714286,178.63509241038344
39876,2024-07-01 23:24:00,2,1.37,0,scooter,52.378878477670696,Kazan,1,12,19.8,0.34,0.3,3.0,7,23,0,0,1.8870967741935485,37.86578302778151
7539,2024-12-28 19:00:00,5,3.96,0,car,55.0,Moscow,1,5,-1.0,2.83,4.0,3.0,12,19,0,5,3.6486486486486487,65.75861715904423
49296,2024-01-16 05:08:00,1,4.94,0,car,55.0,Moscow,0,30,-3.2,2.09,19.5,5.0,1,5,0,1,3.6842105263157894,95.28026358556102
4462,2024-03-24 20:40:00,2,3.3,0,car,55.0,Moscow,1,7,3.5,0.78,12.4,4.0,3,20,0,6,4.0131578947368425,51.72814811602994
39094,2024-09-20 16:09:00,4,3.0,0,car,55.0,Moscow,1,9,20.4,0.6,7.3,4.0,9,16,0,4,3.782051282051282,53.32452360936584
35621,2024-08-16 22:32:00,2,11.51,0,car,55.0,Moscow,1,14,16.2,5.23,20.0,4.0,8,22,0,4,3.9466666666666668,145.71633381881583
34263,2024-02-27 10:29:00,3,1.17,0,bike,34.060510655019456,Kazan,0,24,-9.4,11.15,18.1,2.0,2,10,1,1,2.234375,69.10503945184988
11462,2024-04-16 22:59:00,2,2.0,0,car,55.0,Moscow,0,38,7.5,2.62,3.1,4.0,4,22,0,1,3.8684210526315788,79.07548990130161
71961,2025-03-22 03:44:00,3,4.78,0,car,55.0,Moscow,1,5,1.4,1.0,2.2,3.0,3,3,0,5,4.04,59.53238521171069
7309,2024-01-26 00:51:00,3,3.66,0,scooter,48.70580908301911,Moscow,0,23,-2.6,9.2,2.0,4.0,1,0,0,4,3.5064935064935066,83.87579563323182
18359,2025-01-02 22:24:00,2,2.64,0,scooter,41.544742159650916,Moscow,0,38,1.7,1.92,6.1,4.0,1,22,0,3,3.5789473684210527,83.10975530687259
74461,2024-09-04 18:06:00,3,4.29,0,car,55.0,Moscow,0,17,19.3,0.55,12.7,5.0,9,18,0,2,3.6623376623376624,88.07416899924623
68209,2025-02-16 04:30:00,3,1.88,0,bike,33.503041454143556,Kazan,0,27,-11.8,0.03,5.5,1.0,2,4,0,6,2.046153846153846,57.89767690576563
39768,2024-07-04 05:09:00,2,0.85,0,car,55.0,Kazan,0,19,23.8,0.48,13.9,2.0,7,5,0,3,2.074626865671642,40.6794750937665
19337,2024-02-01 17:12:00,5,2.92,0,scooter,44.150599250049076,Moscow,0,17,0.6,2.1,0.8,5.0,2,17,0,3,4.012820512820513,85.10400117309355
31964,2025-02-21 15:02:00,1,7.02,0,scooter,49.86328877279848,Moscow,0,18,-3.9,4.43,21.2,4.0,2,15,0,4,3.581081081081081,100.59876741688768
90504,2024-04-13 13:53:00,2,1.65,0,car,55.0,SPB,0,29,13.1,1.35,5.2,2.0,4,13,0,5,2.380281690140845,58.01781225142061
77693,2024-12-17 14:50:00,4,2.36,1,scooter,46.44984473997541,SPB,1,10,-9.7,6.58,17.3,3.0,12,14,0,1,2.608695652173913,41.874971742216154
3319,2025-01-06 00:59:00,4,4.45,0,car,55.0,Moscow,1,8,-5.6,1.77,3.4,4.0,1,0,0,0,3.727272727272727,65.17447200367081
1928,2024-06-30 02:24:00,2,13.64,0,bike,40.52713657796784,Kazan,0,27,12.3,0.76,4.2,2.0,6,2,0,6,1.9538461538461538,168.57339032396757
82818,2024-02-24 18:41:00,2,1.0,0,bike,36.847051198698445,Moscow,1,7,0.9,5.17,7.2,3.0,2,18,0,5,3.8701298701298703,51.61643963477421
52693,2025-01-25 16:00:00,2,2.57,0,car,55.0,SPB,1,7,1.7,2.32,1.4,3.0,1,16,0,5,2.4393939393939394,47.189639910210026
4847,2025-06-12 16:14:00,2,4.27,1,car,55.0,Kazan,0,19,24.3,0.57,10.8,2.0,6,16,0,3,1.9206349206349207,54.130394848209335
75417,2024-04-14 09:59:00,3,2.48,0,bike,36.673060427125655,Moscow,0,25,9.2,10.69,17.5,nan,4,9,0,6,3.8133333333333335,13.97306284622939
27120,2024-12-19 02:19:00,7,3.58,0,scooter,49.86328877279848,Moscow,1,6,-12.5,6.56,20.5,nan,12,2,0,3,3.7466666666666666,1.4672626007210567
65173,2025-02-05 05:17:00,5,0.78,0,car,55.0,SPB,0,16,-13.9,11.5,12.6,3.0,2,5,1,2,2.417910447761194,56.36317579991885
5948,2024-12-27 14:05:00,4,6.23,0,car,55.0,Kazan,0,37,-0.4,3.2,14.2,2.0,12,14,0,4,2.014705882352941,113.83792561126816
9820,2024-12-20 02:57:00,3,3.71,0,car,55.0,Moscow,1,13,-1.3,7.49,11.0,5.0,12,2,0,4,3.8552631578947367,74.27924422261984
72467,2024-10-04 07:16:00,3,6.04,0,car,55.0,Kazan,0,22,7.1,0.45,10.3,2.0,10,7,0,4,2.391304347826087,86.17705732231975
54363,2024-08-23 03:24:00,3,3.37,1,scooter,46.44984473997541,Moscow,1,10,16.5,2.75,17.4,5.0,8,3,0,4,3.8666666666666667,51.17761936165405
44115,2024-12-21 13:00:00,2,1.08,0,bike,40.32854369446495,Moscow,0,25,0.7,2.61,22.6,3.0,12,13,0,5,3.9743589743589745,64.42001498741892
43131,2025-02-20 04:05:00,5,2.78,0,bike,37.21804023678132,Moscow,0,30,-10.6,9.56,22.1,4.0,2,4,0,3,3.736842105263158,91.25173793026903
33695,2025-01-31 10:48:00,1,7.41,1,car,55.0,Kazan,1,5,1.4,4.69,9.5,2.0,1,10,0,4,2.1449275362318843,73.73629144418635
52476,2024-01-09 04:48:00,2,5.33,0,car,55.0,Moscow,1,8,-10.1,3.73,10.6,5.0,1,4,0,1,3.8,77.51532339796248
26468,2024-12-28 21:31:00,2,7.79,0,scooter,55.0,Moscow,0,18,-0.8,2.83,4.0,3.0,12,21,0,5,3.9864864864864864,107.8111238773634
60285,2024-10-04 13:02:00,3,1.56,0,car,55.0,Moscow,0,38,11.3,4.9,2.9,4.0,10,13,0,4,3.935064935064935,79.18801849906791
5957,2024-01-22 02:41:00,2,6.19,0,car,55.0,Moscow,0,26,-11.6,3.96,16.3,5.0,1,2,0,0,3.7837837837837838,105.33974362955425
39980,2024-09-24 04:02:00,1,1.78,0,car,54.680479951338505,Moscow,0,37,3.6,1.06,18.7,4.0,9,4,0,1,3.8,72.25943387470328
33354,2024-07-31 17:24:00,2,8.25,0,car,55.0,SPB,0,20,19.5,7.31,14.6,3.0,7,17,0,2,2.7222222222222223,126.25782338754308
75561,2025-06-25 09:11:00,4,1.13,0,bike,39.53406196193262,SPB,1,12,13.5,1.19,15.6,3.0,6,9,0,2,2.5294117647058822,52.86099477369164
20435,2024-11-20 11:40:00,4,1.85,1,car,55.0,Kazan,0,37,1.2,9.85,1.1,2.0,11,11,0,2,2.3181818181818183,72.66370329751162
91804,2024-01-21 04:13:00,2,0.49,0,scooter,55.0,Moscow,1,6,-12.5,15.17,23.5,3.0,1,4,1,6,3.68,35.512012284283095
37734,2025-05-01 18:36:00,3,1.43,0,bike,35.5218365044405,Moscow,1,11,7.0,0.08,1.4,4.0,5,18,0,3,3.554054054054054,53.184270368326935
43565,2025-01-01 10:18:00,2,1.62,0,car,55.0,Moscow,0,16,-5.6,10.43,1.0,4.0,1,10,0,2,3.5584415584415585,60.380209467914554
796,2024-05-22 01:28:00,2,3.37,0,car,55.0,Kazan,0,34,9.9,3.99,3.1,3.0,5,1,0,2,2.09375,83.2874233145154
82822,2025-04-28 23:21:00,3,1.89,0,car,55.0,Kazan,0,27,2.7,0.27,3.7,3.0,4,23,0,0,1.8870967741935485,59.53377225986958
92767,2025-03-07 11:15:00,5,2.0,0,car,55.0,Moscow,0,27,8.5,4.95,2.1,4.0,3,11,0,4,3.9743589743589745,71.07012332696057
66134,2024-02-29 11:36:00,1,1.81,0,car,55.0,SPB,0,33,0.6,1.3,16.8,3.0,2,11,0,3,2.619047619047619,65.5165487649652
19589,2024-03-07 13:12:00,3,2.6,0,car,55.0,Moscow,1,8,-1.6,5.58,16.3,4.0,3,13,0,3,3.8666666666666667,51.25741193712203
40705,2024-07-05 07:08:00,5,6.0,0,scooter,39.047551890965785,Moscow,1,14,21.7,1.0,4.9,5.0,7,7,0,4,3.782051282051282,92.50989470471156
50974,2025-05-05 18:04:00,2,1.03,0,scooter,38.31527511177083,Moscow,1,5,11.9,4.36,1.7,4.0,5,18,0,0,3.8026315789473686,46.36411734220882
84589,2024-10-03 06:04:00,4,5.42,0,bike,36.88875564924949,Moscow,1,13,5.1,0.44,19.7,4.0,10,6,0,3,3.526315789473684,82.80606651611647
4060,2024-07-29 16:45:00,6,5.77,0,car,55.0,SPB,0,16,24.1,0.75,17.5,3.0,7,16,0,0,2.4925373134328357,87.34047607095664
43938,2025-06-26 02:19:00,4,2.01,0,car,55.0,SPB,1,7,12.6,7.04,11.1,4.0,6,2,0,3,2.4027777777777777,48.44667381081099
22265,2024-09-10 11:00:00,5,5.2,1,bike,41.219692330682875,SPB,0,21,19.9,16.8,9.1,4.0,9,11,1,1,2.53125,100.53932285655557
29878,2024-12-02 01:56:00,2,0.9,0,car,55.0,SPB,0,26,6.2,0.18,9.5,3.0,12,1,0,0,2.4242424242424243,51.735050153060925
50644,2025-06-28 07:20:00,4,1.62,0,car,55.0,SPB,0,17,14.2,2.58,15.2,3.0,6,7,0,5,2.6027397260273974,53.423912972263274
2876,2024-09-19 05:49:00,1,0.38,0,car,55.0,Moscow,0,25,10.2,3.57,16.7,4.0,9,5,0,3,4.246753246753247,55.222653815044175
22339,2024-10-22 09:57:00,4,1.54,0,car,55.0,SPB,0,21,11.2,4.74,17.4,3.0,10,9,0,1,2.8142857142857145,67.68479641039146
25023,2024-04-08 21:15:00,2,1.31,0,car,55.0,SPB,1,11,9.3,5.45,19.9,3.0,4,21,0,0,2.5652173913043477,42.215957419449225
28175,2024-03-14 19:15:00,5,5.29,0,scooter,53.90710727799128,Kazan,0,31,-0.9,1.39,4.0,2.0,3,19,0,3,2.096774193548387,104.81332775149096
66833,2024-11-28 17:08:00,1,4.19,0,bike,41.253268832294935,SPB,1,5,2.2,1.59,2.6,3.0,11,17,0,3,2.5211267605633805,68.3328329212437
53680,2024-01-05 14:26:00,3,4.36,0,car,55.0,Moscow,1,10,-20.5,2.74,16.9,4.0,1,14,0,4,3.7260273972602738,68.88993896006447
51949,2024-06-22 13:00:00,2,3.26,0,scooter,38.31527511177083,Moscow,0,19,20.6,0.3,6.1,3.0,6,13,0,5,3.9743589743589745,60.401809245889424
26669,2024-04-05 23:08:00,3,1.66,0,car,55.0,SPB,0,33,-0.2,5.15,9.1,4.0,4,23,0,4,2.515151515151515,75.78825252426793
45986,2024-02-19 23:45:00,4,2.5,0,scooter,44.50215595557376,Kazan,1,13,-7.3,5.9,15.6,2.0,2,23,0,0,1.8870967741935485,53.92942914710417
68123,2024-08-18 07:16:00,2,3.17,0,car,45.85950269980694,Moscow,1,14,19.2,3.58,1.3,4.0,8,7,0,6,4.065789473684211,62.09377277440773
58576,2024-05-21 14:55:00,4,1.24,0,car,55.0,Moscow,0,21,18.7,8.06,17.0,4.0,5,14,0,1,3.6,65.13636399586568
96189,2025-01-24 12:55:00,6,5.29,0,car,55.0,Moscow,0,39,-1.9,5.720882520402354,15.2,4.0,1,12,0,4,3.74025974025974,71.18476654248138
22932,2025-02-19 01:11:00,6,4.48,0,car,55.0,SPB,0,20,-7.1,2.44,13.3,3.0,2,1,0,2,2.4153846153846152,81.15984311191279
62951,2024-07-05 01:07:00,3,3.74,0,car,55.0,Kazan,0,34,24.7,2.59,5.9,2.0,7,1,0,4,2.3846153846153846,86.88362936132961
48412,2024-03-17 19:23:00,4,1.85,0,scooter,52.378878477670696,Kazan,1,12,-2.2,3.58,8.0,1.0,3,19,0,6,1.9508196721311475,48.799428946545774
41501,2024-11-06 10:30:00,2,5.06,0,bike,37.969623408900276,Kazan,1,11,-2.8,1.37,14.5,2.0,11,10,0,2,2.0153846153846153,70.85445156434162
49368,2024-07-09 08:44:00,5,2.87,0,car,55.0,Kazan,0,39,23.1,0.29,7.8,2.0,7,8,0,1,2.235294117647059,93.17601842986463
75016,2024-11-28 17:51:00,7,0.7,0,car,55.0,SPB,0,36,2.2,1.59,2.6,3.0,11,17,0,3,2.5211267605633805,85.96434421789311
68422,2024-09-18 12:48:00,2,3.35,0,car,55.0,Moscow,1,11,22.4,0.49,5.2,4.0,9,12,0,2,3.789473684210526,55.19098395952388
69593,2024-08-05 07:22:00,3,2.81,0,bike,37.45176782140707,Moscow,0,27,16.0,0.44,9.9,4.0,8,7,0,0,3.9066666666666667,73.99382378914048
91050,2025-05-19 00:55:00,3,0.55,0,bike,34.06066537047135,Moscow,0,25,12.6,6.98,5.3,5.0,5,0,0,0,3.727272727272727,71.93523184230902
36211,2025-01-15 20:27:00,2,2.68,0,car,55.0,Moscow,1,6,-1.5,2.12,16.5,5.0,1,20,0,2,3.883116883116883,53.29978518262011
96087,2024-08-18 07:48:00,2,9.61,0,car,55.0,Moscow,1,6,19.2,3.58,1.3,4.0,8,7,0,6,4.065789473684211,114.05146967009783
52903,2024-07-16 01:37:00,2,1.8,0,bike,41.76333005471556,Moscow,0,30,21.4,3.29,7.0,4.0,7,1,0,1,3.3636363636363638,73.41457934253415
77831,2024-06-04 00:41:00,2,3.55,0,car,55.0,Moscow,1,5,16.3,7.07,11.6,4.0,6,0,0,1,3.779220779220779,58.68888327490905
95896,2025-02-01 11:27:00,4,3.63,0,bike,39.99621866158171,Kazan,0,32,0.9,3.16,14.3,1.0,2,11,0,5,1.9393939393939394,85.60510837820993
37916,2024-07-11 14:00:00,3,4.88,0,scooter,44.02191382946829,Kazan,0,24,24.9,5.47,10.0,3.0,7,14,0,3,2.1470588235294117,90.27900261593666
86740,2024-06-09 07:12:00,5,4.74,0,car,55.0,Moscow,1,10,15.0,4.3632938816449345,5.4,3.0,6,7,0,6,4.065789473684211,63.14260270117673
78784,2025-05-18 07:13:00,3,8.14,0,scooter,51.84792119327856,Moscow,1,10,15.4,0.34,13.1,3.0,5,7,0,6,4.065789473684211,97.73954539597254
91717,2024-10-30 20:52:00,3,0.94,0,car,55.0,Moscow,0,27,8.0,0.88,14.2,4.0,10,20,0,2,3.883116883116883,59.87099231664275
50659,2024-09-07 07:30:00,5,3.2,0,car,55.0,Moscow,0,24,10.4,5.21,6.0,3.0,9,7,0,5,4.0131578947368425,74.97536244629006
90092,2025-05-14 18:51:00,1,0.95,0,car,55.0,Moscow,0,37,11.5,0.03,15.5,5.0,5,18,0,2,3.6623376623376624,78.32287302966157
79129,2025-06-15 04:02:00,1,6.62,0,car,55.0,Moscow,1,5,12.9,6.45,10.5,3.0,6,4,0,6,3.68,80.15897261276777
96443,2025-03-07 15:51:00,3,0.89,0,bike,45.195252478472824,Moscow,0,28,8.1,4.95,2.1,4.0,3,15,0,4,3.581081081081081,67.06071353943693
21321,2024-04-18 03:33:00,3,2.06,0,car,55.0,Moscow,1,6,2.9,0.33,16.9,4.0,4,3,0,3,3.779220779220779,42.69315037852655
87239,2025-01-09 21:25:00,1,4.68,0,car,55.0,Kazan,1,12,0.2,2.13,5.5,2.0,1,21,0,3,2.238095238095238,64.29799046846422
72235,2024-01-20 00:00:00,7,1.08,0,car,55.0,SPB,1,5,-13.8,9.16,17.5,2.0,1,0,0,5,2.4571428571428573,39.0617008338074
50151,2024-03-23 23:58:00,5,6.95,0,scooter,36.309932338308485,Moscow,1,5,1.5,1.42,6.5,3.0,3,23,0,5,4.076923076923077,84.06217807415743
20538,2025-05-24 03:42:00,2,1.62,0,car,55.0,Moscow,0,19,17.3,6.26,7.9,3.0,5,3,0,5,4.04,55.12363606985846
46928,2024-11-24 16:57:00,3,1.76,0,car,55.0,Kazan,0,21,2.1,4.27,23.9,2.0,11,16,0,6,1.9428571428571428,60.336089986592135
64036,2024-01-21 02:01:00,2,4.82,0,car,55.0,Kazan,1,5,-0.4,13.86,16.7,1.0,1,2,1,6,1.9538461538461538,68.88995903202158
5691,2024-05-05 12:13:00,2,2.57,0,car,55.0,Moscow,1,5,11.6,2.55,10.5,3.0,5,12,0,6,3.789473684210526,43.97826561073204
4110,2024-08-16 10:12:00,1,4.59,0,bike,39.8116220849798,SPB,0,38,22.3,8.24,19.3,3.0,8,10,0,4,2.323943661971831,109.53686708372766
55403,2024-03-04 15:23:00,4,3.94,0,scooter,51.200599917946555,SPB,1,13,2.9,12.75,13.2,3.0,3,15,1,0,2.6818181818181817,75.28729852265592
53618,2024-10-05 13:04:00,3,1.9,0,scooter,52.32152702875614,Moscow,1,6,12.1,0.44,0.2,4.0,10,13,0,5,3.9743589743589745,38.7169938393993
44507,2025-01-11 16:25:00,3,4.34,1,scooter,52.98290027675885,Moscow,0,39,3.0,3.57,3.9,4.0,1,16,0,5,4.0394736842105265,92.15633243185674
55343,2024-11-03 07:57:00,1,2.84,0,car,55.0,Moscow,0,35,-0.1,1.82,16.6,3.0,11,7,0,6,4.065789473684211,75.99049709830604
29268,2024-04-16 03:19:00,3,7.47,0,car,55.0,Moscow,1,12,4.6,2.62,3.1,4.0,4,3,0,1,3.64,97.76112927070267
11123,2024-11-14 13:13:00,3,0.73,0,car,55.0,Moscow,1,11,0.3,2.84,2.7,4.0,11,13,0,3,3.8666666666666667,42.90418297847331
54860,2025-04-01 19:39:00,2,8.93,0,car,55.0,SPB,0,36,9.5,13.79,10.9,3.0,4,19,1,1,2.4225352112676055,155.65302536104684
1684,2024-05-22 20:23:00,1,1.1,0,car,55.0,SPB,0,31,17.5,1.23,18.1,4.0,5,20,0,2,2.445945945945946,62.40823836232032
60362,2024-05-04 01:46:00,2,7.39,0,bike,36.673060427125655,SPB,0,26,2.1,1.27,1.1,3.0,5,1,0,5,2.4761904761904763,115.56105657337613
75446,2025-03-28 03:52:00,3,3.68,1,car,55.0,Kazan,1,11,0.7,0.71,1.1,2.0,3,3,0,4,2.208955223880597,43.39746014173413
21721,2025-02-21 07:26:00,3,3.1,0,bike,40.60867476452213,Kazan,0,35,-13.5,0.59,18.0,2.0,2,7,0,4,2.391304347826087,81.15501681709578
73130,2024-07-29 22:38:00,2,2.02,0,bike,36.82146628990283,SPB,0,21,19.3,0.75,17.5,3.0,7,22,0,0,2.4057971014492754,58.257420440343466
14941,2024-09-26 09:51:00,3,4.3,0,car,55.0,Moscow,0,20,14.2,0.54,0.5,4.0,9,9,0,3,3.871794871794872,85.53949604316544
78561,2025-06-21 23:50:00,1,5.33,0,car,55.0,SPB,1,8,11.7,0.54,16.9,2.0,6,23,0,5,2.5,61.02313496836944
22992,2024-12-26 09:37:00,2,2.93,0,bike,35.23265629823605,Moscow,0,22,-0.8,2.63,23.6,5.0,12,9,0,3,3.871794871794872,88.97508542462606
9972,2025-01-23 03:05:00,3,4.12,1,car,55.0,Moscow,1,12,-2.2,7.8,7.9,4.0,1,3,0,3,3.779220779220779,60.39474540161455
66899,2024-09-12 11:01:00,3,1.48,1,scooter,45.13982819313042,Moscow,0,20,22.5,2.4,12.3,4.0,9,11,0,3,3.9864864864864864,46.61845842104029
9733,2025-05-20 17:39:00,3,8.73,0,scooter,42.15405365401788,Moscow,1,14,17.4,0.32,9.7,5.0,5,17,0,1,3.4266666666666667,126.86485055025373
64126,2024-03-28 00:30:00,4,4.7,0,bike,34.302746560329744,Moscow,0,39,-3.2,2.71,14.5,4.0,3,0,0,3,4.571428571428571,111.79193511263898
97725,2024-03-02 07:57:00,3,0.91,1,scooter,48.67898980658732,Moscow,0,22,-7.2,1.26,9.8,3.0,3,7,0,5,4.0131578947368425,36.55215510999754
33559,2024-09-05 16:59:00,3,5.12,0,bike,37.45176782140707,Moscow,0,18,20.5,1.6,13.5,5.0,9,16,0,3,3.6363636363636362,91.89572290716161
68838,2025-04-10 07:36:00,2,3.0,0,car,55.0,Moscow,0,39,-3.5,1.84,1.1,5.0,4,7,0,3,3.5,91.42886510824812
11385,2024-07-28 20:47:00,4,4.14,0,bike,36.63261474828157,Moscow,0,27,21.3,0.49,15.6,3.0,7,20,0,6,4.0131578947368425,85.05373964840639
69830,2025-04-12 03:07:00,3,8.64,0,car,55.0,SPB,0,24,-7.0,6.5199082568807345,0.4,3.0,4,3,0,5,2.4864864864864864,126.42109063807445
49186,2024-09-16 07:27:00,1,6.3,0,car,55.0,Moscow,0,35,11.2,2.24,10.8,4.0,9,7,0,0,3.9066666666666667,110.65174377754053
11023,2025-03-02 00:56:00,5,3.97,0,car,55.0,Moscow,1,7,-1.4,0.44,16.6,4.0,3,0,0,6,3.727272727272727,58.848105847085996
46976,2025-01-06 18:43:00,2,4.45,0,car,55.0,Moscow,1,9,-6.2,1.77,3.4,4.0,1,18,0,0,3.8026315789473686,76.14596761282182
7842,2025-03-18 10:05:00,4,0.95,0,car,55.0,Moscow,1,9,-2.4,0.86,7.8,4.0,3,10,0,1,3.675324675324675,39.59305775861206
80580,2024-12-19 04:41:00,4,11.5,0,scooter,54.71734502201816,SPB,0,16,-9.2,2.45,20.1,3.0,12,4,0,3,2.263888888888889,146.7723708657689
43686,2024-04-09 23:16:00,1,1.88,0,car,55.0,Kazan,0,18,4.7,0.38,4.9,3.0,4,23,0,1,1.791044776119403,44.139103686263184
30366,2024-10-11 02:04:00,2,2.96,0,scooter,46.49258940217779,Moscow,0,16,8.1,0.65,16.4,4.0,10,2,0,4,3.8552631578947367,61.23298416410438
24349,2024-05-04 02:46:00,4,2.51,0,scooter,52.378878477670696,Moscow,0,26,-0.3,5.59,4.6,4.0,5,2,0,5,3.779220779220779,68.48565641791822
34699,2024-06-11 23:02:00,2,5.41,0,bike,37.45176782140707,Moscow,0,21,19.2,2.77,3.8,4.0,6,23,0,1,3.91025641025641,94.32242786703338
73944,2024-03-06 16:11:00,3,3.26,0,bike,38.162502640513864,Kazan,0,34,-6.0,0.66,8.3,2.0,3,16,0,2,2.046875,80.2071637212863
24440,2024-03-23 13:36:00,6,1.64,0,car,55.0,Moscow,0,35,3.7,1.42,6.5,3.0,3,13,0,5,3.9743589743589745,78.84098691701885
28954,2024-10-31 03:12:00,2,4.29,0,car,55.0,SPB,1,11,3.0,2.55,7.1,4.0,10,3,0,3,2.5714285714285716,68.18666856709854
53117,2025-01-14 04:39:00,2,6.75,0,bike,38.8266233036702,Kazan,0,25,-1.7,9.5,18.8,2.0,1,4,0,1,2.1384615384615384,116.57771443452705
57233,2024-10-23 08:03:00,1,4.61,0,bike,40.52713657796784,SPB,1,11,8.7,4.41,18.4,3.0,10,8,0,2,2.4242424242424243,80.07125097006369
8258,2025-03-26 18:34:00,4,1.84,0,car,55.0,SPB,1,13,3.9,6.28,6.5,4.0,3,18,0,2,2.183098591549296,66.86377432108037
3547,2025-03-20 14:31:00,1,1.84,0,bike,37.632500976867355,SPB,0,15,3.9,1.14,2.4,3.0,3,14,0,3,2.5945945945945947,50.33622735700221
45718,2024-02-21 05:25:00,3,2.8,0,car,55.0,Kazan,0,34,-9.7,1.58,3.5,3.0,2,5,0,2,2.046875,78.58746981449242
71964,2025-02-12 17:20:00,3,2.9,0,car,55.0,Kazan,0,30,-7.3,10.48,18.3,2.0,2,17,0,2,2.152542372881356,88.27031279129193
78292,2024-12-22 13:51:00,4,11.27,1,car,55.0,Moscow,0,21,-3.8,6.87,23.6,3.0,12,13,0,6,3.935064935064935,134.3290188218209
52849,2024-10-02 16:51:00,1,7.63,0,scooter,51.200599917946555,SPB,1,13,8.8,2.6,18.2,3.0,10,16,0,2,2.1470588235294117,96.48983211825977
33917,2024-07-26 05:17:00,4,4.88,0,scooter,49.00620380326575,Moscow,0,25,12.0,1.99,18.1,4.0,7,5,0,4,3.75,92.74796392282536
38155,2024-02-26 15:18:00,3,3.98,0,car,55.0,Moscow,0,27,-1.9,12.45,10.2,4.0,2,15,1,0,3.5789473684210527,93.11362736412568
32722,2025-01-03 19:13:00,4,11.25,0,car,55.0,Moscow,0,28,-6.0,4.32,23.0,5.0,1,19,0,4,4.026315789473684,173.8326510788981
52159,2025-06-05 17:35:00,4,1.37,0,bike,42.40735828019987,SPB,0,38,17.2,9.21,10.0,4.0,6,17,0,3,2.5211267605633805,106.75245379630202
22676,2024-04-02 07:39:00,5,4.41,0,car,55.0,SPB,1,10,4.1,5.74,3.8,3.0,4,7,0,1,2.6285714285714286,68.38936034950181
5711,2025-02-28 10:01:00,1,3.75,0,bike,28.43607271038636,Moscow,0,39,-5.0,0.34,1.8,4.0,2,10,0,4,3.5714285714285716,87.29627560860274
35385,2024-03-20 19:28:00,4,3.79,0,car,55.0,SPB,0,32,2.7,0.4,12.7,3.0,3,19,0,2,2.1343283582089554,92.4056136397024
71148,2024-03-16 15:55:00,4,8.51,1,bike,35.716101269659816,Kazan,0,19,0.7,8.65,19.1,1.0,3,15,0,5,1.876923076923077,116.07771580063721
36309,2025-06-15 12:15:00,2,0.93,0,car,55.0,SPB,1,7,19.6,23.16,16.1,2.0,6,12,1,6,2.2535211267605635,48.62541256264599
13913,2024-07-07 10:13:00,4,1.37,0,bike,35.369149670627664,Kazan,0,37,23.9,0.04,14.2,1.0,7,10,0,6,2.0,66.06540043719974
25630,2025-02-24 00:31:00,3,8.56,0,scooter,45.159897613091154,Moscow,0,19,-12.9,4.55,20.3,4.0,2,0,0,0,3.727272727272727,118.05603513467037
20055,2025-02-17 10:59:00,5,8.52,0,car,55.0,Kazan,1,5,-15.2,8.8,8.9,2.0,2,10,0,0,1.9701492537313432,103.77938866976399
76642,2025-05-26 15:06:00,2,3.36,0,car,55.0,Moscow,1,10,28.2,6.8,17.6,4.0,5,15,0,0,3.5789473684210527,61.00150203777656
93814,2025-02-11 12:36:00,3,4.55,0,bike,37.21804023678132,Moscow,0,24,-5.4,5.78,13.8,4.0,2,12,0,1,4.012987012987013,91.44742077372523
6362,2025-06-01 04:38:00,6,5.23,0,car,55.0,SPB,0,24,10.0,9.84,17.0,2.0,6,4,0,6,2.303030303030303,100.37625448081248
62563,2025-03-05 14:50:00,4,3.23,1,car,55.0,Moscow,0,37,2.8,2.82,2.8,4.0,3,14,0,2,3.4415584415584415,81.59881056432377
88681,2025-04-29 09:55:00,3,10.38,0,car,55.0,Kazan,1,5,6.6,1.36,4.9,2.0,4,9,0,1,1.9180327868852458,117.85174114798954
91167,2025-03-17 13:57:00,2,3.68,0,car,55.0,Kazan,0,37,2.5,0.51,2.6,2.0,3,13,0,0,2.3728813559322033,82.09209151478608
39384,2024-06-24 06:58:00,3,2.03,0,bike,36.24682112531779,Kazan,0,24,13.4,3.43,6.0,2.0,6,6,0,0,2.0142857142857142,64.3693397296959
93076,2025-04-14 13:22:00,4,0.8,1,car,55.0,SPB,0,33,14.4,6.45,10.1,3.0,4,13,0,0,2.3857142857142857,57.46458930461615
5213,2025-06-24 05:11:00,3,2.95,0,scooter,45.66908855409564,Kazan,1,12,12.5,1.76,2.4,2.0,6,5,0,1,2.03125,52.363162998580975
96422,2025-06-06 11:07:00,3,7.56,0,bike,36.62098754864886,Kazan,0,23,20.7,0.76,14.2,2.0,6,11,0,4,2.1875,109.06679054276472
69019,2024-07-23 18:21:00,6,1.78,0,scooter,46.0651894724839,Kazan,1,8,20.6,0.66,16.0,2.0,7,18,0,1,1.9661016949152543,43.87593628055659
97017,2025-01-08 09:37:00,2,0.71,0,car,55.0,Moscow,0,16,1.9,2.07,6.8,4.0,1,9,0,2,3.6623376623376624,56.69894763000847
57382,2024-02-23 16:50:00,2,2.98,0,car,55.0,Moscow,1,13,0.9,1.48,9.4,4.0,2,16,0,4,3.782051282051282,57.8422905914077
1717,2024-03-30 09:10:00,2,2.32,0,bike,38.8266233036702,Kazan,0,24,2.6,2.59,11.4,1.0,3,9,0,5,2.1944444444444446,66.5192661257148
44034,2025-04-22 18:14:00,5,10.15,0,bike,39.8116220849798,Moscow,0,22,22.1,17.33,8.4,4.0,4,18,1,1,3.4415584415584415,179.21299696975146
53883,2024-01-31 09:02:00,2,5.52,0,scooter,46.87140935662086,SPB,1,13,-0.7,0.74,22.3,nan,1,9,0,2,2.5294117647058822,10.998608514911965
68044,2024-01-18 20:23:00,2,4.58,0,scooter,40.06698260588018,Moscow,0,15,-7.9,0.16,14.0,4.0,1,20,0,3,3.688311688311688,73.45162884865051
58141,2024-10-14 00:21:00,7,5.79,0,car,55.0,Kazan,1,7,-0.1,4.13,7.0,nan,10,0,0,0,1.9666666666666666,12.41002860051342
25325,2025-04-25 04:10:00,2,1.21,0,car,55.0,Kazan,0,19,11.5,0.3,5.0,2.0,4,4,0,4,1.9848484848484849,41.389305074038
45415,2025-04-11 18:58:00,4,4.47,1,bike,31.367687591946154,SPB,0,32,-0.5,13.69,14.2,3.0,4,18,1,4,2.356164383561644,114.09779188161656
61205,2024-07-03 02:47:00,1,5.44,0,scooter,55.0,Moscow,0,30,22.5,5.22,14.2,4.0,7,2,0,2,3.8666666666666667,99.0382798588754
73634,2025-03-16 05:58:00,2,3.19,0,scooter,40.78423204435535,SPB,0,36,-0.2,14.11,19.3,2.0,3,5,1,6,2.5,93.82497775500451
34561,2024-03-16 11:44:00,3,1.7,0,bike,37.969623408900276,Moscow,1,8,2.0,9.44,9.9,3.0,3,11,0,5,3.486842105263158,54.67253117905824
43064,2024-11-18 01:02:00,3,3.04,0,car,55.0,Kazan,0,18,2.1,4.73,10.0,3.0,11,1,0,0,2.130434782608696,65.0720984511084
4120,2025-05-01 05:11:00,2,1.03,0,bike,34.44266775511231,SPB,0,28,-1.6,2.58,3.6,3.0,5,5,0,3,2.4927536231884058,63.169063346886865
88238,2024-07-09 21:22:00,1,3.46,0,scooter,44.150599250049076,SPB,1,8,18.6,9.58,5.4,4.0,7,21,0,1,2.3676470588235294,64.58349017080431
1426,2025-01-19 04:17:00,5,2.18,0,car,51.43065228264467,Moscow,0,22,0.5,4.33,15.4,3.0,1,4,0,6,3.68,63.72529050797378
20883,2024-06-08 01:42:00,1,0.91,0,scooter,53.69711497645374,Kazan,0,22,17.9,2.57,9.8,1.0,6,1,0,5,2.0303030303030303,42.573468921404725
43175,2024-04-26 19:27:00,8,5.84,0,car,55.0,SPB,0,16,8.7,1.69,19.2,3.0,4,19,0,4,2.315068493150685,97.40666224641589
90714,2024-09-20 16:08:00,5,7.68,0,car,55.0,SPB,0,25,18.0,1.42,11.4,3.0,9,16,0,4,2.4927536231884058,114.74614064906291
76802,2025-01-27 11:21:00,3,1.47,1,car,55.0,Kazan,0,31,0.7,1.72,3.7,2.0,1,11,0,0,2.0163934426229506,51.69557517451466
22914,2024-05-08 18:06:00,2,6.86,0,car,55.0,Moscow,0,30,2.6,1.01,6.2,4.0,5,18,0,2,3.6623376623376624,121.47506731899594
38551,2025-01-17 01:00:00,5,1.29,1,scooter,45.44612180823244,Kazan,1,14,-7.8,3.71,2.6,2.0,1,1,0,4,2.3846153846153846,33.7203849018489
20692,2025-01-07 22:58:00,2,2.23,0,scooter,48.78408734662869,Kazan,1,12,-5.1,11.62,20.9,3.0,1,22,1,1,2.2459016393442623,58.78140740391933
48492,2024-06-16 15:56:00,3,0.44,0,car,55.0,Kazan,1,11,27.1,1.46,7.7,1.0,6,15,0,6,2.0,29.650632075951336
56921,2024-07-17 09:07:00,2,1.28,0,car,55.0,SPB,0,31,22.3,1.25,10.6,3.0,7,9,0,2,2.5294117647058822,70.8899596295791
64062,2024-06-01 19:10:00,2,4.86,0,scooter,42.827475829915414,SPB,1,8,24.4,5.17,15.8,2.0,6,19,0,5,2.484375,74.26978551581452
38644,2024-11-17 18:49:00,3,5.31,0,car,55.0,Moscow,0,36,5.0,34.3,21.1,3.0,11,18,1,6,3.547945205479452,134.66360112763303
7117,2025-03-12 12:45:00,5,6.85,1,bike,36.862403291529105,Kazan,1,6,3.2,0.33,7.8,2.0,3,12,0,2,2.140625,67.92756369231157
13806,2024-09-30 07:27:00,1,1.6,0,car,55.0,SPB,0,23,3.7,12.21,15.0,3.0,9,7,1,0,2.588235294117647,64.64488657664496
68386,2025-02-20 19:20:00,5,4.85,0,bike,33.19299505524494,Kazan,1,8,-11.2,4.2,5.4,3.0,2,19,0,3,2.096774193548387,83.81429326140162
68929,2025-03-26 04:57:00,1,2.68,0,car,51.43065228264467,Moscow,0,15,1.4,3.21,5.3,4.0,3,4,0,2,3.935064935064935,59.3516970012077
38314,2024-06-25 08:36:00,2,8.36,0,car,55.0,Kazan,0,21,13.1,2.59,17.3,3.0,6,8,0,1,2.235294117647059,121.88373985883379
18401,2024-07-31 14:53:00,3,0.8,0,car,55.0,SPB,0,20,17.4,7.31,14.6,3.0,7,14,0,2,2.5652173913043477,54.94059393935156
12990,2024-10-05 16:00:00,1,6.84,0,bike,40.52713657796784,SPB,0,23,11.6,0.26,0.3,3.0,10,16,0,5,2.4393939393939394,98.63768372247844
94734,2024-11-05 20:20:00,4,0.73,0,scooter,34.01084509779904,Kazan,0,37,-3.7,3.88,17.3,2.0,11,20,0,1,2.0757575757575757,71.58156481983883
55455,2024-10-31 08:26:00,3,0.97,0,bike,36.82146628990283,Moscow,1,9,2.3,19.67,0.0,4.0,10,8,1,3,3.9210526315789473,78.09358949747391
69573,2025-05-28 09:53:00,2,2.5,0,bike,33.520197773802906,Moscow,0,37,20.8,7.74,18.0,5.0,5,9,0,2,3.6623376623376624,110.63076681638938
7769,2024-07-21 09:53:00,3,7.98,0,scooter,55.0,Moscow,1,10,21.0,6.59,18.1,3.0,7,9,0,6,3.8133333333333335,112.87169275654932
64822,2025-04-23 19:13:00,2,2.11,1,scooter,40.06698260588018,SPB,1,9,6.5,0.22,7.9,4.0,4,19,0,2,2.1343283582089554,43.82346702695359
9675,2024-12-30 05:03:00,4,1.42,0,scooter,55.0,Moscow,1,10,0.1,33.58,2.4,4.0,12,5,1,0,4.116883116883117,61.934960885684596
3830,2025-02-23 04:38:00,1,5.81,0,car,55.0,SPB,0,38,-2.6,0.51,16.5,3.0,2,4,0,6,2.303030303030303,101.7433610558579
94965,2024-04-08 07:39:00,2,2.15,1,car,55.0,Moscow,1,13,7.8,4.96,15.3,4.0,4,7,0,0,3.9066666666666667,44.64525761127712
88846,2024-11-16 03:12:00,2,3.78,0,car,55.0,Moscow,0,36,0.5,2.83,1.6,3.0,11,3,0,5,4.04,86.94433355485369
70144,2025-05-18 12:47:00,6,2.89,0,car,55.0,Kazan,1,11,22.2,4.78,14.1,1.0,5,12,0,6,2.0491803278688523,52.81254761291707
42464,2025-04-05 22:05:00,2,0.92,0,bike,30.58051523310684,SPB,0,31,-2.4,1.91,9.3,2.0,4,22,0,5,2.361111111111111,61.10371772051296
68481,2025-03-22 00:11:00,2,6.13,0,car,55.0,Moscow,0,28,2.5,1.0,2.2,3.0,3,0,0,5,3.9358974358974357,96.57954735651121
96936,2024-06-17 10:57:00,1,6.44,0,car,55.0,Moscow,0,21,22.8,4.48,11.5,4.0,6,10,0,0,3.4025974025974026,98.99613012171697
89029,2024-09-01 12:41:00,2,1.79,0,scooter,48.34342395184287,Kazan,0,24,18.6,3.81,10.3,1.0,9,12,0,6,2.0491803278688523,53.714612206274026
58117,2024-02-28 00:53:00,2,1.03,0,car,55.0,Moscow,0,21,-7.2,2.12,13.6,4.0,2,0,0,2,3.871794871794872,52.30416228752402
21268,2025-03-14 06:55:00,2,3.08,0,car,55.0,SPB,1,13,-0.1,1.01,5.1,3.0,3,6,0,4,2.0434782608695654,54.60428933481388
27982,2025-02-08 01:00:00,6,2.15,0,scooter,54.69739406908258,Moscow,0,35,-4.2,10.46,0.6,3.0,2,1,0,5,3.7662337662337664,92.50242250777765
56313,2024-07-12 18:01:00,4,1.19,0,scooter,50.502841360509194,SPB,1,9,19.5,5.512307147912243,2.0,4.0,7,18,0,4,2.356164383561644,55.94757366704101
23079,2024-12-15 06:10:00,1,2.04,0,scooter,40.65776334533052,Kazan,0,32,-14.2,12.43,18.8,1.0,12,6,1,6,1.8923076923076922,68.24370786176554
69158,2024-12-26 17:46:00,5,1.73,0,car,55.0,Moscow,1,14,-0.2,2.63,23.6,5.0,12,17,0,3,4.012820512820513,69.54014069002167
38523,2024-04-21 14:30:00,3,1.26,1,car,55.0,Kazan,1,8,17.3,1.04,13.0,2.0,4,14,0,6,2.0,20.629902175901897
46345,2024-08-21 12:52:00,2,3.49,0,car,55.0,SPB,1,9,20.3,2.75,18.3,3.0,8,12,0,2,2.410958904109589,56.61195027691623
23142,2024-10-21 03:05:00,7,1.99,0,scooter,55.0,Kazan,1,5,5.4,4.08,3.0,2.0,10,3,0,0,1.9827586206896552,33.383635622940595
56925,2024-12-31 05:16:00,2,4.79,0,car,55.0,SPB,1,9,0.1,4.78,15.6,3.0,12,5,0,1,2.464788732394366,68.79554131179226
43135,2024-05-13 00:56:00,3,2.91,1,car,55.0,SPB,0,23,3.6,0.5,16.6,4.0,5,0,0,0,2.536231884057971,56.864941177284166
62203,2024-11-01 04:58:00,3,0.69,1,scooter,55.0,Kazan,0,24,0.6,12.92,5.2,2.0,11,4,1,4,1.9848484848484849,49.9609065540546
28978,2024-06-13 23:15:00,5,4.08,0,car,55.0,SPB,0,33,12.3,1.92,1.5,4.0,6,23,0,3,2.3424657534246576,94.27029858745539
94488,2025-04-13 17:51:00,4,4.3,0,bike,35.5218365044405,Moscow,1,12,8.7,3.33,9.0,3.0,4,17,0,6,4.0,84.19718832326947
3107,2025-05-12 17:24:00,3,3.19,0,car,55.0,Moscow,1,11,8.9,3.06,16.2,4.0,5,17,0,0,3.810810810810811,71.91206049898304
82488,2025-03-07 09:09:00,2,3.81,0,car,55.0,Moscow,0,29,7.2,4.95,2.1,4.0,3,9,0,4,3.858974358974359,97.45939923106744
80565,2024-11-14 21:04:00,2,5.73,0,car,55.0,Kazan,0,37,0.0,0.58,11.7,2.0,11,21,0,3,2.238095238095238,97.13317816261406
96515,2025-05-18 03:53:00,5,3.44,1,scooter,34.01084509779904,Kazan,0,24,12.3,4.78,14.1,1.0,5,3,0,6,2.1639344262295084,60.65740959081289
94683,2024-07-12 16:39:00,3,1.76,0,car,55.0,Moscow,0,21,28.3,2.55,6.7,4.0,7,16,0,4,3.782051282051282,61.40533226340659
57780,2024-05-18 20:17:00,3,4.3,0,bike,39.395918500296126,Moscow,0,27,15.6,3.6699035187287175,14.3,4.0,5,20,0,5,3.8378378378378377,87.64542998851893
96444,2024-02-20 07:35:00,3,8.0,0,scooter,54.20006938556093,Moscow,0,20,-9.4,0.19,16.3,4.0,2,7,0,1,3.8846153846153846,111.19703177655242
11157,2024-01-25 18:42:00,3,2.71,0,car,55.0,SPB,1,5,0.3,1.86,11.4,3.0,1,18,0,3,2.5753424657534247,53.80152343781956
29676,2025-03-04 04:45:00,2,7.81,1,bike,38.07882928487708,SPB,1,13,1.4,1.28,17.8,3.0,3,4,0,1,2.292307692307692,93.16285748262044
50348,2024-01-02 22:46:00,7,7.08,0,car,55.0,Moscow,1,10,-24.0,7.86,18.7,4.0,1,22,0,1,3.8684210526315788,97.13941175268937
7362,2024-05-05 08:30:00,4,5.69,0,bike,37.969623408900276,SPB,0,37,5.7,11.69,10.6,2.0,5,8,1,6,2.323529411764706,135.2505068853822
53399,2024-03-04 00:29:00,3,6.1,0,bike,32.99180766169915,SPB,0,33,-4.1,12.75,13.2,3.0,3,0,1,0,2.536231884057971,128.69844767988127
76376,2025-06-25 12:42:00,5,4.03,0,scooter,44.150599250049076,SPB,0,32,13.6,1.19,15.6,3.0,6,12,0,2,2.410958904109589,90.55303782981231
1051,2024-10-14 23:13:00,2,4.48,0,scooter,47.978038395195696,Moscow,1,14,1.0,1.17,4.1,4.0,10,23,0,0,3.9066666666666667,69.79355760394033
62994,2025-03-07 01:30:00,2,3.25,0,car,55.0,SPB,1,11,4.1,1.64,18.9,3.0,3,1,0,4,2.338235294117647,55.02925150436579
63230,2025-06-02 16:02:00,2,1.56,0,car,55.0,Kazan,1,14,12.2,0.55,12.6,2.0,6,16,0,0,2.1578947368421053,39.21246665540765
87885,2024-06-25 23:44:00,4,9.81,1,car,55.0,Moscow,1,10,16.5,0.07,1.2,4.0,6,23,0,1,3.91025641025641,100.19924547678517
95400,2024-01-16 08:10:00,3,3.44,0,bike,40.58851705937706,Moscow,1,11,-2.7,2.09,19.5,5.0,1,8,0,1,3.8533333333333335,80.06855959778919
66021,2025-05-04 02:20:00,4,3.67,0,bike,38.8266233036702,Moscow,0,33,7.9,2.43,19.7,3.0,5,2,0,6,4.184210526315789,92.1690210926173
69759,2025-04-01 16:48:00,1,7.26,0,bike,37.45176782140707,SPB,0,28,11.6,13.79,10.9,3.0,4,16,1,1,2.411764705882353,131.22670528522892
66040,2024-08-11 05:59:00,2,4.27,0,scooter,42.827475829915414,Kazan,0,24,14.1,2.81,18.5,1.0,8,5,0,6,2.289855072463768,73.76761121444903
85367,2025-03-19 20:34:00,2,6.96,0,bike,40.89902689179051,SPB,0,15,1.0,4.14,15.1,3.0,3,20,0,2,2.445945945945946,102.95588508557361
48243,2024-01-17 16:33:00,5,10.36,0,scooter,52.32152702875614,SPB,1,8,-10.3,2.66,8.8,3.0,1,16,0,2,2.1470588235294117,123.122756961813
38865,2024-03-24 07:01:00,1,4.57,0,car,55.0,Kazan,1,5,1.4,8.31,15.5,1.0,3,7,0,6,1.8636363636363635,61.24537597746869
11508,2024-12-10 07:02:00,3,1.48,0,bike,37.21804023678132,Moscow,0,29,-4.2,4.9317880794701985,20.9,5.0,12,7,0,1,3.8846153846153846,77.17269387106144
88071,2025-06-07 14:45:00,4,5.03,0,bike,33.93675198010838,Moscow,1,9,24.0,1.62,0.2,3.0,6,14,0,5,3.6363636363636362,75.00574857327466
12798,2024-10-08 02:59:00,2,12.46,0,car,55.0,Kazan,1,7,13.4,0.68,2.7,3.0,10,2,0,1,2.161764705882353,140.19006522430993
88906,2024-08-02 21:22:00,3,3.02,0,car,55.0,Moscow,0,38,17.2,3.56,19.7,4.0,8,21,0,4,3.3466666666666667,91.4146850978275
98286,2025-02-26 12:33:00,5,3.81,0,car,55.0,SPB,1,7,-2.0,13.35,19.5,3.0,2,12,1,2,2.410958904109589,68.18818326769905
70803,2024-02-01 06:05:00,3,1.55,0,scooter,49.864212869682625,Kazan,1,5,-7.0,1.28,1.4,3.0,2,6,0,3,2.234375,36.97817776876103
16725,2024-02-01 02:20:00,2,2.73,0,bike,42.25170720017491,Kazan,0,37,-6.9,1.28,1.4,3.0,2,2,0,3,1.9846153846153847,80.96530846763385
38627,2024-09-04 08:04:00,6,2.5,1,car,55.0,Moscow,1,11,17.2,0.55,12.7,5.0,9,8,0,2,3.8493150684931505,57.192436440868704
10279,2025-05-30 19:17:00,5,2.9,1,car,55.0,Kazan,0,37,28.1,5.21,10.5,2.0,5,19,0,4,1.9855072463768115,84.82903116733613
75213,2025-03-05 14:58:00,1,4.14,0,scooter,45.13982204557147,Moscow,1,7,2.8,2.82,2.8,4.0,3,14,0,2,3.4415584415584415,62.706434934975356
96121,2024-02-15 05:37:00,1,2.06,0,scooter,39.091298449230436,Moscow,0,39,-12.3,0.81,23.6,5.0,2,5,0,3,4.246753246753247,77.84369377612624
57115,2025-03-11 07:15:00,4,0.98,0,car,55.0,SPB,0,20,-0.9,2.82,12.3,3.0,3,7,0,1,2.6285714285714286,54.03687111997914
22262,2024-11-18 11:15:00,4,2.76,0,bike,41.97329297929299,Kazan,1,5,2.9,4.73,10.0,3.0,11,11,0,0,2.0163934426229506,53.54567046825716
4156,2024-05-27 13:00:00,2,1.96,0,car,55.0,Moscow,0,18,21.3,3.1,6.7,4.0,5,13,0,0,3.896103896103896,57.502724652783165
93137,2025-05-23 06:01:00,5,7.82,0,car,55.0,SPB,0,37,13.3,2.38,6.9,3.0,5,6,0,4,2.0434782608695654,135.49663240181755
60986,2024-08-26 17:07:00,7,5.4,0,car,55.0,SPB,0,25,19.1,14.31,16.6,3.0,8,17,1,0,2.5625,118.81949306793223
95600,2024-06-28 19:47:00,2,1.89,0,car,55.0,Moscow,1,11,26.0,0.92,19.7,nan,6,19,0,4,4.026315789473684,13.176992493364985
89429,2024-05-24 10:08:00,3,2.0,0,bike,37.22409459253831,Moscow,0,18,16.9,2.84,0.8,5.0,5,10,0,4,3.5714285714285716,66.944319715438
94357,2024-03-19 01:00:00,4,2.43,0,car,55.0,Moscow,1,9,-1.3,3.58,17.1,4.0,3,1,0,1,3.3636363636363638,53.731126233206325
94695,2025-03-06 08:45:00,3,8.24,0,bike,35.369149670627664,Kazan,1,12,-2.9,4.47,8.9,2.0,3,8,0,3,2.183333333333333,118.93894006564065
63675,2024-02-14 00:33:00,3,3.9,0,car,55.0,Moscow,0,39,-12.7,8.75,7.3,5.0,2,0,0,2,3.871794871794872,109.2377242090009
8832,2024-02-25 09:49:00,2,3.16,0,scooter,42.15405365401788,Moscow,1,12,-0.3,5.09,0.1,3.0,2,9,0,6,3.8133333333333335,68.51614512962799
39425,2024-12-18 14:57:00,3,9.19,1,car,55.0,SPB,0,15,-14.7,15.15,6.7,3.0,12,14,1,2,2.5652173913043477,114.91890044958632
51578,2024-07-11 09:30:00,3,2.1,0,car,55.0,Kazan,1,13,23.6,5.47,10.0,3.0,7,9,0,3,1.859375,57.936362288833124
32770,2025-04-26 15:53:00,2,2.15,0,scooter,53.88993581645081,Moscow,1,12,7.9,1.08,0.7,3.0,4,15,0,5,3.986666666666667,45.96602194984079
74708,2025-02-02 00:06:00,1,2.31,0,car,55.0,SPB,0,35,-1.8,6.2306721194879096,17.7,2.0,2,0,0,6,2.414285714285714,75.42944641881186
77927,2024-06-12 19:28:00,1,3.01,0,car,55.0,SPB,0,20,15.8,7.04,9.7,3.0,6,19,0,2,2.1343283582089554,74.71058309842837
17566,2024-12-10 10:56:00,5,8.77,0,car,55.0,Moscow,1,14,-5.3,4.9317880794701985,20.9,5.0,12,10,0,1,3.675324675324675,119.89404880697265
27698,2025-02-20 17:21:00,2,1.77,0,car,55.0,SPB,0,35,-5.2,12.43,12.6,3.0,2,17,1,3,2.5211267605633805,87.46802998749787
48720,2024-02-24 16:20:00,4,5.81,0,scooter,48.34342395184287,Kazan,1,9,-10.1,3.12,19.3,1.0,2,16,0,5,2.246153846153846,66.81731066264187
22061,2024-09-07 20:44:00,3,0.5,0,car,55.0,Kazan,1,8,20.5,4.5465617232808615,19.4,1.0,9,20,0,5,2.0142857142857142,21.086906222791747
25740,2024-07-26 22:27:00,6,6.74,1,scooter,55.0,Kazan,1,7,16.0,1.09,16.9,3.0,7,22,0,4,2.3015873015873014,67.95355418878286
23501,2024-06-05 12:41:00,3,5.46,0,car,53.93865388999127,Moscow,1,13,25.4,2.98,7.3,4.0,6,12,0,2,3.789473684210526,81.77926204183211
35542,2024-10-05 21:38:00,3,4.84,0,bike,43.1943022875045,SPB,1,8,6.0,0.26,0.3,3.0,10,21,0,5,2.723076923076923,66.13122035803939
14318,2024-01-22 23:18:00,1,3.03,0,bike,38.07882928487708,Moscow,1,9,-8.9,3.96,16.3,5.0,1,23,0,0,3.9066666666666667,63.697994761141985
29796,2024-06-19 08:52:00,5,3.54,1,car,55.0,Moscow,1,12,19.4,9.28,11.6,5.0,6,8,0,2,3.8493150684931505,74.54309651639488
72725,2024-02-08 14:59:00,5,6.06,0,scooter,50.502841360509194,SPB,1,7,-16.4,11.32,0.4,3.0,2,14,1,3,2.5945945945945947,85.01834624276499
74087,2025-03-12 11:46:00,1,7.33,0,bike,38.01026765395612,Moscow,0,26,8.2,2.61,12.6,4.0,3,11,0,2,3.688311688311688,116.80733190979143
57030,2024-08-02 04:22:00,2,3.24,0,bike,25.996363720780828,Moscow,0,30,12.8,3.56,19.7,4.0,8,4,0,4,4.025974025974026,86.96323529114727
49134,2025-01-20 06:35:00,3,5.31,0,car,55.0,SPB,0,36,-1.4,3.78,17.8,3.0,1,6,0,0,2.426470588235294,103.65662452144241
4061,2024-05-12 08:48:00,1,4.97,0,scooter,40.78423204435535,SPB,0,37,5.9,3.54,7.8,nan,5,8,0,6,2.323529411764706,12.351111964626973
97983,2025-05-07 00:01:00,2,8.49,0,bike,36.41063141303707,SPB,0,22,3.2,0.64,14.3,3.0,5,0,0,2,2.6338028169014085,118.73540582581057
73501,2024-08-27 23:33:00,1,5.22,0,car,55.0,Moscow,0,30,21.8,0.36,1.7,4.0,8,23,0,1,3.91025641025641,88.13795292530025
13195,2025-03-20 03:08:00,3,1.4,0,bike,42.191249465282176,SPB,1,12,-1.7,1.14,2.4,3.0,3,3,0,3,2.5714285714285716,45.238442771103585
40554,2024-02-17 05:31:00,3,7.81,0,bike,33.19299505524494,SPB,0,33,2.2,5.17,19.3,2.0,2,5,0,5,2.7,134.66737200775748
59234,2025-02-07 14:27:00,4,2.07,1,car,55.0,Moscow,1,7,-4.0,4.07,15.9,5.0,2,14,0,4,3.7260273972602738,21.48482238201212
72770,2024-03-12 09:50:00,4,0.92,0,car,53.93865388999127,Kazan,0,37,-1.9,5.32,9.6,3.0,3,9,0,1,1.9180327868852458,84.21046654717624
77683,2024-02-07 22:12:00,1,3.5,0,bike,39.430915777080756,SPB,0,20,-14.6,8.88,4.7,3.0,2,22,0,2,2.537313432835821,79.1161203954475
69515,2025-05-06 12:32:00,2,12.4,0,scooter,55.0,Moscow,0,30,8.3,2.08,18.8,5.0,5,12,0,1,4.012987012987013,181.02689032582032
47300,2024-08-29 04:40:00,2,7.71,0,bike,41.76333005471556,SPB,1,13,13.0,2.09,13.6,4.0,8,4,0,3,2.263888888888889,103.07759956013155
18050,2024-09-03 20:17:00,1,1.74,0,car,55.0,Moscow,0,34,19.6,1.38,5.7,4.0,9,20,0,1,3.730769230769231,69.12601210525135
69465,2024-12-30 18:45:00,2,5.76,0,car,55.0,SPB,0,37,0.7,1.56,13.647540983606557,3.0,12,18,0,0,2.2535211267605635,111.10369332009685
73317,2024-08-25 06:54:00,3,3.1,0,scooter,36.42755350070934,Moscow,1,7,13.6,8.11,0.0,3.0,8,6,0,6,3.736842105263158,57.79176487350611
26069,2025-05-23 11:49:00,2,5.24,0,car,55.0,Kazan,0,18,16.2,9.68,6.0,2.0,5,11,0,4,2.1875,85.46407551657207
74925,2024-04-05 21:25:00,5,0.36,0,car,55.0,SPB,1,6,-0.6,5.15,9.1,4.0,4,21,0,4,2.5217391304347827,37.82697397480124
55327,2024-02-10 12:00:00,2,2.16,0,car,55.0,Moscow,0,36,-20.2,0.19,12.7,4.0,2,12,0,5,4.012987012987013,74.90622062852908
96419,2024-10-31 00:13:00,1,3.54,0,bike,45.195252478472824,Moscow,0,27,7.1,19.67,0.0,4.0,10,0,1,3,4.571428571428571,99.10024263195297
45124,2024-10-22 18:52:00,1,2.65,0,car,55.0,Moscow,0,36,8.0,2.13,16.9,4.0,10,18,0,1,3.4415584415584415,91.89758340081235
12544,2025-04-17 12:00:00,4,0.13,0,bike,33.503041454143556,Moscow,1,12,14.5,5.32,10.8,nan,4,12,0,3,3.6842105263157894,11.106177527013337
58460,2024-12-25 21:16:00,3,1.55,0,car,55.0,SPB,1,7,3.3,17.49,18.3,3.0,12,21,1,2,2.292307692307692,53.93489300944929
21596,2025-06-07 11:37:00,2,0.67,0,car,55.0,Moscow,0,39,26.5,1.62,0.2,3.0,6,11,0,5,3.486842105263158,69.1199175779246
24413,2024-09-16 04:59:00,3,4.27,0,car,55.0,Moscow,0,39,10.2,2.24,10.8,4.0,9,4,0,0,4.116883116883117,99.65343589149946
13582,2025-06-06 07:44:00,6,4.67,0,bike,35.96575629651888,SPB,1,10,14.7,8.29,7.7,3.0,6,7,0,4,2.3285714285714287,86.87625919893291
63972,2025-01-25 07:27:00,2,6.47,0,car,55.0,Kazan,0,22,-15.9,2.42,1.0,2.0,1,7,0,5,1.9833333333333334,95.13712790719886
97518,2024-04-24 15:23:00,2,3.5,0,car,55.0,Moscow,0,39,12.3,1.55,18.5,4.0,4,15,0,2,4.094594594594595,90.14982619462506
73758,2025-05-17 11:48:00,3,6.59,0,car,55.0,SPB,0,16,10.9,1.2,4.0,2.0,5,11,0,5,2.4507042253521125,86.86122462856234
9873,2025-05-05 05:32:00,2,5.82,0,bike,35.574343203740504,Kazan,0,20,12.8,4.09,6.9,2.0,5,5,0,0,2.0307692307692307,88.81260201960971
58992,2024-11-24 15:45:00,2,2.76,0,bike,37.22409459253831,SPB,1,6,1.9,0.3,23.5,2.0,11,15,0,6,2.4714285714285715,42.7715846631277
5930,2024-02-19 23:42:00,1,4.17,0,car,55.0,Moscow,0,18,-8.4,8.2,15.6,5.0,2,23,0,0,3.9066666666666667,82.24058410195317
51227,2024-11-25 11:40:00,2,1.67,0,car,55.0,Moscow,0,16,-3.4,6.94,13.4,4.0,11,11,0,0,3.526315789473684,56.64347435265974
94935,2025-06-13 08:49:00,7,6.58,0,bike,31.260861704088715,Kazan,0,18,19.9,1.45,4.6,2.0,6,8,0,4,2.2285714285714286,104.97815698797741
63426,2024-02-22 20:31:00,7,6.09,1,scooter,48.67284070467812,Kazan,1,5,-12.5,0.81,20.1,3.0,2,20,0,3,1.876923076923077,58.044202098621824
88961,2024-12-22 02:30:00,2,3.72,0,car,55.0,Moscow,0,28,-5.0,6.87,23.6,3.0,12,2,0,6,4.184210526315789,72.9385159511596
7970,2024-01-07 15:54:00,3,2.39,0,scooter,55.0,SPB,0,26,-17.2,5.46,20.9,2.0,1,15,0,6,2.4714285714285715,67.22989293954971
79919,2024-05-02 07:44:00,1,9.93,0,car,55.0,Kazan,0,35,5.8,9.07,17.1,3.0,5,7,0,3,2.1363636363636362,151.32901675903761
91137,2024-11-08 19:11:00,1,2.97,0,scooter,53.06435092865217,SPB,0,33,6.0,0.05,9.7,3.0,11,19,0,4,2.315068493150685,78.80679377781718
34100,2025-03-25 02:46:00,2,2.71,0,car,55.0,SPB,1,12,1.7,1.03,9.762717882504843,4.0,3,2,0,1,2.5285714285714285,52.97626947584531
71390,2024-08-22 13:25:00,3,1.98,0,bike,33.19299505524494,Moscow,1,6,23.7,6.76,8.4,4.0,8,13,0,3,3.8666666666666667,54.6221608488189
64148,2024-07-02 10:30:00,2,6.22,0,car,55.0,Moscow,0,16,29.5,4.1,2.4,4.0,7,10,0,1,3.675324675324675,88.57067363259573
50153,2024-10-10 03:32:00,2,1.71,0,scooter,55.0,Kazan,0,22,3.9,5.02,12.4,3.0,10,3,0,3,2.19672131147541,56.87262279804139
91316,2024-11-11 10:11:00,5,1.36,0,bike,37.45176782140707,SPB,1,7,-3.2,6.977453416149069,10.8,3.0,11,10,0,0,2.5277777777777777,48.954214719164156
50394,2025-03-04 16:05:00,2,6.25,0,scooter,38.31527511177083,SPB,0,17,1.6,1.28,17.8,3.0,3,16,0,1,2.411764705882353,90.99162419220536
10095,2024-08-20 14:26:00,6,4.16,0,bike,31.870139968385395,Kazan,1,8,21.1,3.34,8.5,2.0,8,14,0,1,2.123076923076923,67.54043340964456
91646,2024-05-05 20:35:00,3,4.48,0,bike,30.444795647135667,Kazan,0,35,5.5,1.59,3.3,2.0,5,20,0,6,2.0597014925373136,95.70402544212521
49221,2025-03-16 23:27:00,1,3.88,0,bike,39.11667838566589,Moscow,0,21,-0.7,3.52,18.2,3.0,3,23,0,6,3.5657894736842106,76.98869145976025
81004,2025-06-03 04:50:00,2,3.34,0,car,55.0,Moscow,0,15,14.9,0.06,3.3,5.0,6,4,0,1,3.8,61.869634841964725
64223,2024-06-29 23:25:00,6,2.88,0,car,55.0,Moscow,0,28,21.2,0.67,15.3,4.0,6,23,0,5,4.076923076923077,79.57754183240695
55267,2024-10-24 10:42:00,7,3.55,0,scooter,50.19968924951003,Kazan,1,9,6.9,1.08,14.5,3.0,10,10,0,3,2.126984126984127,57.488533232411484
38481,2024-09-23 07:34:00,6,3.4,0,car,55.0,Kazan,0,22,6.7,4.15,5.5,2.0,9,7,0,0,2.03125,74.13536470093383
40778,2024-07-21 23:28:00,2,5.83,1,car,55.0,SPB,0,29,17.1,5.35,18.3,2.0,7,23,0,6,2.375,83.62298453290794
2417,2024-02-13 04:38:00,3,4.79,0,scooter,41.41642418784267,SPB,0,35,-16.1,4.47,21.9,3.0,2,4,0,1,2.292307692307692,100.40868243227095
36103,2024-12-30 15:35:00,3,2.87,0,car,55.0,Moscow,0,17,0.5,33.58,2.4,4.0,12,15,1,0,3.5789473684210527,79.67399120501064
53198,2024-08-04 07:44:00,5,6.91,0,car,55.0,Moscow,0,27,15.9,1.3,13.0,4.0,8,7,0,6,4.065789473684211,113.34496774342395
52498,2024-11-03 23:53:00,2,3.6,0,car,55.0,Moscow,0,22,-0.8,1.82,16.6,3.0,11,23,0,6,3.5657894736842106,69.77375861900437
77093,2025-03-22 13:20:00,4,7.5,0,car,53.93865388999127,SPB,1,11,3.8,4.0,6.1,2.0,3,13,0,5,2.380281690140845,94.2200382305119
30962,2025-05-23 11:03:00,4,3.43,0,car,55.0,Kazan,0,23,16.2,9.68,6.0,2.0,5,11,0,4,2.1875,79.68889945419502
58376,2024-07-31 00:04:00,3,6.74,0,car,55.0,Moscow,1,5,14.7,4.058662716885315,18.9,5.0,7,0,0,2,3.871794871794872,57.31014722547965
90250,2024-06-25 02:50:00,3,3.04,0,car,55.0,Moscow,1,11,12.6,0.07,1.2,4.0,6,2,0,1,3.727272727272727,50.981135869498026
6697,2024-08-21 11:34:00,4,2.85,0,car,55.0,SPB,1,8,19.2,2.75,18.3,3.0,8,11,0,2,2.4794520547945207,51.82852638112348
49396,2024-09-25 16:30:00,5,8.64,0,car,55.0,Moscow,1,11,22.5,6.16,8.8,4.0,9,16,0,2,3.858974358974359,118.44005432151583
87504,2024-01-27 03:00:00,2,2.04,0,car,55.0,SPB,0,31,-4.2,12.98,8.9,3.0,1,3,1,5,2.4864864864864864,78.73072311588423
64481,2024-05-24 23:37:00,2,5.37,0,bike,38.62838052170366,Moscow,0,16,12.7,2.84,0.8,5.0,5,23,0,4,3.896103896103896,91.7210921360894
86630,2025-03-30 17:29:00,4,7.74,0,car,55.0,Kazan,0,19,10.7,2.15,1.6,1.0,3,17,0,6,2.1,105.59604104838519
85220,2025-01-13 13:36:00,3,6.68,0,car,55.0,SPB,0,16,-8.0,16.88,6.5,3.0,1,13,1,0,2.3857142857142857,105.0650786900801
39066,2025-04-22 18:39:00,5,2.86,0,scooter,44.79372201513367,Moscow,0,25,22.1,17.33,8.4,4.0,4,18,1,1,3.4415584415584415,102.03831305653404
62974,2024-03-17 04:55:00,2,1.1,0,bike,39.11667838566589,SPB,0,23,5.3,0.34,16.2,2.0,3,4,0,6,2.303030303030303,48.59071091793992
59245,2024-05-04 08:29:00,1,2.15,0,car,55.0,Moscow,1,10,5.6,5.59,4.6,4.0,5,8,0,5,3.527027027027027,54.72141522335008
21773,2025-03-03 14:33:00,2,2.99,0,scooter,55.0,Moscow,1,6,0.9,5.71,0.6,4.0,3,14,0,0,4.142857142857143,48.38282180442643
25581,2024-08-17 14:13:00,1,6.34,0,car,55.0,Moscow,0,39,24.0,2.23,4.5,3.0,8,14,0,5,3.6363636363636362,111.00792097961104
3888,2025-05-11 03:15:00,2,4.27,0,bike,37.22409459253831,SPB,0,28,3.5,4.76,18.3,2.0,5,3,0,6,2.4029850746268657,90.63863378984551
70970,2025-02-28 13:27:00,4,1.25,0,bike,38.01026765395612,Moscow,0,26,1.2,0.34,1.8,4.0,2,13,0,4,3.935064935064935,61.51592948951478
3129,2025-05-04 05:21:00,6,3.74,0,bike,38.8266233036702,Moscow,1,10,6.8,2.43,19.7,3.0,5,5,0,6,3.7866666666666666,69.06647176727189
97217,2024-04-11 10:37:00,3,8.61,0,scooter,55.0,Moscow,0,27,16.3,2.88,0.3,4.0,4,10,0,3,3.782051282051282,126.13868259037719
14532,2024-11-15 02:34:00,4,0.61,0,bike,35.96575629651888,Moscow,1,5,-0.9,13.33,5.5,5.0,11,2,1,4,3.8552631578947367,56.46661742064052
33124,2024-09-05 19:54:00,4,3.89,0,scooter,41.41642418784267,Kazan,0,18,13.5,1.06,15.7,2.0,9,19,0,3,2.096774193548387,73.33402867847305
19048,2024-08-02 12:18:00,2,0.39,1,bike,38.94927677658439,Moscow,0,36,20.1,3.56,19.7,4.0,8,12,0,4,3.74025974025974,61.86495708090228
22955,2024-01-06 17:02:00,2,0.97,0,car,51.43065228264467,Moscow,1,9,-16.6,17.65,22.0,4.0,1,17,1,5,3.92,61.45560248494376
48309,2024-12-07 07:43:00,4,8.32,0,bike,28.43607271038636,Kazan,0,35,-7.4,4.57,15.3,1.0,12,7,0,5,1.9833333333333334,138.8638612036596
5882,2024-03-31 22:30:00,5,2.83,0,bike,40.58851705937706,SPB,0,16,8.1,5.25,18.1,2.0,3,22,0,6,2.5441176470588234,65.86873300279967
3536,2024-12-16 09:07:00,3,1.7,0,bike,38.07882928487708,SPB,0,20,-6.6,2.8,9.1,3.0,12,9,0,0,2.417910447761194,68.38094173000705
46874,2024-09-15 03:14:00,2,2.12,0,bike,42.40735828019987,Moscow,1,13,15.9,4.63,11.8,3.0,9,3,0,6,3.710526315789474,54.36892999878431
57757,2024-05-11 18:53:00,2,3.69,0,bike,36.673060427125655,Kazan,1,14,9.7,5.39,11.2,1.0,5,18,0,5,2.2096774193548385,63.831059604396536
17241,2025-05-30 00:03:00,3,6.13,0,car,55.0,Kazan,1,9,21.2,5.21,10.5,2.0,5,0,0,4,2.0952380952380953,78.70377557376592
98195,2024-05-11 12:05:00,2,2.91,0,car,55.0,Kazan,0,29,8.0,5.39,11.2,1.0,5,12,0,5,2.1875,64.75001558628972
40340,2024-09-04 01:02:00,3,1.11,0,car,55.0,SPB,1,7,15.3,8.34,8.1,4.0,9,1,0,2,2.4153846153846152,45.88704024358621
47438,2024-05-12 05:35:00,2,2.69,1,scooter,48.67898980658732,Moscow,0,16,1.1,0.46,9.2,3.0,5,5,0,6,3.7866666666666666,40.973585204651336
19034,2024-04-02 03:35:00,3,9.98,0,car,55.0,Moscow,1,9,8.3,3.34,17.0,4.0,4,3,0,1,3.64,127.03697828389143
34727,2024-07-30 23:54:00,2,3.17,0,scooter,46.44408516513773,SPB,0,20,17.1,6.09,12.0,3.0,7,23,0,1,2.342857142857143,65.92373933053014
70121,2024-10-27 12:56:00,3,0.98,0,bike,42.257796955237886,Kazan,0,27,3.3,5.35,13.3,1.0,10,12,0,6,2.0491803278688523,60.61217810574804
62425,2025-05-21 09:45:00,3,3.2,0,car,55.0,Moscow,0,19,15.2,2.24,16.9,4.0,5,9,0,2,3.6623376623376624,79.18679754379323
32302,2024-01-01 06:20:00,2,0.75,0,car,55.0,Moscow,0,36,-14.4,5.720882520402354,23.0,4.0,1,6,0,0,3.8133333333333335,24.168947871570495
94249,2024-12-25 08:39:00,4,0.89,0,scooter,39.047551890965785,Moscow,0,30,-1.8,3.37,6.4,4.0,12,8,0,2,3.8493150684931505,80.66649834104713
91267,2025-04-17 11:26:00,5,3.53,0,scooter,50.81018222286416,SPB,1,6,12.2,18.26,3.3,3.0,4,11,1,3,2.619047619047619,66.33371157436613
52222,2024-04-14 04:06:00,4,3.13,0,car,55.0,Kazan,0,25,2.6,8.36,5.7,1.0,4,4,0,6,2.046153846153846,75.47763032604807
70220,2025-05-04 01:43:00,5,4.2,0,car,55.0,Kazan,0,35,6.8,3.8945447440406404,10.9,1.0,5,1,0,6,1.8615384615384616,89.9362513591013
76017,2024-09-28 15:27:00,3,1.94,0,bike,42.40735828019987,SPB,0,25,12.8,6.15,8.6,3.0,9,15,0,5,2.373134328358209,69.4312589027817
70861,2025-04-24 17:25:00,4,5.21,0,car,55.0,Kazan,0,35,14.9,3.3279799666110184,3.8,2.0,4,17,0,3,2.0163934426229506,106.91499042594177
69305,2024-09-22 15:48:00,2,12.89,0,car,55.0,Moscow,0,23,13.9,0.04,17.2,3.0,9,15,0,6,3.8157894736842106,159.88784176663967
11314,2025-04-26 16:41:00,3,3.95,0,bike,37.21804023678132,Moscow,1,12,6.9,1.08,0.7,3.0,4,16,0,5,4.0394736842105265,68.2666395154427
23043,2024-11-28 05:41:00,4,9.63,0,bike,36.24682112531779,Moscow,0,35,-2.9,5.08,7.0,5.0,11,5,0,3,4.246753246753247,167.58262850917754
90059,2024-08-10 00:49:00,3,4.13,0,scooter,42.921171489570995,SPB,1,8,16.5,9.86,19.8,2.0,8,0,0,5,2.4571428571428573,66.75465512530339
78975,2024-06-03 05:55:00,4,3.87,0,bike,37.22409459253831,Moscow,0,34,17.2,11.21,15.0,4.0,6,5,1,0,4.116883116883117,110.21969393264537
64221,2025-01-23 02:37:00,6,6.59,0,scooter,48.70580908301911,Moscow,1,5,-2.1,7.8,7.9,4.0,1,2,0,3,3.7466666666666666,91.11146578388184
41654,2024-02-11 13:45:00,5,2.91,0,car,55.0,SPB,0,33,-12.2,0.87,20.2,2.0,2,13,0,6,2.5303030303030303,78.67089891119691
54798,2024-05-08 08:39:00,1,0.88,0,car,55.0,Kazan,0,30,3.8,5.76,19.7,2.0,5,8,0,2,2.1639344262295084,62.94401511529057
89653,2024-09-05 01:06:00,4,2.5,0,car,55.0,Kazan,0,20,10.4,1.06,15.7,2.0,9,1,0,3,2.2388059701492535,57.11182252373288
97273,2024-07-31 11:16:00,3,0.88,0,car,55.0,Moscow,1,5,18.6,4.058662716885315,18.9,5.0,7,11,0,2,3.688311688311688,16.15919557940495
28894,2025-03-15 13:07:00,2,3.84,0,bike,30.997625676503116,Moscow,0,39,0.1,0.27,9.7,3.0,3,13,0,5,3.9743589743589745,90.87171931553368
30913,2025-02-07 07:57:00,1,2.25,0,car,55.0,SPB,1,5,-3.1,6.11,0.1,3.0,2,7,0,4,2.3285714285714287,45.795624216110255
48087,2025-01-30 18:20:00,2,0.41,0,car,55.0,Kazan,0,34,0.1,2.51,4.9,2.0,1,18,0,3,2.09375,65.57167429580156
77312,2024-10-24 18:51:00,4,4.61,0,car,55.0,Moscow,1,10,7.9,9.14,17.4,5.0,10,18,0,3,3.554054054054054,93.10740980801314
4367,2025-02-06 11:56:00,2,3.51,0,car,55.0,Moscow,0,35,-2.4,2.01,2.4,4.0,2,11,0,3,3.9864864864864864,85.36059813562612
55002,2024-10-22 01:39:00,4,9.85,0,car,55.0,Kazan,1,7,5.1,0.13,1.2,2.0,10,1,0,1,2.101449275362319,105.95651596612853
64035,2024-06-21 05:14:00,1,0.99,0,scooter,49.86328877279848,Moscow,0,16,12.5,1.06,14.0,4.0,6,5,0,4,3.75,44.85770940594484
68882,2024-04-26 04:30:00,1,3.86,0,bike,36.62098754864886,SPB,0,24,5.0,1.69,19.2,3.0,4,4,0,4,2.5,78.15835103992745
26496,2025-03-17 17:17:00,7,3.29,0,car,55.0,Moscow,0,27,-1.8,0.49,13.2,4.0,3,17,0,0,3.810810810810811,93.07449829918556
26947,2024-07-27 01:25:00,4,2.5,0,bike,37.32002871481163,Kazan,0,19,14.3,3.3,14.1,1.0,7,1,0,5,2.0303030303030303,60.29460667118956
21494,2024-09-19 21:43:00,3,5.2,0,bike,33.624359958418964,Moscow,0,23,16.2,3.57,16.7,4.0,9,21,0,3,3.810810810810811,97.96262827989062
10660,2025-05-28 13:09:00,4,5.47,0,car,55.0,SPB,0,32,19.6,1.0,19.2,4.0,5,13,0,2,2.426470588235294,104.54587987467127
88651,2024-09-23 23:45:00,1,3.32,0,car,55.0,Moscow,0,33,7.2,2.21,4.7,4.0,9,23,0,0,3.9066666666666667,80.63649819714118
81342,2024-07-17 11:37:00,4,4.97,0,car,55.0,SPB,0,16,25.2,1.25,10.6,3.0,7,11,0,2,2.4794520547945207,76.6882986406798
23676,2024-02-19 23:16:00,3,4.74,0,car,55.0,Moscow,0,35,-8.4,8.2,15.6,5.0,2,23,0,0,3.9066666666666667,109.19203743106743
63439,2025-02-10 11:40:00,5,6.15,0,scooter,42.921171489570995,Kazan,0,24,-6.7,4.725955400087451,23.9,3.0,2,11,0,0,2.0163934426229506,102.25063482799376
9407,2025-06-15 04:13:00,2,11.97,0,car,55.0,Moscow,1,13,12.9,6.45,10.5,3.0,6,4,0,6,3.68,141.79967474059669
48024,2024-02-21 22:25:00,3,8.36,0,bike,38.301186923671516,Kazan,1,9,-12.9,1.58,3.5,3.0,2,22,0,2,1.7575757575757576,109.06749972727474
82116,2024-12-26 02:37:00,2,7.53,0,car,55.0,Moscow,0,39,-0.8,2.63,23.6,5.0,12,2,0,3,3.7466666666666666,135.88407577621348
34313,2024-11-13 03:20:00,3,6.82,0,car,55.0,SPB,0,20,1.9,24.92,10.3,3.0,11,3,1,2,2.411764705882353,113.7832289422781
92417,2024-03-04 17:14:00,1,1.65,0,bike,36.847051198698445,SPB,1,8,1.8,12.75,13.2,3.0,3,17,1,0,2.5625,66.66828455092791
29541,2024-06-16 00:06:00,2,0.57,0,bike,33.782298784964645,Moscow,0,30,16.2,3.67,5.0,3.0,6,0,0,6,3.727272727272727,60.4271173735523
49238,2024-06-22 18:58:00,5,4.27,0,car,55.0,SPB,0,25,17.4,5.04,9.3,3.0,6,18,0,5,2.4027777777777777,96.44873347905715
72546,2025-03-18 12:26:00,3,3.5,0,scooter,50.84117784067927,Kazan,1,9,-0.1,8.86,11.5,3.0,3,12,0,1,2.0793650793650795,62.4095864087879
18252,2024-05-08 16:44:00,2,2.94,0,scooter,46.44984473997541,Kazan,1,5,7.0,5.76,19.7,2.0,5,16,0,2,2.046875,48.119632269651504
75230,2024-10-24 17:07:00,5,1.86,0,bike,32.37325941116156,Moscow,1,6,8.1,9.14,17.4,5.0,10,17,0,3,4.012820512820513,75.9083546755334
90693,2024-01-20 10:52:00,3,2.06,0,bike,37.22409459253831,Moscow,1,14,-8.1,7.13,19.6,3.0,1,10,0,5,4.175675675675675,63.507454135322234
25756,2024-10-14 11:37:00,3,3.96,0,car,55.0,Moscow,0,39,1.2,1.17,4.1,4.0,10,11,0,0,3.526315789473684,95.07919269125249
16411,2025-01-26 21:52:00,3,3.37,0,car,55.0,Moscow,0,21,1.8,5.720882520402354,21.9,3.0,1,21,0,6,3.5714285714285716,32.79809249338215
92315,2024-05-18 14:40:00,2,2.12,0,car,55.0,Moscow,0,31,17.9,3.6699035187287175,14.3,4.0,5,14,0,5,3.6363636363636362,67.56674809808185
21267,2025-01-29 12:46:00,3,5.26,0,scooter,44.50215595557376,SPB,1,10,2.6,3.04,7.0,4.0,1,12,0,2,2.410958904109589,78.25529661725147
92062,2024-08-02 12:38:00,5,2.0,0,car,55.0,Moscow,1,13,20.1,3.56,19.7,4.0,8,12,0,4,3.74025974025974,55.05084516843899
27371,2024-01-04 07:02:00,3,2.85,0,scooter,46.44408516513773,Moscow,0,22,-29.0,7.75,0.6,4.0,1,7,0,3,3.5,77.37364546034568
67392,2024-07-17 14:27:00,2,2.31,0,scooter,46.65016744281999,Moscow,0,34,29.1,3.76,9.9,4.0,7,14,0,2,3.4415584415584415,67.29733781431224
36635,2024-07-11 18:55:00,1,12.7,0,scooter,43.16043291364058,Moscow,0,35,26.8,14.06,6.5,4.0,7,18,1,3,3.554054054054054,204.84240968649823
95022,2024-11-22 00:09:00,2,11.12,0,car,55.0,Kazan,0,29,2.3,2.77,20.6,2.0,11,0,0,4,2.0952380952380953,158.54644163996522
57511,2024-09-12 04:48:00,3,3.63,0,car,55.0,SPB,0,24,17.7,6.4,10.3,4.0,9,4,0,3,2.263888888888889,80.68324076999751
97840,2024-02-08 16:20:00,8,3.47,0,car,55.0,Moscow,1,7,-12.8,15.55,21.5,5.0,2,16,1,3,3.6363636363636362,71.66666730728949
27929,2025-05-03 11:06:00,4,3.63,0,car,55.0,Moscow,0,31,11.1,3.71,17.3,3.0,5,11,0,5,3.486842105263158,85.6443378489775
68811,2025-01-02 16:31:00,2,8.43,0,car,55.0,Kazan,1,6,1.6,1.31,4.4,2.0,1,16,0,3,1.9206349206349207,91.55539173419957
826,2024-03-09 20:26:00,3,2.96,1,car,55.0,SPB,0,16,-3.1,1.93,3.0,2.0,3,20,0,5,2.4461538461538463,45.26669884417824
17164,2024-07-16 16:11:00,1,6.04,0,bike,35.5218365044405,Kazan,1,8,25.1,4.07,2.4,3.0,7,16,0,1,2.3174603174603177,74.50427936943422
70449,2024-10-31 13:13:00,2,7.08,0,scooter,55.0,SPB,1,11,4.9,2.55,7.1,4.0,10,13,0,3,2.4571428571428573,93.7372063931559
64074,2024-03-29 06:50:00,6,0.86,0,car,55.0,Moscow,0,36,2.0,9.81,11.5,4.0,3,6,0,4,3.831168831168831,90.1566650478524
17886,2025-06-20 18:44:00,2,2.3,0,car,55.0,Moscow,1,6,17.0,1.58,0.7,5.0,6,18,0,4,3.8026315789473686,61.06915618458317
95610,2024-01-04 22:42:00,1,3.91,0,bike,38.62838052170366,SPB,0,39,-30.1,4.72,16.9,4.0,1,22,0,3,2.4558823529411766,102.92953833973642
5528,2024-03-18 15:36:00,4,4.16,1,bike,36.41063141303707,Kazan,0,32,0.4,1.48,17.6,nan,3,15,0,0,2.1666666666666665,11.340184276216
11624,2024-12-22 19:31:00,4,6.28,1,scooter,54.69739406908258,Kazan,0,34,0.7,8.06,15.9,1.0,12,19,0,6,1.9508196721311475,106.78831576147729
60728,2024-09-19 19:37:00,2,1.88,0,bike,35.716101269659816,Moscow,1,13,16.3,3.57,16.7,4.0,9,19,0,3,3.5657894736842106,67.37775294589532
37337,2024-09-20 22:34:00,6,3.78,0,car,55.0,Moscow,1,5,14.3,0.6,7.3,4.0,9,22,0,4,3.9466666666666668,54.08981366789014
67973,2025-04-30 06:57:00,2,10.92,0,car,55.0,Moscow,0,24,7.1,4.66,18.3,4.0,4,6,0,2,3.769230769230769,148.55780001086418
96709,2024-12-20 18:00:00,3,0.9,0,bike,38.56610576982384,SPB,1,8,2.3,0.92,11.3,4.0,12,18,0,4,2.356164383561644,51.10317540195976
53728,2025-05-12 00:11:00,2,3.75,0,scooter,55.0,Kazan,0,37,8.1,3.09,16.5,2.0,5,0,0,0,1.9666666666666666,86.82831708685863
97027,2024-06-25 14:58:00,5,3.41,1,car,55.0,Kazan,1,7,17.2,2.59,17.3,3.0,6,14,0,1,2.123076923076923,40.868704250419405
90004,2025-01-31 10:51:00,5,2.25,0,car,55.0,SPB,0,29,3.3,14.77,21.7,3.0,1,10,1,4,2.323943661971831,93.05247261880866
21675,2024-09-23 10:25:00,2,4.48,0,scooter,50.19968924951003,SPB,0,37,9.2,6.09,13.4,3.0,9,10,0,0,2.5277777777777777,95.30064331066475
97184,2024-10-27 10:39:00,2,1.25,0,scooter,46.87140935662086,Moscow,1,7,5.5,3.06,17.2,3.0,10,10,0,6,3.5526315789473686,38.53603183059912
44384,2025-04-08 08:37:00,4,2.67,0,scooter,55.0,Kazan,1,10,7.9,2.29,9.8,3.0,4,8,0,1,2.235294117647059,60.69548752921163
8027,2024-11-23 07:31:00,3,1.18,0,car,55.0,Kazan,0,29,-0.4,3.85,15.4,1.0,11,7,0,5,1.9833333333333334,58.74289167548562
81967,2024-04-14 00:18:00,5,6.09,1,car,55.0,Moscow,1,12,6.1,10.69,17.5,nan,4,0,0,6,3.727272727272727,12.152352686331803
77131,2025-06-06 08:44:00,1,2.21,1,scooter,53.6365997086488,SPB,1,6,14.8,8.29,7.7,3.0,6,8,0,4,2.4328358208955225,44.553292234186884
89298,2024-08-19 14:58:00,2,6.03,0,car,55.0,Moscow,0,35,26.7,1.95,2.1,4.0,8,14,0,0,4.142857142857143,109.23642525394322
46575,2024-05-17 06:26:00,4,2.39,0,car,55.0,Kazan,0,32,10.8,2.43,6.9,2.0,5,6,0,4,2.2222222222222223,75.04239980632548
46650,2025-01-16 19:20:00,2,2.56,0,bike,40.32854369446495,Moscow,1,9,0.7,0.38,1.8,5.0,1,19,0,3,3.5657894736842106,65.17805950230249
18749,2025-06-17 01:28:00,4,2.76,0,car,55.0,Kazan,0,37,15.8,1.75,4.7,2.0,6,1,0,1,2.101449275362319,81.66644960346599
33457,2024-10-31 05:24:00,2,1.43,0,bike,37.45176782140707,Moscow,0,36,2.6,19.67,0.0,4.0,10,5,1,3,4.246753246753247,96.13691196427878
47000,2024-02-19 01:39:00,4,3.53,0,car,53.93865388999127,Kazan,1,12,-6.8,5.9,15.6,2.0,2,1,0,0,2.130434782608696,59.99315775686561
36553,2024-10-26 16:22:00,2,7.95,0,bike,36.847051198698445,Moscow,0,16,7.3,9.23,0.1,3.0,10,16,0,5,4.0394736842105265,124.928284777415
54674,2024-12-16 06:34:00,2,5.27,0,car,55.0,Moscow,1,11,-1.7,3.85,1.5,4.0,12,6,0,0,3.8133333333333335,76.36415715856089
28222,2025-01-15 16:16:00,4,4.56,0,bike,35.716101269659816,SPB,0,33,-0.9,6.66,18.8,3.0,1,16,0,2,2.1470588235294117,107.88170310405084
61153,2024-07-05 12:23:00,4,17.03,0,car,55.0,Moscow,1,12,24.4,1.0,4.9,5.0,7,12,0,4,3.74025974025974,191.25831603996568
40032,2024-06-09 22:59:00,2,4.33,0,car,55.0,Kazan,0,30,15.9,5.33,11.0,1.0,6,22,0,6,2.264705882352941,80.0956347954521
40514,2025-06-07 10:16:00,2,4.3,0,scooter,54.71734502201816,Kazan,0,39,21.2,0.24,9.6,1.0,6,10,0,5,1.791044776119403,85.44553124193271
51467,2025-04-07 06:09:00,4,4.44,1,car,55.0,Moscow,1,6,-2.7,0.35,1.8,5.0,4,6,0,0,3.8133333333333335,51.879486857575145
89228,2025-02-15 05:39:00,5,6.94,0,scooter,55.0,Kazan,1,9,-11.3,4.55,10.8,1.0,2,5,0,5,2.0317460317460316,85.64546850548697
13241,2024-10-04 00:39:00,4,1.8,0,car,55.0,Moscow,1,7,10.9,4.9,2.9,4.0,10,0,0,4,3.5064935064935066,44.08384077054831
20575,2024-09-01 12:27:00,2,3.31,0,bike,37.45176782140707,Moscow,0,25,26.0,9.12,14.7,4.0,9,12,0,6,3.789473684210526,89.81930031094294
44929,2024-10-19 03:12:00,2,7.64,0,scooter,53.6365997086488,Moscow,1,9,-2.2,5.73,11.3,3.0,10,3,0,5,4.04,94.13873551948637
54419,2024-01-16 13:37:00,2,13.69,0,car,55.0,Kazan,1,13,-3.9,5.78,14.3,2.0,1,13,0,1,1.9523809523809523,178.70413276461363
73878,2024-10-21 08:45:00,3,1.29,0,car,55.0,Moscow,0,25,2.7,5.15,14.6,4.0,10,8,0,0,3.6315789473684212,75.12919888012678
59848,2024-03-20 06:11:00,3,1.84,0,car,55.0,Moscow,1,13,-7.3,2.44,19.4,5.0,3,6,0,2,3.769230769230769,52.63296826303234
73837,2025-04-17 10:41:00,4,4.05,0,bike,35.086380143438284,Moscow,1,5,13.8,5.32,10.8,nan,4,10,0,3,3.782051282051282,11.350746805724981
81081,2025-06-19 19:08:00,3,0.12,0,bike,42.8376824131858,Moscow,0,31,15.4,2.16,14.5,4.0,6,19,0,3,3.5657894736842106,78.03557432637274
82545,2024-05-14 00:18:00,3,6.36,0,scooter,50.660526107716386,Moscow,1,9,1.3,7.82,19.8,4.0,5,0,0,1,3.779220779220779,91.23859691781874
14360,2025-02-08 13:03:00,3,1.22,0,scooter,36.42755350070934,Kazan,1,8,-6.5,2.09,1.3,1.0,2,13,0,5,2.033333333333333,32.13706529955655
18742,2024-07-14 12:45:00,3,10.4,0,car,55.0,Moscow,0,27,28.8,3.54,4.2,3.0,7,12,0,6,3.789473684210526,141.99597825196435
85936,2025-02-06 05:16:00,4,7.26,0,car,55.0,Kazan,0,37,-8.9,1.45,21.5,2.0,2,5,0,3,2.074626865671642,124.43031195386314
67018,2024-10-17 12:52:00,2,1.86,0,car,55.0,Moscow,0,29,6.6,18.88,11.0,4.0,10,12,1,3,3.6842105263157894,82.94035519921454
13678,2024-05-13 09:41:00,2,3.3,0,scooter,55.0,Kazan,1,12,7.4,3.96,0.5,2.0,5,9,0,0,2.1285714285714286,61.23748031678084
73693,2024-01-03 21:00:00,4,2.76,1,bike,31.260861704088715,Moscow,1,6,-27.7,2.3,22.4,4.0,1,21,0,2,3.6153846153846154,45.54294450553917
63099,2024-05-23 04:08:00,3,3.83,0,car,55.0,Kazan,1,11,4.8,3.8945447440406404,19.7,3.0,5,4,0,3,2.044776119402985,57.99596578174807
16977,2024-07-29 12:50:00,1,1.41,1,car,55.0,Kazan,1,5,22.9,0.89,18.1,2.0,7,12,0,0,2.5,19.091384615378786
35274,2024-01-23 10:30:00,7,4.67,0,car,55.0,SPB,0,15,2.1,30.89,3.3,4.0,1,10,1,1,2.564516129032258,101.4041383719785
20296,2024-07-31 02:17:00,5,1.93,0,car,55.0,SPB,0,24,16.5,7.31,14.6,3.0,7,2,0,2,2.272727272727273,69.22867982048264
5221,2024-10-13 08:39:00,2,4.02,0,scooter,46.49258940217779,Moscow,1,14,4.3,5.53,6.3,4.0,10,8,0,6,3.8289473684210527,81.25707341534876
61527,2024-06-26 06:32:00,3,0.49,0,car,55.0,SPB,1,13,18.4,1.95,1.7,4.0,6,6,0,2,2.579710144927536,42.37979055733401
39952,2024-06-16 00:23:00,1,2.0,0,car,55.0,Kazan,0,17,21.1,1.46,7.7,1.0,6,0,0,6,2.34375,45.10007196081914
68425,2025-03-20 03:45:00,3,3.33,0,car,55.0,Moscow,1,12,-0.2,0.06,18.4,4.0,3,3,0,3,3.779220779220779,55.785464835573016
46171,2025-04-25 02:49:00,4,5.15,0,car,55.0,SPB,0,33,0.8,4.98,17.7,4.0,4,2,0,4,2.380281690140845,103.70770713808837
4770,2024-12-11 02:50:00,3,1.25,0,car,55.0,Moscow,0,25,-6.7,1.68,3.1,4.0,12,2,0,2,3.8666666666666667,58.375958165342695
28440,2024-01-20 05:09:00,4,1.95,0,scooter,39.091298449230436,SPB,0,37,-18.2,9.16,17.5,2.0,1,5,0,5,2.7,85.05437112327587
42929,2025-02-16 13:39:00,4,2.31,1,bike,39.58581281157731,Kazan,0,24,-9.4,0.03,5.5,1.0,2,13,0,6,2.125,46.23687755278196
40893,2024-03-28 23:16:00,3,16.01,0,bike,41.219692330682875,Moscow,0,39,0.2,2.71,14.5,4.0,3,23,0,3,3.3461538461538463,220.92906880415964
64744,2024-11-23 07:27:00,4,6.22,1,car,55.0,Moscow,0,19,0.5,2.94,20.6,3.0,11,7,0,5,4.0131578947368425,83.58390842138358
85172,2025-01-10 08:03:00,2,5.22,0,car,55.0,SPB,0,35,-2.4,14.38,3.6,4.0,1,8,1,4,2.4328358208955225,122.63999345010403
40161,2024-12-15 18:33:00,3,5.31,0,car,55.0,Moscow,0,33,-4.6,4.83,4.6,4.0,12,18,0,6,3.547945205479452,115.54157213137334
31821,2024-01-05 15:14:00,3,1.67,0,scooter,53.69711497645374,SPB,0,36,-21.7,1.45,22.8,4.0,1,15,0,4,2.391304347826087,79.46925226332313
73568,2025-04-11 11:31:00,1,1.0,0,bike,33.19299505524494,Moscow,1,9,0.7,14.75,6.3,4.0,4,11,1,4,3.9743589743589745,59.958514585730995
43562,2024-06-16 19:46:00,2,1.35,0,car,55.0,Moscow,0,27,22.0,3.67,5.0,3.0,6,19,0,6,3.96,65.21449872480058
11491,2024-10-30 15:48:00,2,4.14,0,scooter,48.67284070467812,Moscow,1,12,6.7,0.88,14.2,4.0,10,15,0,2,4.094594594594595,66.68312858400785
13700,2024-01-07 02:47:00,3,0.58,0,scooter,49.6149146410911,SPB,0,16,-15.2,5.46,20.9,2.0,1,2,0,6,2.6056338028169015,42.93504090265906
68086,2025-03-20 19:27:00,5,0.86,0,scooter,49.49166115263669,Moscow,1,12,5.1,0.06,18.4,4.0,3,19,0,3,3.5657894736842106,49.98565626657623
80369,2024-08-08 12:43:00,2,7.36,0,bike,37.22409459253831,Moscow,1,11,22.5,9.22,18.4,5.0,8,12,0,3,3.6842105263157894,114.74688161292491
9623,2024-12-15 21:58:00,3,3.18,0,bike,37.32002871481163,SPB,0,24,-5.6,5.55,10.7,2.0,12,21,0,6,2.5,75.50128327434167
70929,2025-05-05 09:14:00,7,0.52,1,car,55.0,Moscow,0,33,10.7,4.36,1.7,4.0,5,9,0,0,3.776315789473684,71.81064510458998
83760,2024-07-27 02:41:00,1,0.94,0,car,55.0,SPB,0,25,19.9,1.38,4.7,2.0,7,2,0,5,2.1323529411764706,49.15898075164303
37544,2024-03-20 13:31:00,2,2.24,0,car,55.0,SPB,0,31,4.3,0.4,12.7,3.0,3,13,0,2,2.426470588235294,67.07330713825259
74402,2024-01-18 14:49:00,1,5.64,0,car,55.0,Kazan,0,33,-16.2,0.31,4.5,2.0,1,14,0,3,2.1470588235294117,88.9029985865937
31031,2024-01-10 11:29:00,3,1.55,0,scooter,47.84167767078809,Kazan,0,34,-24.8,0.52,15.7,3.0,1,11,0,2,2.3181818181818183,70.10544525841274
93916,2024-09-18 16:56:00,3,8.74,1,car,55.0,Moscow,0,35,23.5,0.49,5.2,4.0,9,16,0,2,3.858974358974359,124.87932386322674
46759,2025-05-12 03:53:00,1,4.14,0,car,55.0,SPB,1,12,3.7,1.74,12.6,nan,5,3,0,0,2.5652173913043477,11.479732172249228
713,2025-01-15 08:27:00,1,3.38,0,scooter,46.49258940217779,SPB,0,29,-1.2,6.66,18.8,3.0,1,8,0,2,2.4242424242424243,87.67376311883473
53002,2024-09-06 09:30:00,3,1.59,0,car,55.0,Moscow,0,18,15.2,0.41,10.4,5.0,9,9,0,4,3.858974358974359,67.49518020797052
81139,2024-09-25 12:55:00,4,4.93,0,car,55.0,Moscow,0,25,19.4,6.16,8.8,4.0,9,12,0,2,3.789473684210526,96.6963016483194
62754,2024-08-31 00:18:00,3,1.07,1,car,55.0,Moscow,0,28,15.6,1.35,19.1,3.0,8,0,0,5,3.9358974358974357,46.85143474755806
67915,2024-08-13 19:08:00,3,4.71,0,bike,43.31751317140163,Moscow,1,8,17.7,1.28,11.3,4.0,8,19,0,1,3.8701298701298703,80.8376729526801
48993,2024-06-30 22:41:00,4,7.22,1,car,53.93865388999127,Kazan,0,34,18.3,0.76,4.2,2.0,6,22,0,6,2.264705882352941,102.12085106636437
38352,2025-01-24 16:31:00,3,4.05,0,car,55.0,Kazan,0,24,-11.5,7.25,11.829227053140096,2.0,1,16,0,4,2.125,79.72468869517934
32200,2025-06-22 11:06:00,3,1.54,0,bike,40.75594245927035,Moscow,1,8,16.0,11.71,18.1,4.0,6,11,1,6,3.4805194805194803,59.464848389573184
38948,2025-06-07 01:26:00,4,8.99,0,car,55.0,Kazan,0,19,15.9,0.24,9.6,1.0,6,1,0,5,2.0303030303030303,109.7230209346558
48498,2024-06-29 01:19:00,1,1.07,0,car,55.0,Moscow,1,10,17.8,0.67,15.3,4.0,6,1,0,5,3.7662337662337664,39.12769273132504
55545,2024-06-20 12:53:00,5,1.96,1,car,55.0,Moscow,1,5,23.5,8.88,3.0,4.0,6,12,0,3,3.6842105263157894,37.91559424863694
12474,2024-04-08 02:19:00,4,1.21,0,bike,38.8266233036702,Kazan,1,12,-2.3,0.96,1.0,3.0,4,2,0,0,2.1194029850746268,45.157778207721286
26989,2024-11-21 18:44:00,1,5.31,0,scooter,55.0,SPB,1,8,1.1,12.03,14.9,3.0,11,18,1,3,2.5753424657534247,86.63308379771051
89169,2024-03-14 12:26:00,3,2.66,0,scooter,46.7981431143761,Moscow,1,14,-0.4,0.82,4.0,5.0,3,12,0,3,3.6842105263157894,60.623810203497506
73859,2024-11-22 19:33:00,2,3.35,0,car,55.0,Kazan,0,39,2.7,2.77,20.6,2.0,11,19,0,4,1.9855072463768115,95.6101884430352
35287,2024-12-26 10:05:00,5,3.48,0,scooter,48.78408734662869,SPB,0,35,4.1,5.56,15.5,4.0,12,10,0,3,2.1449275362318843,98.71596887725012
58091,2024-10-06 10:45:00,2,9.07,0,car,55.0,Moscow,1,9,9.0,1.28,17.3,3.0,10,10,0,6,3.5526315789473686,106.21272443804479
94562,2025-02-22 18:12:00,3,6.07,0,car,55.0,SPB,0,38,-1.7,2.83,5.3,2.0,2,18,0,5,2.4027777777777777,118.06529039548835
60477,2024-03-30 23:02:00,2,1.72,1,car,55.0,Moscow,1,5,5.1,8.75,10.816503623188405,3.0,3,23,0,5,4.076923076923077,32.79323923592651
58631,2025-04-17 01:25:00,4,4.17,1,car,55.0,Moscow,1,6,11.0,5.32,10.8,nan,4,1,0,3,3.710526315789474,8.936712256909487
77739,2025-03-13 05:43:00,3,3.48,0,car,55.0,Moscow,1,11,5.0,1.63,7.1,4.0,3,5,0,3,4.246753246753247,58.92247704040691
21456,2024-06-11 15:43:00,4,1.74,0,car,55.0,Moscow,1,14,22.6,2.77,3.8,4.0,6,15,0,1,3.9210526315789473,53.2270582020075
6211,2025-02-17 01:28:00,1,0.68,0,bike,40.52713657796784,SPB,0,32,-10.7,1.74,23.4,3.0,2,1,0,0,2.4242424242424243,60.84360874211689
81697,2024-11-02 16:50:00,6,3.5,0,bike,43.1943022875045,Moscow,1,12,-0.5,3.36,13.1,4.0,11,16,0,5,4.0394736842105265,70.78294298393644
96764,2025-02-19 23:04:00,4,4.9,0,car,55.0,Moscow,1,9,-7.9,0.46,23.6,4.0,2,23,0,2,3.776315789473684,63.8656574331264
34539,2024-09-02 13:35:00,4,3.4,1,bike,37.22409459253831,Moscow,1,9,25.7,0.96,15.2,4.0,9,13,0,0,3.896103896103896,48.92935655090609
48126,2025-03-28 02:16:00,6,2.5,0,car,55.0,Kazan,0,17,1.1,0.71,1.1,2.0,3,2,0,4,2.125,57.2903800209837
62139,2024-03-20 20:14:00,1,5.15,0,scooter,54.20006938556093,SPB,0,35,2.4,0.4,12.7,3.0,3,20,0,2,2.445945945945946,90.51741800480897
60441,2025-02-28 14:50:00,7,3.65,0,car,55.0,SPB,1,5,0.6,9.93,6.3,3.0,2,14,0,4,2.2388059701492535,62.16305820926264
52003,2024-10-04 06:57:00,4,2.61,0,car,55.0,Moscow,0,30,9.7,4.9,2.9,4.0,10,6,0,4,3.831168831168831,79.58655900738948
98609,2024-04-25 17:23:00,5,7.17,0,car,55.0,SPB,1,10,6.6,6.51,12.9,4.0,4,17,0,3,2.5211267605633805,109.83762633908785
95190,2024-06-22 23:32:00,1,7.93,0,bike,35.716101269659816,Moscow,1,5,15.5,0.3,6.1,3.0,6,23,0,5,4.076923076923077,89.22526346678477
34743,2025-05-31 12:27:00,5,0.79,0,car,55.0,Kazan,0,32,30.1,6.76,5.0,1.0,5,12,0,5,2.1875,67.54804730574337
30062,2024-03-26 14:04:00,2,4.59,0,bike,37.632500976867355,SPB,0,28,5.6,0.03,19.6,3.0,3,14,0,1,2.608695652173913,85.45873033616782
54657,2024-12-24 02:56:00,5,3.89,0,scooter,53.69711497645374,Moscow,1,11,-0.8,3.02,4.4,4.0,12,2,0,1,3.727272727272727,67.63909810787374
60699,2024-04-04 08:42:00,2,9.41,0,bike,33.624359958418964,Kazan,0,24,4.0,7.03,12.4,2.0,4,8,0,3,2.183333333333333,146.35150134892618
96449,2025-01-23 19:22:00,4,8.55,0,car,55.0,Moscow,1,11,-2.8,7.8,7.9,4.0,1,19,0,3,3.5657894736842106,125.48333499125528
86739,2025-01-29 12:07:00,2,3.51,0,car,55.0,Moscow,1,9,3.3,2.13,9.0,4.0,1,12,0,2,3.789473684210526,58.44065857586779
31309,2024-06-30 09:47:00,3,10.84,0,car,55.0,SPB,1,11,18.8,0.91,5.0,3.0,6,9,0,6,2.375,135.01268274119667
77001,2024-12-28 21:51:00,2,1.72,0,bike,40.10929179910456,Kazan,0,37,-4.1,1.79,15.5,1.0,12,21,0,5,2.1538461538461537,67.67397128087825
27971,2024-10-21 14:41:00,3,6.27,0,scooter,55.0,SPB,0,23,8.6,2.2,7.4,3.0,10,14,0,0,2.5757575757575757,96.85583788719643
92673,2024-03-18 07:56:00,5,1.27,0,car,55.0,Moscow,0,34,0.1,4.24,5.3,4.0,3,7,0,0,3.9066666666666667,76.98273930884474
44628,2024-01-26 18:27:00,7,2.81,0,bike,32.99180766169915,Moscow,1,7,-5.0,9.2,2.0,4.0,1,18,0,4,3.8026315789473686,82.3093745436933
22107,2024-06-04 08:21:00,3,1.95,0,car,55.0,Moscow,0,19,18.5,7.07,11.6,4.0,6,8,0,1,3.8533333333333335,74.40039749267692
47983,2025-01-15 05:22:00,4,1.56,0,car,55.0,Moscow,1,13,-0.7,2.12,16.5,5.0,1,5,0,2,3.68,53.97130320636832
25849,2024-10-05 05:45:00,2,1.99,1,bike,40.807844015374776,Moscow,0,18,8.9,0.44,0.2,4.0,10,5,0,5,3.792207792207792,40.427474109812714
93207,2024-09-23 16:30:00,2,6.17,0,scooter,55.0,SPB,1,7,13.5,6.09,13.4,3.0,9,16,0,0,2.4925373134328357,77.97216721401463
96559,2024-11-27 00:09:00,4,4.1,0,car,55.0,Moscow,0,33,-8.3,4.61,21.0,5.0,11,0,0,2,3.871794871794872,96.9905558341952
91687,2024-06-06 03:28:00,3,0.97,0,scooter,55.0,Moscow,0,20,16.5,12.39,9.4,5.0,6,3,1,3,3.779220779220779,66.99990640959594
35482,2024-10-01 17:55:00,2,17.89,0,car,55.0,Moscow,1,8,15.7,0.95,16.3,4.0,10,17,0,1,3.4266666666666667,195.2814819069103
23126,2025-02-27 09:33:00,4,7.4,0,scooter,49.86328877279848,Moscow,0,30,-9.4,2.57,18.0,5.0,2,9,0,3,3.871794871794872,137.36032049798044
4641,2024-12-13 10:33:00,5,1.24,0,bike,42.191249465282176,Kazan,1,10,-5.7,3.869590301003344,10.9,3.0,12,10,0,4,2.1449275362318843,47.45721047020927
19892,2025-06-07 14:38:00,3,2.51,0,car,55.0,SPB,1,11,18.0,4.600628491620112,5.2,2.0,6,14,0,5,2.391304347826087,49.77659987996433
28413,2025-01-13 21:22:00,1,3.04,0,bike,34.60585913965475,SPB,0,17,-2.1,16.88,6.5,3.0,1,21,1,0,2.5652173913043477,81.96736313563277
58947,2024-07-01 17:45:00,1,0.97,0,bike,35.086380143438284,Kazan,0,37,27.6,0.34,0.3,3.0,7,17,0,0,2.0161290322580645,67.54114357459945
64020,2024-08-06 22:35:00,3,3.05,0,car,55.0,Kazan,1,5,18.2,0.65,1.3,3.0,8,22,0,1,2.2459016393442623,43.645454917124574
72981,2025-05-12 03:01:00,2,1.97,0,car,55.0,Moscow,1,6,3.0,3.06,16.2,4.0,5,3,0,0,3.948717948717949,44.73364141054191
64008,2024-02-27 09:29:00,4,3.3,1,bike,37.106988143682905,Moscow,0,34,-3.1,3.54,11.4,4.0,2,9,0,1,3.9342105263157894,94.44138325532055
63181,2024-02-03 05:16:00,4,7.65,0,car,55.0,Moscow,1,9,-8.1,5.716251278903212,13.4,4.0,2,5,0,5,3.792207792207792,59.708175560585026
55757,2025-06-18 07:01:00,3,4.11,0,scooter,42.827475829915414,Moscow,1,11,15.3,3.89,14.4,4.0,6,7,0,2,3.987012987012987,66.36321046628939
78432,2024-09-30 05:23:00,3,0.37,0,car,55.0,SPB,1,8,4.5,12.21,15.0,3.0,9,5,1,0,2.5074626865671643,42.79176219110472
32789,2025-02-19 04:24:00,3,0.89,0,car,55.0,Kazan,0,18,-15.1,9.62,23.5,2.0,2,4,0,2,2.1147540983606556,50.342919739350954
69905,2024-01-21 19:46:00,4,4.25,0,bike,37.632500976867355,Moscow,1,8,-16.1,15.17,23.5,3.0,1,19,1,6,3.96,82.50287957860596
79705,2025-02-13 07:48:00,3,4.93,0,bike,40.804334648574,Moscow,1,14,-7.8,4.06,12.8,4.0,2,7,0,3,3.5,73.43745248932736
89795,2024-05-21 15:07:00,4,5.76,1,car,55.0,Moscow,0,28,19.6,8.06,17.0,4.0,5,15,0,1,3.9210526315789473,99.24945277774016
40147,2024-02-04 00:54:00,1,3.87,0,scooter,50.81018222286416,Moscow,0,39,-2.3,9.63,15.2,3.0,2,0,0,6,3.727272727272727,96.94758224707313
80400,2024-05-06 05:45:00,2,0.61,0,car,55.0,Moscow,0,21,3.5,2.04,0.3,5.0,5,5,0,0,4.116883116883117,54.48858399492035
40226,2024-11-18 15:56:00,2,4.16,0,car,55.0,SPB,0,20,2.6,1.3,17.8,3.0,11,15,0,0,2.6818181818181817,72.74688348234564
64488,2024-08-13 06:48:00,2,1.01,0,scooter,55.0,SPB,1,6,11.8,8.76,10.5,3.0,8,6,0,1,2.272727272727273,40.307099657807534
77263,2024-10-17 18:56:00,4,6.03,1,bike,30.58051523310684,Moscow,0,25,2.4,18.88,11.0,4.0,10,18,1,3,3.554054054054054,131.88858116989397
75551,2025-06-10 13:56:00,3,6.45,0,car,55.0,SPB,0,23,16.1,1.18,15.2,3.0,6,13,0,1,2.5,96.76509560797962
35087,2024-06-19 04:12:00,5,1.09,0,car,55.0,SPB,1,14,14.5,2.16,10.32557238464248,3.0,6,4,0,2,2.357142857142857,45.74974860849403
40806,2024-02-16 14:02:00,2,1.41,0,bike,35.086380143438284,SPB,0,37,-4.3,1.55,0.3,3.0,2,14,0,4,2.2388059701492535,74.11252740795841
89558,2024-06-23 21:14:00,3,2.12,0,scooter,55.0,SPB,1,11,16.4,1.67,14.2,2.0,6,21,0,6,2.5,43.844668307168014
46401,2025-02-25 14:49:00,3,5.43,0,car,55.0,Moscow,1,9,-4.0,2.46,9.7,4.0,2,14,0,1,3.6,76.77356030719034
76909,2025-06-09 17:09:00,5,1.97,0,bike,31.367687591946154,Moscow,0,39,25.8,1.3,13.1,5.0,6,17,0,0,3.810810810810811,107.21817427946141
56233,2025-06-18 06:52:00,3,1.52,0,bike,30.58051523310684,Moscow,1,10,15.0,3.89,14.4,4.0,6,6,0,2,3.769230769230769,50.75208328243406
63793,2025-03-29 07:08:00,2,8.29,0,car,55.0,SPB,0,38,4.0,0.9,3.9,2.0,3,7,0,5,2.6027397260273974,125.34655940831348
66656,2024-05-10 17:16:00,2,3.0,0,car,55.0,SPB,1,9,7.9,18.23,3.6,nan,5,17,1,4,2.135135135135135,13.645341150702443
84904,2024-10-28 16:11:00,3,7.57,0,car,55.0,Moscow,0,37,8.8,10.18,6.2,4.0,10,16,0,0,3.8076923076923075,139.81895215531793
88112,2024-02-24 12:13:00,1,2.36,0,bike,38.301186923671516,Moscow,0,36,0.1,5.17,7.2,3.0,2,12,0,5,4.012987012987013,81.85984515852735
69187,2025-03-09 18:44:00,1,1.56,0,car,55.0,Moscow,0,21,8.6,5.59,18.3,3.0,3,18,0,6,3.547945205479452,22.67955055298433
54590,2024-03-03 09:19:00,1,2.81,0,bike,38.82921835200169,Moscow,1,11,-8.4,5.03,19.7,3.0,3,9,0,6,3.8133333333333335,68.35318838963283
23801,2024-04-18 23:04:00,3,0.3,0,car,55.0,Moscow,1,12,5.1,0.33,16.9,4.0,4,23,0,3,3.3461538461538463,37.10791937889956
13398,2025-04-18 23:33:00,3,0.52,0,car,55.0,Moscow,0,15,16.2,1.49,0.7,4.0,4,23,0,4,3.896103896103896,48.306585166902536
72578,2025-06-27 00:38:00,4,1.03,0,scooter,44.50215595557376,SPB,0,28,12.0,4.33,15.1,3.0,6,0,0,4,2.2903225806451615,60.67695353315803
30682,2025-06-25 04:05:00,2,6.37,0,car,55.0,SPB,0,37,11.3,1.19,15.6,3.0,6,4,0,2,2.357142857142857,109.28727722971655
54237,2024-07-02 08:07:00,3,2.5,0,car,55.0,Moscow,0,39,26.2,4.1,2.4,4.0,7,8,0,1,3.8533333333333335,96.5922749977284
72700,2024-04-30 05:44:00,2,2.69,0,bike,30.997625676503116,SPB,1,10,10.8,2.14,16.6,3.0,4,5,0,1,2.464788732394366,56.19665160263473
37779,2024-04-26 11:48:00,4,3.48,0,car,55.0,Kazan,0,27,12.0,5.28,10.8,2.0,4,11,0,4,2.1875,77.27585844492864
33674,2024-03-26 19:08:00,3,2.35,0,bike,35.96575629651888,SPB,0,16,3.3,0.03,19.6,3.0,3,19,0,1,2.4225352112676055,63.025856716321755
9128,2024-05-20 22:34:00,5,5.87,0,car,55.0,SPB,0,35,10.1,2.97,10.3,4.0,5,22,0,0,2.4057971014492754,115.23517572089744
3545,2024-10-22 03:26:00,2,3.52,0,bike,42.8376824131858,Kazan,1,11,3.9,0.13,1.2,2.0,10,3,0,1,2.3833333333333333,52.129381242221136
58689,2024-10-05 14:55:00,5,4.09,0,bike,31.367687591946154,SPB,1,8,11.7,0.26,0.3,3.0,10,14,0,5,2.391304347826087,59.772292814805034
26248,2025-02-06 06:56:00,1,2.07,0,bike,33.93675198010838,Moscow,1,7,-1.1,2.01,2.4,4.0,2,6,0,3,3.526315789473684,47.76489234221718
86253,2024-10-20 13:56:00,4,5.72,0,bike,40.804334648574,Moscow,1,13,9.8,5.07,14.4,4.0,10,13,0,6,3.935064935064935,90.58988031034036
59700,2024-10-13 13:26:00,2,7.92,0,car,55.0,Moscow,1,11,6.8,5.53,6.3,4.0,10,13,0,6,3.935064935064935,106.95575041129334
11540,2025-01-30 05:01:00,5,2.17,0,car,55.0,SPB,0,33,4.0,3.04,17.5,3.0,1,5,0,3,2.4927536231884058,81.19508733311892
57296,2024-12-19 16:40:00,1,9.14,0,bike,37.21804023678132,SPB,0,23,-2.1,2.45,20.1,3.0,12,16,0,3,2.588235294117647,131.83662513684337
19749,2024-09-01 14:14:00,3,2.23,0,bike,43.1943022875045,SPB,1,10,18.1,2.53,5.5,2.0,9,14,0,6,2.5217391304347827,48.79420642197876
14706,2024-11-09 09:51:00,1,1.14,1,bike,40.60867476452213,Moscow,0,23,1.7,1.2,20.5,3.0,11,9,0,5,3.6973684210526314,53.223934106769725
36716,2025-01-25 05:52:00,1,2.35,0,car,55.0,SPB,1,8,1.4,2.32,1.4,3.0,1,5,0,5,2.7,45.93692655109021
9658,2024-10-16 23:48:00,2,5.67,0,bike,30.567021598673445,SPB,1,6,9.8,5.91,14.2,4.0,10,23,0,2,2.353846153846154,83.56083448165651
19478,2024-10-09 19:53:00,2,2.41,1,bike,38.07269195618679,Moscow,1,6,6.5,9.71,7.0,5.0,10,19,0,2,4.026315789473684,66.01543379136928
11424,2025-05-14 19:23:00,4,8.14,0,car,55.0,Moscow,1,12,11.2,0.03,15.5,5.0,5,19,0,2,4.026315789473684,119.07428148922662
86021,2024-05-01 22:04:00,3,2.25,0,car,55.0,SPB,1,7,4.8,2.8,9.5,3.0,5,22,0,2,2.537313432835821,44.33940241936011
26280,2024-07-06 03:07:00,2,2.87,1,car,55.0,Moscow,0,28,18.2,0.66,10.4,4.0,7,3,0,5,4.04,58.20305247064597
67591,2024-02-25 11:43:00,2,0.36,1,bike,30.567021598673445,Moscow,0,34,-0.2,5.09,0.1,3.0,2,11,0,6,3.4805194805194803,59.86511020349054
77559,2025-06-01 10:42:00,5,9.44,0,car,55.0,SPB,1,13,13.0,9.84,17.0,2.0,6,10,0,6,2.2465753424657535,126.25736710365825
45041,2024-03-05 09:03:00,1,3.79,0,bike,35.086380143438284,SPB,0,21,-4.5,0.03,11.8,4.0,3,9,0,1,2.8142857142857145,80.13513167974351
30572,2025-05-13 06:57:00,2,3.89,0,car,55.0,Moscow,0,27,3.8,0.26,7.7,5.0,5,6,0,1,3.6973684210526314,81.54235132825839
19226,2025-06-06 19:47:00,4,0.76,0,bike,36.847051198698445,SPB,0,21,16.0,8.29,7.7,3.0,6,19,0,4,2.315068493150685,75.27083861208557
25589,2024-05-30 11:12:00,6,3.11,0,bike,38.94927677658439,Moscow,1,7,26.7,1.06,2.5,5.0,5,11,0,3,3.9864864864864864,61.3721142307611
25404,2024-09-15 12:19:00,5,5.18,0,car,55.0,Moscow,1,8,22.8,4.63,11.8,3.0,9,12,0,6,3.789473684210526,71.59549228630375
18199,2024-05-27 19:05:00,2,5.83,0,car,55.0,SPB,0,20,24.5,0.41,4.9,3.0,5,19,0,0,2.585714285714286,92.1500171551447
29519,2025-06-17 00:25:00,1,12.68,0,car,55.0,SPB,0,35,16.3,0.12,12.9,3.0,6,0,0,1,2.4857142857142858,169.778180586509
83853,2025-06-05 15:40:00,3,0.94,0,car,55.0,Kazan,0,18,21.3,2.34,9.7,3.0,6,15,0,3,2.0588235294117645,49.861555045565744
78085,2025-05-26 14:36:00,2,1.52,0,car,55.0,SPB,0,17,12.4,0.68,5.1,3.0,5,14,0,0,2.5757575757575757,46.476812594925036
56096,2024-10-30 13:41:00,3,5.57,1,car,55.0,Moscow,1,8,6.1,0.88,14.2,4.0,10,13,0,2,3.871794871794872,63.03687454200603
72109,2024-03-14 17:04:00,3,4.47,0,bike,40.142580832377945,Kazan,1,11,0.1,1.39,4.0,2.0,3,17,0,3,2.0163934426229506,73.14355131751657
44532,2024-03-12 14:29:00,4,5.97,0,car,55.0,SPB,1,11,4.1,0.8,4.0,3.0,3,14,0,1,2.608695652173913,78.69603585078183
76108,2024-12-07 19:34:00,2,6.0,0,scooter,34.01084509779904,SPB,1,12,-2.4,1.49,7.0,2.0,12,19,0,5,2.484375,86.5138899920995
83160,2025-05-21 16:25:00,3,2.29,0,car,55.0,Kazan,1,13,16.9,3.09,2.6,2.0,5,16,0,2,2.046875,50.35235254815867
317,2024-11-30 19:34:00,2,4.45,0,bike,38.07882928487708,Moscow,0,21,0.2,7.42,23.8,4.0,11,19,0,5,3.6486486486486487,103.56122277892055
28314,2025-02-16 16:05:00,1,1.56,0,car,55.0,SPB,1,12,-9.3,11.85,20.4,2.0,2,16,1,6,2.485294117647059,50.062990152779946
81214,2024-08-01 01:39:00,1,1.7,0,car,55.0,Kazan,0,37,15.9,7.19,19.5,2.0,8,1,0,3,2.2388059701492535,73.18556135053517
81546,2024-12-08 10:50:00,1,2.66,0,scooter,46.44408516513773,Moscow,1,5,-1.9,4.42,1.4,3.0,12,10,0,6,3.5526315789473686,46.9611407464411
66086,2024-02-19 19:33:00,4,1.38,0,scooter,43.16043291364058,Moscow,0,16,-7.1,8.2,15.6,5.0,2,19,0,0,3.453333333333333,75.75719288230394
58615,2024-03-30 09:36:00,6,11.95,0,bike,40.75594245927035,Moscow,0,21,3.6,8.75,10.816503623188405,3.0,3,9,0,5,3.6973684210526314,182.5033065126022
12231,2024-11-15 22:40:00,3,7.16,0,car,55.0,Moscow,1,6,0.3,13.33,5.5,5.0,11,22,1,4,3.9466666666666668,103.79422369836333
551,2024-02-01 19:05:00,3,6.01,0,car,55.0,Moscow,1,7,-0.4,2.1,0.8,5.0,2,19,0,3,3.5657894736842106,94.16701665928794
42201,2024-10-04 18:18:00,1,5.04,0,bike,36.847051198698445,SPB,0,21,9.2,2.04,7.6,3.0,10,18,0,4,2.356164383561644,93.18183601631743
67175,2025-03-12 03:37:00,3,1.23,0,car,55.0,Kazan,0,18,1.4,0.33,7.8,2.0,3,3,0,2,2.2295081967213113,43.29438387780741
66126,2025-06-05 21:27:00,4,1.91,0,bike,43.09047812324671,Moscow,1,10,22.1,3.04,10.0,5.0,6,21,0,3,3.810810810810811,56.95894946808255
68004,2024-01-05 07:51:00,3,5.8,1,car,55.0,Moscow,0,37,-26.7,2.74,16.9,4.0,1,7,0,4,3.782051282051282,105.92568732181367
3662,2024-03-08 00:20:00,4,6.12,0,scooter,52.378878477670696,Moscow,0,26,-6.5,0.46,14.1,4.0,3,0,0,4,3.5064935064935066,100.08866342219756
34116,2024-11-29 02:11:00,2,5.22,0,car,55.0,SPB,1,8,2.2,1.64,16.0,3.0,11,2,0,4,2.380281690140845,67.23655596278337
69901,2024-02-25 03:38:00,2,0.95,0,bike,36.41063141303707,Moscow,0,25,0.8,5.09,0.1,3.0,2,3,0,6,3.710526315789474,62.9608259156452
30247,2024-01-12 23:26:00,2,3.21,0,bike,40.89902689179051,Moscow,0,25,-23.2,0.37,4.2,5.0,1,23,0,4,3.896103896103896,76.27465203084216
41725,2025-06-10 04:27:00,2,2.19,0,bike,40.75594245927035,Kazan,0,25,21.9,0.97,11.6,3.0,6,4,0,1,2.1384615384615384,65.92295304844049
77157,2024-11-19 02:41:00,5,6.31,0,car,55.0,Moscow,1,5,3.3,21.37,8.4,4.0,11,2,1,1,3.727272727272727,93.91086811050297
26937,2025-02-06 22:18:00,3,2.13,0,car,55.0,Moscow,1,5,-2.0,2.01,2.4,4.0,2,22,0,3,3.5789473684210527,43.870502517984136
50907,2024-09-13 16:20:00,2,3.64,0,car,55.0,Kazan,0,19,23.0,14.32,4.2,3.0,9,16,1,4,2.125,79.86871623093148
58903,2024-02-09 18:29:00,3,2.89,0,car,55.0,Moscow,0,25,-11.1,1.88,20.0,4.0,2,18,0,4,3.8026315789473686,84.81546563839989
76043,2025-05-22 00:49:00,2,6.76,0,bike,30.997625676503116,Kazan,0,35,13.5,1.67,1.5,2.0,5,0,0,3,2.287878787878788,115.62165599410818
75175,2024-09-26 07:20:00,3,3.61,0,scooter,51.200599917946555,SPB,0,26,13.3,11.65,12.7,3.0,9,7,1,3,2.3333333333333335,87.42984584729884
82003,2024-02-20 19:42:00,2,2.69,0,bike,42.257796955237886,Moscow,1,8,-9.4,0.19,16.3,4.0,2,19,0,1,3.8701298701298703,61.03653147987202
88615,2025-01-08 18:59:00,4,3.78,0,bike,34.44266775511231,Moscow,1,9,2.4,2.07,6.8,4.0,1,18,0,2,3.6623376623376624,77.88479518762945
909,2025-06-25 08:01:00,5,2.78,0,car,55.0,SPB,0,28,13.3,1.19,15.6,3.0,6,8,0,2,2.4242424242424243,84.0607487843904
92644,2025-01-10 06:59:00,4,4.13,0,car,55.0,Moscow,0,21,0.5,1.36,22.0,4.0,1,6,0,4,3.831168831168831,82.04608170175236
39634,2024-10-17 20:52:00,3,2.35,0,car,55.0,Kazan,0,23,1.9,4.11,8.4,2.0,10,20,0,3,1.876923076923077,62.4437742281054
91628,2024-09-28 18:43:00,4,7.99,0,car,55.0,Moscow,0,36,22.3,0.12,11.5,3.0,9,18,0,5,3.8701298701298703,136.5657126013837
87012,2024-02-07 21:25:00,3,1.12,0,car,55.0,Kazan,1,12,-13.5,1.64,4.8,2.0,2,21,0,2,2.015151515151515,37.846203219223966
9991,2024-05-24 04:22:00,3,0.47,0,bike,30.444795647135667,Kazan,1,10,3.3,0.56,14.7,2.0,5,4,0,4,1.9848484848484849,29.71097031652259
18928,2024-05-06 18:15:00,2,4.02,0,car,55.0,SPB,0,35,4.9,0.25,4.1,3.0,5,18,0,0,2.2535211267605635,91.41697966468786
83235,2024-05-20 04:33:00,2,5.74,0,bike,37.6456880964658,Moscow,1,7,9.0,0.8,2.2,4.0,5,4,0,0,4.116883116883117,74.59779200339867
45215,2024-01-18 02:21:00,3,6.24,0,car,55.0,Moscow,0,36,-15.2,0.16,14.0,4.0,1,2,0,3,3.7466666666666666,110.75030643634521
4696,2024-07-18 05:30:00,1,2.78,0,car,55.0,Kazan,0,31,18.1,0.13,3.7,2.0,7,5,0,3,2.074626865671642,63.216985368400366
70793,2025-05-21 03:47:00,1,5.36,0,car,55.0,SPB,0,15,7.3,1.92,12.3,3.0,5,3,0,2,2.411764705882353,78.96803532905119
78463,2024-09-16 15:42:00,4,5.81,0,bike,44.833362383592664,SPB,0,22,22.4,4.42,9.0,3.0,9,15,0,0,2.6818181818181817,99.97281174925793
66781,2024-05-31 18:38:00,2,4.34,0,car,55.0,SPB,0,33,25.3,20.61,7.1,4.0,5,18,1,4,2.356164383561644,116.87155681460398
70625,2024-09-05 22:06:00,2,7.44,0,car,55.0,Moscow,1,8,13.3,1.6,13.5,5.0,9,22,0,3,3.5789473684210527,94.2130028579484
79843,2025-05-06 10:56:00,3,10.91,0,car,55.0,SPB,1,10,4.7,6.28,18.9,3.0,5,10,0,1,2.564516129032258,134.45579773004908
35094,2025-03-05 16:10:00,2,1.72,0,scooter,46.0651894724839,Kazan,0,31,-2.2,1.91,14.5,2.0,3,16,0,2,2.046875,62.46891730253524
48675,2024-08-30 04:47:00,4,1.96,0,scooter,50.502841360509194,Moscow,1,12,12.8,4.87,18.4,4.0,8,4,0,4,4.025974025974026,51.95781967493819
70072,2024-09-17 16:38:00,3,3.73,0,scooter,50.660526107716386,Moscow,1,14,24.3,19.82,4.9,4.0,9,16,1,1,3.8157894736842106,81.75467809574212
17076,2024-01-20 19:48:00,2,3.14,0,car,55.0,Moscow,1,5,-12.3,7.13,19.6,3.0,1,19,0,5,3.6486486486486487,62.77228745825148
83046,2024-01-09 09:13:00,2,2.88,0,car,55.0,SPB,0,33,-2.3,0.24,20.4,3.0,1,9,0,1,2.8142857142857145,86.27141899380833
22557,2025-01-12 11:57:00,5,3.32,0,car,55.0,Kazan,0,24,-1.6,2.59,17.8,1.0,1,11,0,6,1.953125,70.0931202506119
68175,2024-05-31 03:32:00,3,1.04,0,car,55.0,Kazan,0,29,13.5,8.04,13.2,3.0,5,3,0,4,2.208955223880597,67.51331471376447
838,2024-05-11 13:20:00,3,1.68,0,car,55.0,SPB,0,36,7.0,4.07,14.7,2.0,5,13,0,5,2.380281690140845,66.14375790293948
5868,2024-11-07 11:04:00,3,4.05,0,scooter,49.49166115263669,Kazan,0,24,-1.0,0.81,10.8,2.0,11,11,0,3,2.0806451612903225,72.1920794145305
32915,2024-06-09 02:49:00,2,3.27,0,bike,37.26218109219517,Moscow,1,5,15.0,4.3632938816449345,5.4,3.0,6,2,0,6,4.184210526315789,46.99923309251665
92947,2024-05-26 01:29:00,2,0.89,0,scooter,44.02191382946829,Moscow,1,6,12.3,1.1,1.5,4.0,5,1,0,6,3.8181818181818183,34.623181044167346
97408,2024-12-12 19:16:00,4,0.47,0,car,51.43065228264467,Moscow,0,35,-4.6,1.29,1.2,4.0,12,19,0,3,3.5657894736842106,82.2592706906349
59208,2024-10-28 22:02:00,2,5.36,0,bike,40.75594245927035,SPB,1,5,7.4,3.92,5.8,4.0,10,22,0,0,2.4057971014492754,78.61348238202943
30435,2024-04-09 18:23:00,5,4.83,0,bike,35.5218365044405,SPB,0,24,14.9,3.24,19.0,3.0,4,18,0,1,2.4444444444444446,104.58473216510549
78881,2024-05-20 02:27:00,2,1.27,0,car,55.0,SPB,0,33,11.6,2.97,10.3,4.0,5,2,0,0,2.418918918918919,68.52817309206408
29308,2025-06-11 00:51:00,3,4.9,0,car,55.0,Kazan,0,30,22.4,1.86,7.7,3.0,6,0,0,2,2.123076923076923,93.39076199988548
16689,2025-03-26 07:58:00,3,2.8,0,car,55.0,Kazan,1,11,2.6,1.16,18.6,2.0,3,7,0,2,1.7384615384615385,48.359790599283336
43977,2024-11-03 09:54:00,2,1.69,0,car,55.0,SPB,1,5,-1.5,6.977453416149069,18.5,2.0,11,9,0,6,2.375,44.094810506160336
17658,2024-03-06 21:02:00,1,4.25,0,car,55.0,SPB,0,26,-2.2,3.56,14.1,3.0,3,21,0,2,2.292307692307692,80.72641602209306
51084,2024-05-04 04:19:00,3,5.29,0,car,55.0,Moscow,1,10,-1.2,5.59,4.6,4.0,5,4,0,5,3.6493506493506493,70.32410692510268
52578,2024-06-18 18:42:00,4,3.19,0,car,55.0,SPB,0,21,17.7,10.26,14.0,3.0,6,18,0,1,2.4444444444444446,85.00446967345503
26375,2024-07-20 00:41:00,3,3.33,0,car,55.0,Moscow,1,11,17.9,0.56,9.5,3.0,7,0,0,5,3.9358974358974357,52.679409768562934
90634,2025-01-25 09:34:00,3,8.48,0,car,55.0,Moscow,0,17,-1.4,6.04,19.1,3.0,1,9,0,5,3.6973684210526314,122.65032743918422
19180,2024-08-06 00:28:00,4,3.08,0,car,55.0,SPB,0,26,13.3,8.37,0.2,3.0,8,0,0,1,2.4857142857142858,82.11663093521484
89564,2024-02-03 17:26:00,2,0.8,0,bike,34.60585913965475,SPB,0,20,0.4,10.95,13.1,3.0,2,17,0,5,2.2222222222222223,72.88864515613034
44641,2024-06-11 13:18:00,3,4.36,0,bike,35.574343203740504,Moscow,0,30,23.5,2.77,3.8,4.0,6,13,0,1,4.171052631578948,97.57133737187108
62973,2024-01-02 19:47:00,1,1.21,0,car,55.0,SPB,1,5,-25.2,26.59,19.9,3.0,1,19,1,1,2.4225352112676055,52.998611906565955
56492,2024-10-10 13:07:00,1,2.14,0,car,55.0,Moscow,0,36,9.4,0.04,15.2,5.0,10,13,0,3,3.8666666666666667,72.8571205195055
63345,2024-06-09 02:10:00,5,3.5,0,car,55.0,Moscow,0,30,15.0,4.3632938816449345,5.4,3.0,6,2,0,6,4.184210526315789,76.2869210047731
54960,2025-05-03 03:56:00,3,2.78,0,bike,36.63261474828157,Moscow,0,28,2.5,3.71,17.3,3.0,5,3,0,5,4.04,78.31854960848894
94782,2024-10-31 04:09:00,4,3.91,0,car,55.0,Moscow,1,9,3.1,19.67,0.0,4.0,10,4,1,3,3.736842105263158,77.08406947217945
32498,2024-02-18 17:16:00,2,1.4,0,bike,40.32854369446495,Kazan,0,32,-7.0,2.74,16.9,2.0,2,17,0,6,2.1,72.82431092542467
20447,2024-01-12 00:00:00,2,1.18,0,bike,42.8376824131858,Moscow,1,9,-12.5,0.37,4.2,5.0,1,0,0,4,3.5064935064935066,41.14202141979166
2328,2024-12-19 08:17:00,2,2.8,0,bike,37.32002871481163,Moscow,1,5,-18.9,6.56,20.5,nan,12,8,0,3,3.9210526315789473,6.024974273373104
79265,2024-05-11 15:17:00,2,2.7,0,car,55.0,Moscow,1,11,10.6,3.6699035187287175,1.0,3.0,5,15,0,5,3.986666666666667,49.622547803272894
18056,2024-06-29 10:26:00,1,7.2,0,scooter,49.864212869682625,Moscow,0,17,26.4,0.67,15.3,4.0,6,10,0,5,4.175675675675675,98.4000307196233
43246,2024-06-07 09:15:00,10,2.72,0,scooter,51.84792119327856,Moscow,1,6,21.0,6.83,5.3,5.0,6,9,0,4,3.858974358974359,70.39974214017623
69798,2025-04-17 11:00:00,5,2.61,0,car,55.0,SPB,0,36,12.2,18.26,3.3,3.0,4,11,1,3,2.619047619047619,100.40756952321716
38207,2024-05-31 23:35:00,1,9.79,0,car,55.0,Moscow,1,9,19.5,2.23,13.7,4.0,5,23,0,4,3.896103896103896,116.71723554163981
84085,2024-03-16 23:56:00,3,3.76,0,car,55.0,Moscow,0,38,-2.3,9.44,9.9,3.0,3,23,0,5,4.076923076923077,99.56903435016028
87838,2024-10-11 18:36:00,2,12.53,0,bike,39.99621866158171,Moscow,0,16,11.2,0.65,16.4,4.0,10,18,0,4,3.8026315789473686,175.7021998892543
66284,2025-04-16 02:06:00,2,1.6,0,car,55.0,Kazan,0,24,9.0,0.27,1.7,2.0,4,2,0,2,2.242424242424242,50.09591589893725
3691,2025-04-09 15:15:00,4,4.75,0,bike,31.260861704088715,Moscow,1,11,-0.8,4.56,18.7,4.0,4,15,0,2,4.094594594594595,82.4376871346707
39939,2024-05-02 13:33:00,3,3.77,0,bike,35.5218365044405,Moscow,1,9,10.5,20.55,9.875,4.0,5,13,1,3,3.8666666666666667,88.00230732078481
88768,2024-07-07 00:25:00,3,15.58,0,scooter,52.98290027675885,Moscow,0,26,15.2,13.18,16.2,4.0,7,0,1,6,3.727272727272727,214.10100196914584
48568,2024-02-15 03:28:00,6,1.65,0,scooter,50.84117784067927,Moscow,0,28,-12.2,0.81,23.6,5.0,2,3,0,3,3.779220779220779,75.40580887762357
34351,2025-01-11 11:57:00,6,3.18,0,bike,34.44266775511231,Kazan,0,32,0.8,5.95,16.7,1.0,1,11,0,5,1.9393939393939394,91.85766955763182
6957,2025-06-05 23:51:00,3,4.49,0,scooter,55.0,Kazan,1,11,14.2,2.34,9.7,3.0,6,23,0,3,2.032258064516129,66.67941455491302
3571,2025-05-16 17:42:00,4,3.58,0,car,55.0,Moscow,0,19,20.6,0.55,6.0,nan,5,17,0,4,3.9473684210526314,12.419139852521624
29287,2025-05-18 17:19:00,3,6.34,0,bike,36.862403291529105,Moscow,1,6,15.4,0.34,13.1,3.0,5,17,0,6,4.0,86.9085949629507
49795,2025-01-21 10:22:00,6,1.88,0,car,55.0,SPB,0,17,-10.0,5.58,15.0,4.0,1,10,0,1,2.564516129032258,61.53628678502167
89586,2024-01-08 18:08:00,3,3.18,0,bike,38.01026765395612,SPB,0,16,-3.6,8.24,15.7,3.0,1,18,0,0,2.2535211267605635,85.5229340703794
20741,2024-08-12 13:19:00,3,2.49,0,car,55.0,Moscow,0,17,18.3,1.8,2.8,4.0,8,13,0,0,3.896103896103896,59.722310775261825
66441,2025-01-14 19:58:00,1,3.37,0,bike,35.23265629823605,Moscow,0,30,-3.1,2.73,4.5,5.0,1,19,0,1,3.8701298701298703,99.33227428193639
40232,2024-12-14 16:54:00,2,3.43,0,bike,38.94927677658439,Kazan,1,10,-9.7,7.83,19.7,1.0,12,16,0,5,2.246153846153846,54.38328233308701
1900,2025-04-27 08:35:00,3,2.98,1,scooter,55.0,Moscow,0,30,1.4,3.86,3.5,3.0,4,8,0,6,3.8289473684210527,74.8822419761696
81763,2024-08-06 20:37:00,3,3.3,0,bike,41.253268832294935,Moscow,0,21,19.8,6.03,2.2,5.0,8,20,0,1,3.730769230769231,83.99157506958521
51609,2025-02-05 10:39:00,6,3.27,0,car,55.0,Moscow,0,38,-2.5,20.28,7.0,4.0,2,10,1,2,3.5584415584415585,115.28835627899481
964,2025-05-08 22:19:00,3,2.31,0,car,55.0,Moscow,1,13,6.4,1.32,12.7,5.0,5,22,0,3,3.5789473684210527,56.71324466716722
18014,2025-02-28 16:25:00,5,8.51,0,bike,25.996363720780828,Moscow,0,32,3.3,0.34,1.8,4.0,2,16,0,4,3.782051282051282,137.72169982431245
55215,2025-02-08 09:54:00,2,6.73,0,car,55.0,Kazan,0,37,-9.2,2.09,1.3,1.0,2,9,0,5,2.1944444444444446,110.67892189634959
79294,2025-05-05 20:44:00,2,7.33,0,bike,37.106988143682905,Moscow,1,8,9.9,4.36,1.7,4.0,5,20,0,0,3.779220779220779,95.62033041219513
14627,2025-04-21 06:06:00,5,6.01,0,scooter,52.32152702875614,Moscow,1,10,11.7,4.4560500481231955,7.5,4.0,4,6,0,0,3.8133333333333335,83.80198320619013
9397,2024-11-17 14:02:00,2,5.17,0,car,55.0,Moscow,0,39,5.8,34.3,21.1,3.0,11,14,1,6,3.971830985915493,127.243095433843
40156,2025-05-08 08:35:00,3,4.17,0,car,55.0,Moscow,0,38,5.4,1.32,12.7,5.0,5,8,0,3,3.9210526315789473,112.7090180525002
95304,2025-02-16 12:20:00,2,11.94,0,bike,35.96575629651888,Moscow,0,15,-9.4,3.53,6.9,3.0,2,12,0,6,3.789473684210526,154.24168972833075
3053,2024-12-08 01:31:00,4,6.37,0,scooter,48.34342395184287,Kazan,1,14,-7.2,5.64,7.6,1.0,12,1,0,6,1.8615384615384616,81.75815883163541
43747,2025-01-21 21:10:00,3,6.55,0,car,55.0,SPB,1,5,-7.3,5.58,15.0,4.0,1,21,0,1,2.3676470588235294,83.51024809008895
7470,2024-05-02 01:51:00,5,17.95,0,bike,40.61012440281896,Moscow,0,27,6.4,20.55,9.875,4.0,5,1,1,3,3.710526315789474,240.76939432161114
70113,2025-05-13 06:52:00,2,5.27,0,car,55.0,Moscow,0,39,3.8,0.26,7.7,5.0,5,6,0,1,3.6973684210526314,106.95737224515094
41577,2024-03-23 15:29:00,2,1.52,1,scooter,41.41642418784267,SPB,1,5,3.2,21.09,13.8,2.0,3,15,1,5,2.373134328358209,38.7271175322729
80831,2025-01-15 06:25:00,6,1.69,1,car,55.0,Moscow,0,33,-0.3,2.12,16.5,5.0,1,6,0,2,3.769230769230769,73.43045880212766
63630,2024-12-31 16:02:00,3,2.09,0,car,55.0,Moscow,1,11,-1.8,3.71,3.0,4.0,12,16,0,1,3.8157894736842106,51.62846161690968
10641,2025-01-08 08:26:00,1,10.9,0,scooter,41.41642418784267,SPB,0,37,0.3,10.26,12.2,3.0,1,8,0,2,2.4242424242424243,174.33722478154985
4813,2025-06-20 06:54:00,1,6.36,0,car,55.0,Moscow,0,16,11.6,1.58,0.7,5.0,6,6,0,4,3.831168831168831,92.14694249453066
314,2024-09-06 11:59:00,4,4.93,0,car,55.0,Moscow,0,35,19.1,0.41,10.4,5.0,9,11,0,4,3.9743589743589745,106.11167063705854
84496,2024-12-16 10:37:00,3,1.44,0,scooter,49.00620380326575,Kazan,0,22,-1.7,2.12,16.4,2.0,12,10,0,0,1.9701492537313432,54.66320656775086
79333,2024-11-20 04:11:00,3,1.96,0,car,55.0,Moscow,0,27,1.0,0.58,19.4,4.0,11,4,0,2,3.935064935064935,65.18902937324293
17436,2025-04-22 12:41:00,2,3.1,0,scooter,40.78423204435535,Moscow,1,12,21.6,17.33,8.4,4.0,4,12,1,1,4.012987012987013,73.39388813444063
32550,2024-02-28 13:49:00,3,3.09,0,bike,40.807844015374776,SPB,0,33,1.4,6.6,21.9,3.0,2,13,0,2,2.426470588235294,96.87396697965842
83969,2025-03-04 14:26:00,4,2.47,0,scooter,51.84792119327856,Kazan,1,7,-2.1,3.19,3.7,2.0,3,14,0,1,2.123076923076923,44.68762179938373
97808,2025-06-22 03:17:00,4,5.98,0,car,55.0,Moscow,0,18,11.0,11.71,18.1,4.0,6,3,1,6,3.710526315789474,101.77080597853468
95050,2025-03-05 08:08:00,3,2.15,0,car,55.0,Moscow,0,17,0.1,2.82,2.8,4.0,3,8,0,2,3.8493150684931505,70.43373050099112
92638,2025-03-06 07:11:00,1,4.13,0,scooter,48.78408734662869,Moscow,1,9,3.4,1.39,12.9,4.0,3,7,0,3,3.5,64.44093389098522
12095,2025-01-19 17:04:00,3,5.9,0,car,55.0,SPB,0,21,0.8,8.93,12.8,2.0,1,17,0,6,2.1538461538461537,102.23994450963195
68906,2025-02-20 13:00:00,3,2.93,0,scooter,44.79372201513367,Moscow,1,5,-6.7,9.56,22.1,4.0,2,13,0,3,3.8666666666666667,49.796519253785256
2561,2024-09-02 13:57:00,2,4.3,0,bike,34.21679163845626,SPB,0,33,22.9,2.71,3.7,nan,9,13,0,0,2.3857142857142857,12.241967362324559
21876,2025-04-17 15:09:00,4,3.53,0,scooter,55.0,SPB,0,31,13.3,18.26,3.3,3.0,4,15,1,3,2.6865671641791047,96.58080221267966
76785,2024-12-27 00:15:00,4,4.13,0,car,55.0,Kazan,0,19,-3.0,3.2,14.2,2.0,12,0,0,4,2.0952380952380953,72.2158717021353
49881,2024-03-06 09:53:00,1,1.15,0,car,55.0,Kazan,0,27,-12.5,0.66,8.3,2.0,3,9,0,2,2.098360655737705,54.90838839701222
71403,2024-05-14 07:33:00,3,13.53,0,car,55.0,SPB,1,5,7.1,0.35,14.5,4.0,5,7,0,1,2.6285714285714286,143.17086004987615
55347,2024-11-03 23:42:00,1,8.62,0,bike,37.21804023678132,SPB,1,11,-0.6,6.977453416149069,18.5,2.0,11,23,0,6,2.375,110.10445302620079
59612,2025-02-01 11:51:00,6,5.89,0,car,55.0,Moscow,1,10,3.1,13.08,1.5,3.0,2,11,1,5,3.486842105263158,87.2744828011761
72130,2024-11-07 06:48:00,5,2.27,1,car,55.0,SPB,1,7,3.9,18.62,20.5,3.0,11,6,1,3,2.361111111111111,49.37628430012556
44468,2024-04-20 03:54:00,3,3.44,0,scooter,55.0,SPB,1,12,-3.4,9.79,12.4,2.0,4,3,0,5,2.4864864864864864,63.32568848197395
54948,2024-03-02 00:15:00,2,2.85,0,car,55.0,SPB,1,7,-5.9,0.66,13.7,2.0,3,0,0,5,2.4571428571428573,41.290428526868546
82218,2025-01-02 04:43:00,4,3.22,0,car,55.0,Kazan,1,5,-5.3,1.31,4.4,2.0,1,4,0,3,2.044776119402985,44.89924279742961
34947,2025-01-06 02:24:00,5,1.87,0,car,55.0,Kazan,1,14,-5.7,9.67,12.5,2.0,1,2,0,0,2.1194029850746268,55.3004026570202
33923,2024-10-11 14:42:00,7,3.83,0,bike,39.58581281157731,SPB,0,16,14.3,8.04,4.4,3.0,10,14,0,4,2.2388059701492535,88.38466906513412
21565,2024-06-12 06:41:00,3,0.53,0,car,55.0,Moscow,1,6,19.1,1.93,0.7,4.0,6,6,0,2,3.769230769230769,35.00534205252977
46920,2024-09-06 19:14:00,3,4.87,0,car,55.0,SPB,1,9,19.0,8.02,16.7,3.0,9,19,0,4,2.315068493150685,83.97422488982674
6596,2024-11-09 10:36:00,2,5.32,0,car,55.0,Moscow,1,12,2.4,1.2,20.5,3.0,11,10,0,5,4.175675675675675,73.61953640095437
68810,2025-02-18 15:28:00,1,6.45,0,scooter,49.49166115263669,Moscow,0,16,-7.3,1.68,20.1,4.0,2,15,0,1,3.9210526315789473,91.83630305187533
28909,2025-02-22 22:43:00,4,3.58,0,car,55.0,SPB,1,10,-2.0,2.83,5.3,2.0,2,22,0,5,2.361111111111111,56.85493709181472
69323,2025-01-04 11:53:00,2,5.98,0,car,55.0,SPB,1,5,-7.6,1.85,5.3,2.0,1,11,0,5,2.4507042253521125,68.79319017660256
38401,2024-12-30 21:54:00,2,2.19,0,scooter,47.84167767078809,Kazan,0,30,-6.3,2.19,11.8,2.0,12,21,0,0,1.9838709677419355,64.90210110498175
81327,2025-06-22 04:07:00,3,1.56,0,scooter,52.98290027675885,Moscow,0,21,9.9,11.71,18.1,4.0,6,4,1,6,3.68,68.57635860932388
44245,2024-05-20 20:47:00,3,2.34,1,car,55.0,Moscow,1,11,19.0,0.8,2.2,4.0,5,20,0,0,3.779220779220779,38.89836681784566
58980,2024-06-22 17:15:00,4,0.79,0,scooter,55.0,SPB,0,16,18.0,5.04,9.3,3.0,6,17,0,5,2.2222222222222223,57.71727229919178
92250,2024-03-19 20:06:00,2,1.8,0,scooter,45.13982204557147,Kazan,0,30,-5.0,3.1018135922330097,17.3,3.0,3,20,0,1,2.0757575757575757,65.85529933130768
22011,2024-05-27 06:38:00,6,4.77,0,scooter,46.65016744281999,Moscow,0,39,12.2,3.1,6.7,4.0,5,6,0,0,3.8133333333333335,113.73716147877772
73816,2025-05-09 23:24:00,2,4.41,0,car,48.016477908776224,SPB,0,16,3.7,0.63,18.7,3.0,5,23,0,4,2.515151515151515,69.08190288131007
29609,2024-11-21 20:26:00,3,1.15,0,car,55.0,Moscow,0,39,8.0,1.03,9.9,5.0,11,20,0,3,3.688311688311688,79.54372701474209
64922,2024-12-09 10:38:00,2,1.44,0,car,55.0,Kazan,1,6,-4.9,3.67,2.7,3.0,12,10,0,0,1.9701492537313432,40.043268316651016
88898,2024-11-11 12:19:00,3,1.67,0,bike,36.24682112531779,Kazan,0,35,0.9,4.88,7.9,3.0,11,12,0,0,2.5,80.71850396873891
78016,2025-05-17 14:44:00,2,3.16,0,scooter,39.091298449230436,Kazan,1,11,20.1,0.86,0.3,1.0,5,14,0,5,2.1176470588235294,43.28411662598467
36486,2024-11-11 00:48:00,2,4.11,1,car,55.0,Moscow,0,39,1.4,7.38,17.3,5.0,11,0,0,0,3.727272727272727,94.49457709154656
20729,2025-03-18 17:13:00,3,2.32,0,car,55.0,Moscow,0,35,1.2,0.86,7.8,4.0,3,17,0,1,3.4266666666666667,89.65459805294722
56306,2024-01-20 11:26:00,2,2.13,0,scooter,55.0,Moscow,0,27,-7.5,7.13,19.6,3.0,1,11,0,5,3.486842105263158,70.67580529445796
58987,2024-05-18 20:43:00,4,4.23,0,car,55.0,SPB,1,7,19.6,7.93,8.2,2.0,5,20,0,5,2.4461538461538463,63.728116415332956
66924,2025-06-28 01:33:00,6,2.89,0,car,55.0,Moscow,0,31,12.7,5.4,2.4,3.0,6,1,0,5,3.7662337662337664,81.77319861392273
89108,2025-01-07 03:48:00,2,5.66,0,scooter,53.88993581645081,Moscow,1,6,-4.8,2.15,19.7,4.0,1,3,0,1,3.64,71.7691563916858
90326,2024-05-08 06:09:00,2,1.42,0,car,55.0,Kazan,0,24,6.2,5.76,19.7,2.0,5,6,0,2,1.9850746268656716,57.70290706371493
81602,2024-02-10 04:00:00,1,5.24,0,bike,41.76333005471556,Kazan,1,6,-19.5,4.86,15.1,1.0,2,4,0,5,2.3333333333333335,68.45933087374705
52771,2025-04-20 11:32:00,1,3.7,0,car,55.0,Kazan,0,23,20.7,1.34,11.1,2.0,4,11,0,6,1.953125,65.74156293406574
39146,2024-06-06 01:13:00,3,1.89,0,car,55.0,SPB,1,7,16.9,0.5,8.7,4.0,6,1,0,3,2.208955223880597,40.01831356594621
7163,2025-03-07 08:19:00,2,1.81,1,car,55.0,SPB,1,5,1.1,1.64,18.9,3.0,3,8,0,4,2.4328358208955225,34.70022253480572
57674,2024-04-27 21:15:00,1,1.51,0,car,55.0,Moscow,1,6,8.5,7.54,1.8,3.0,4,21,0,5,3.9864864864864864,42.34257104637193
75586,2024-01-16 05:25:00,1,3.02,0,car,55.0,SPB,0,21,-8.7,2.37,0.4,3.0,1,5,0,1,2.464788732394366,62.67322821739935
69013,2025-02-22 15:39:00,2,4.18,0,car,55.0,SPB,1,5,-1.6,2.83,5.3,2.0,2,15,0,5,2.373134328358209,54.91288982563091
17195,2024-05-11 03:39:00,3,4.42,0,car,55.0,SPB,0,24,2.9,4.07,14.7,2.0,5,3,0,5,2.4864864864864864,72.33787614834549
16392,2025-03-05 05:53:00,3,2.81,0,scooter,40.06698260588018,Moscow,1,7,0.2,2.82,2.8,4.0,3,5,0,2,3.68,52.93982341483691
95349,2024-08-08 12:53:00,2,0.58,0,bike,36.62098754864886,Moscow,0,36,22.5,9.22,18.4,5.0,8,12,0,3,3.6842105263157894,86.15704905760055
64038,2024-04-21 16:58:00,3,6.01,0,bike,41.46738347715445,SPB,1,12,3.1,0.73,6.6,2.0,4,16,0,6,2.485294117647059,78.8832233675131
45312,2024-03-04 14:18:00,1,0.85,0,car,55.0,Moscow,0,31,-0.5,3.7,6.9,5.0,3,14,0,0,4.142857142857143,66.58683985477862
11892,2024-10-16 07:20:00,1,3.59,0,car,55.0,Moscow,1,6,5.3,3.37,4.0,5.0,10,7,0,2,3.987012987012987,61.21390019098113
25603,2024-05-30 10:46:00,4,5.17,0,car,55.0,Kazan,0,32,19.5,5.15,20.0,2.0,5,10,0,3,2.126984126984127,99.90916304694895
106,2024-08-02 16:33:00,4,4.68,0,bike,31.260861704088715,Moscow,0,36,21.4,3.56,19.7,4.0,8,16,0,4,3.782051282051282,114.00006785769715
62879,2025-01-23 01:47:00,3,1.52,0,scooter,54.71734502201816,Moscow,1,6,-2.1,7.8,7.9,4.0,1,1,0,3,3.710526315789474,47.94410574770508
66673,2024-11-30 23:23:00,2,1.21,0,bike,40.89902689179051,SPB,0,33,5.3,3.68,18.6,2.0,11,23,0,5,2.5,65.88705283292872
79635,2025-02-05 22:59:00,4,1.9,0,car,55.0,Kazan,0,24,-7.8,10.72,4.6,2.0,2,22,0,2,1.7575757575757576,68.0463618655259
60298,2025-03-31 06:06:00,3,6.24,0,car,55.0,Moscow,1,8,4.6,2.85,9.1,4.0,3,6,0,0,3.8133333333333335,82.14163741355034
52471,2024-08-25 22:00:00,3,8.74,0,scooter,44.02191382946829,Moscow,1,5,18.2,8.11,0.0,3.0,8,22,0,6,3.5921052631578947,108.25153566119262
9090,2024-12-09 19:58:00,4,3.51,0,scooter,45.66908855409564,Moscow,1,12,-2.2,0.93,22.7,5.0,12,19,0,0,3.453333333333333,74.53689378177889
70860,2025-06-12 10:52:00,3,4.65,0,car,55.0,Kazan,1,5,22.7,0.57,10.8,2.0,6,10,0,3,2.126984126984127,54.36681844309947
76486,2025-04-10 10:15:00,3,3.88,0,car,55.0,SPB,0,36,-0.8,5.43,12.0,4.0,4,10,0,3,2.1449275362318843,97.04929019727632
98597,2024-03-29 07:56:00,4,10.75,0,bike,30.997625676503116,Moscow,0,27,2.1,9.81,11.5,4.0,3,7,0,4,3.782051282051282,177.21681206350308
4394,2024-08-26 01:56:00,3,1.38,0,car,55.0,Kazan,0,32,16.9,1.65,9.8,2.0,8,1,0,0,2.130434782608696,62.924366695873346
6807,2024-07-05 17:02:00,3,3.95,0,car,55.0,Moscow,1,5,25.2,1.0,4.9,5.0,7,17,0,4,3.9473684210526314,72.5679964407856
94794,2025-05-05 04:33:00,4,2.61,0,car,55.0,Moscow,1,13,12.9,4.36,1.7,4.0,5,4,0,0,4.116883116883117,52.50143439730748
50054,2024-12-23 19:03:00,4,6.15,0,bike,33.93675198010838,Moscow,0,33,-1.7,8.43,13.7,4.0,12,19,0,0,3.453333333333333,141.0125497998594
84749,2024-07-04 03:47:00,2,5.98,0,bike,37.6456880964658,SPB,1,13,13.1,0.9,5.5,4.0,7,3,0,3,2.5714285714285716,85.26623913260579
54675,2025-05-01 00:54:00,2,0.58,0,bike,37.22409459253831,Kazan,0,20,5.6,16.34,19.8,3.0,5,0,1,3,2.287878787878788,66.8987146830197
89266,2024-02-03 12:58:00,3,2.72,0,car,55.0,Moscow,0,16,-7.2,5.716251278903212,13.4,4.0,2,12,0,5,4.012987012987013,27.01678288266894
70120,2024-05-29 14:05:00,2,1.28,0,car,55.0,Kazan,1,9,26.1,3.67,10.3,2.0,5,14,0,2,2.225806451612903,35.06411932312726
39902,2025-04-29 15:49:00,3,5.48,0,bike,42.191249465282176,SPB,0,20,9.8,5.56,8.6,4.0,4,15,0,1,2.426470588235294,95.55628086538584
10418,2024-09-19 11:20:00,4,1.71,0,bike,36.63261474828157,Moscow,1,12,19.0,3.57,16.7,4.0,9,11,0,3,3.9864864864864864,55.49977746288604
68768,2024-11-15 21:38:00,3,2.43,0,car,55.0,Kazan,0,29,0.1,6.41,8.2,3.0,11,21,0,4,2.4925373134328357,74.73493020020823
89823,2024-08-29 06:03:00,2,6.0,0,car,55.0,Moscow,0,39,14.1,4.19,18.2,4.0,8,6,0,3,3.526315789473684,109.20593240675801
61170,2025-05-08 23:54:00,1,4.47,0,bike,33.520197773802906,SPB,0,23,4.8,0.23,17.1,3.0,5,23,0,3,2.3424657534246576,78.14588196465577
40511,2024-10-19 12:25:00,3,0.63,0,car,55.0,Moscow,0,21,6.0,5.73,11.3,3.0,10,12,0,5,4.012987012987013,51.76109232561628
95087,2024-07-14 21:49:00,6,8.76,0,car,55.0,SPB,0,35,20.1,26.27,13.4,2.0,7,21,1,6,2.5,153.24963810481904
40760,2024-08-25 03:26:00,4,2.25,0,scooter,41.41642418784267,SPB,0,21,15.4,4.94,0.9,3.0,8,3,0,6,2.4029850746268657,63.49686527606068
28706,2024-04-14 16:40:00,2,8.99,0,car,55.0,Moscow,1,6,13.2,10.69,17.5,nan,4,16,0,6,3.32,12.644710756788122
97746,2025-03-17 13:38:00,2,3.15,1,car,55.0,SPB,0,35,-3.5,2.23,6.5,3.0,3,13,0,0,2.3857142857142857,69.52489653782996
57613,2024-09-02 20:22:00,3,1.81,0,car,55.0,Kazan,0,19,17.3,2.47,15.0,2.0,9,20,0,0,2.1,51.33509505188922
29084,2024-11-10 06:59:00,5,7.5,0,scooter,55.0,Kazan,1,8,3.7,2.75,3.2,2.0,11,6,0,6,1.8923076923076922,90.01945372029061
15158,2024-11-19 03:52:00,2,4.9,0,car,55.0,Moscow,0,31,3.2,21.37,8.4,4.0,11,3,1,1,3.64,108.32332959547463
59484,2024-09-08 18:50:00,4,3.4,0,car,55.0,Kazan,1,5,22.3,0.08,14.6,1.0,9,18,0,6,2.142857142857143,42.49394197467642
30058,2024-08-18 13:47:00,3,3.18,0,scooter,39.047551890965785,Moscow,0,18,24.1,3.58,1.3,4.0,8,13,0,6,3.935064935064935,68.68484325751085
2493,2024-11-28 17:50:00,5,2.35,0,bike,38.8266233036702,Moscow,0,19,-2.7,5.08,7.0,5.0,11,17,0,3,4.012820512820513,90.83217449506265
76387,2024-11-26 11:28:00,2,4.35,0,car,55.0,SPB,0,31,5.8,15.76,4.1,3.0,11,11,1,1,2.53125,99.68408459652535
42297,2024-08-04 11:06:00,4,7.2,0,bike,37.22409459253831,Moscow,1,6,18.2,1.3,13.0,4.0,8,11,0,6,3.4805194805194803,92.36650799227053
25355,2025-03-18 15:25:00,3,0.37,1,scooter,54.69739406908258,SPB,0,29,2.0,4.31,11.7,3.0,3,15,0,1,2.426470588235294,44.82768720247064
53789,2024-11-19 11:32:00,4,3.35,0,bike,35.96575629651888,Moscow,0,30,2.8,21.37,8.4,4.0,11,11,1,1,3.831168831168831,111.3358511483126
23942,2024-02-11 09:25:00,2,4.36,0,car,55.0,Moscow,1,9,-16.9,5.716251278903212,18.1,3.0,2,9,0,6,3.8133333333333335,41.569418400598884
56100,2024-04-22 23:05:00,2,1.45,0,scooter,48.67284070467812,SPB,1,10,5.7,6.5199082568807345,17.8,4.0,4,23,0,0,2.276923076923077,49.456490200032135
19761,2024-12-12 10:08:00,2,5.12,0,car,55.0,SPB,0,36,-2.6,4.59,14.4,4.0,12,10,0,3,2.1449275362318843,104.31816603637068
71464,2025-06-15 15:44:00,1,2.05,0,bike,42.191249465282176,SPB,0,22,19.4,23.16,16.1,2.0,6,15,1,6,2.4714285714285715,78.39457443623706
88561,2024-09-05 20:10:00,3,3.06,0,car,55.0,Moscow,0,34,15.0,1.6,13.5,5.0,9,20,0,3,3.688311688311688,87.62356202601507
46950,2024-10-18 04:42:00,5,1.07,0,car,55.0,Moscow,0,20,-2.7,1.72,0.0,4.0,10,4,0,4,4.025974025974026,54.14863052572204
24603,2025-04-07 00:05:00,7,4.61,0,bike,30.567021598673445,Moscow,1,12,-2.4,0.35,1.8,5.0,4,0,0,0,3.727272727272727,80.01661339586677
4333,2024-03-27 09:41:00,3,1.69,0,car,55.0,Kazan,0,20,0.5,11.64,4.8,3.0,3,9,1,2,2.098360655737705,71.4848470436757
93246,2024-10-19 23:06:00,2,6.46,0,car,55.0,Moscow,1,7,3.8,5.73,11.3,3.0,10,23,0,5,4.076923076923077,79.50459382377734
34414,2024-08-31 06:31:00,2,6.91,0,car,55.0,Moscow,0,38,13.0,1.35,19.1,3.0,8,6,0,5,3.76,117.66010077317227
20242,2025-06-28 09:56:00,6,1.97,0,car,55.0,Kazan,1,7,15.9,4.41,11.8,1.0,6,9,0,5,2.1944444444444446,41.103705986462955
87584,2024-04-19 18:22:00,3,0.41,0,car,55.0,Moscow,0,33,8.6,5.97,5.4,5.0,4,18,0,4,3.8026315789473686,83.78917274585083
9422,2024-07-17 16:22:00,3,1.3,0,scooter,55.0,Kazan,1,11,26.8,1.03,3.4,2.0,7,16,0,2,2.046875,39.11663762261107
79457,2024-11-22 17:51:00,4,8.26,0,car,55.0,Moscow,0,34,-0.6,1.37,7.5,4.0,11,17,0,4,3.9473684210526314,144.8324323923022
60895,2024-05-27 19:11:00,3,5.86,0,scooter,47.978038395195696,SPB,0,37,24.5,0.41,4.9,3.0,5,19,0,0,2.585714285714286,114.54277691089318
83348,2025-05-26 20:17:00,2,0.94,0,car,55.0,Moscow,0,36,25.6,6.8,17.6,4.0,5,20,0,0,3.779220779220779,74.722354667111
87193,2024-11-21 19:37:00,5,4.13,1,bike,43.1943022875045,Moscow,0,25,7.9,1.03,9.9,5.0,11,19,0,3,3.5657894736842106,92.76372520143606
82857,2024-03-26 00:01:00,3,1.09,0,car,55.0,Moscow,0,18,-5.9,2.66,1.4,5.0,3,0,0,1,3.779220779220779,55.38879198670601
68915,2024-02-22 15:04:00,4,1.63,0,car,55.0,Moscow,1,13,-2.2,3.43,9.6,4.0,2,15,0,3,4.078947368421052,50.790261575077416
50861,2025-02-13 17:48:00,6,4.23,0,bike,33.782298784964645,Moscow,0,37,-7.0,4.06,12.8,4.0,2,17,0,3,4.012820512820513,112.59520351064222
90037,2025-04-16 20:14:00,1,6.09,0,car,55.0,SPB,0,32,15.7,7.26,2.4,3.0,4,20,0,2,2.445945945945946,107.02174895456085
4915,2025-03-26 11:03:00,2,11.07,0,scooter,51.200599917946555,SPB,0,33,4.3,6.28,6.5,4.0,3,11,0,2,2.4794520547945207,159.93445217340673
73375,2024-03-19 11:56:00,3,8.17,0,car,55.0,Moscow,1,12,0.7,3.58,17.1,4.0,3,11,0,1,3.831168831168831,109.58304515595434
8089,2025-04-30 21:53:00,1,2.69,0,bike,38.56610576982384,Moscow,1,7,8.1,4.66,18.3,4.0,4,21,0,2,3.6153846153846154,57.70645868133704
70366,2024-01-03 11:50:00,4,2.78,0,car,55.0,Moscow,0,17,-27.2,2.3,22.4,4.0,1,11,0,2,3.688311688311688,63.454558753370605
8909,2025-04-10 18:53:00,1,2.57,0,scooter,48.78408734662869,Moscow,0,38,0.9,1.84,1.1,5.0,4,18,0,3,3.554054054054054,96.73896343073767
65799,2024-03-24 02:34:00,4,2.95,0,car,55.0,Moscow,0,16,-0.7,0.78,12.4,4.0,3,2,0,6,4.184210526315789,60.647124331354775
75677,2025-04-10 22:49:00,2,13.65,0,car,55.0,Kazan,1,9,1.6,6.54,1.6,2.0,4,22,0,3,2.1129032258064515,151.2448145667458
82152,2025-03-02 20:03:00,6,2.28,0,car,55.0,SPB,0,39,0.1,12.54,0.4,2.0,3,20,1,6,2.5076923076923077,96.36686914475085
1785,2025-03-19 11:42:00,4,5.01,0,bike,36.82146628990283,Moscow,1,9,0.2,0.92,14.1,4.0,3,11,0,2,3.688311688311688,74.44942869662066
81183,2024-02-27 22:21:00,3,1.3,0,car,55.0,Moscow,0,35,-6.5,3.54,11.4,4.0,2,22,0,1,3.8684210526315788,74.08581920813685
30168,2024-12-17 09:37:00,2,10.54,0,scooter,49.86328877279848,Moscow,0,21,-0.7,2.55,22.6,4.0,12,9,0,1,3.9342105263157894,155.47132668282137
54410,2024-01-08 17:55:00,3,0.42,0,scooter,38.31527511177083,Kazan,0,21,-22.3,1.22,16.5,2.0,1,17,0,0,2.0161290322580645,51.630921393981694
62067,2024-02-11 21:12:00,4,5.08,0,bike,36.7621488349067,Moscow,1,6,-7.3,5.716251278903212,18.1,3.0,2,21,0,6,3.5714285714285716,40.24667024010952
55039,2024-05-21 10:44:00,4,3.15,0,bike,39.53406196193262,Kazan,1,8,19.1,1.35,11.4,2.0,5,10,0,1,2.234375,51.74033373520426
15213,2024-06-15 14:59:00,4,5.72,0,car,55.0,Moscow,0,31,23.9,3.54,1.1,3.0,6,14,0,5,3.6363636363636362,102.97420162981004
55609,2024-11-26 16:13:00,2,0.73,0,scooter,40.78423204435535,Moscow,0,18,-1.4,11.66,0.1,5.0,11,16,1,1,3.8157894736842106,63.270478876413954
12965,2025-02-28 15:21:00,2,3.24,0,car,55.0,Moscow,0,20,2.5,0.34,1.8,4.0,2,15,0,4,3.581081081081081,63.56347342526443
6048,2025-01-04 22:57:00,3,4.38,0,car,55.0,SPB,1,11,-8.6,1.85,5.3,2.0,1,22,0,5,2.361111111111111,62.13450466852768
33523,2025-02-15 02:10:00,2,3.04,0,car,55.0,Kazan,0,30,-9.9,4.55,10.8,1.0,2,2,0,5,2.015151515151515,71.32468612864615
63285,2024-11-19 10:05:00,1,3.46,0,car,55.0,Kazan,1,9,2.8,0.69,8.0,2.0,11,10,0,1,2.234375,48.15628879152014
72389,2024-07-12 03:56:00,3,3.42,0,bike,42.257796955237886,Moscow,1,10,16.7,2.55,6.7,4.0,7,3,0,4,3.8666666666666667,63.662395090766964
6004,2025-02-24 05:25:00,4,2.03,0,car,55.0,Moscow,0,27,-15.2,4.55,20.3,4.0,2,5,0,0,4.116883116883117,70.4857088921156
98791,2025-03-11 07:44:00,4,5.88,0,bike,31.870139968385395,Kazan,0,33,-3.3,9.59,3.0,2.0,3,7,0,1,2.142857142857143,123.70753490656675
8086,2024-09-05 04:23:00,3,1.66,0,car,55.0,Moscow,0,27,9.8,1.6,13.5,5.0,9,4,0,3,3.736842105263158,67.96316855450014
94876,2024-03-09 01:37:00,1,4.21,0,scooter,55.0,SPB,1,7,-5.4,1.93,3.0,2.0,3,1,0,5,2.4761904761904763,55.3300518719643
31177,2025-01-17 07:58:00,2,3.24,0,bike,37.106988143682905,Kazan,0,18,-6.5,3.71,2.6,2.0,1,7,0,4,2.391304347826087,67.6956606484759
30204,2024-12-17 17:36:00,1,6.96,0,scooter,46.44408516513773,Moscow,1,5,-1.0,2.55,22.6,4.0,12,17,0,1,3.4266666666666667,93.90724386075985
58199,2025-05-26 22:10:00,2,0.36,1,car,55.0,SPB,0,37,14.5,0.68,5.1,3.0,5,22,0,0,2.4057971014492754,48.5791438124574
60223,2025-02-16 13:17:00,3,3.56,0,car,55.0,Kazan,1,12,-9.4,0.03,5.5,1.0,2,13,0,6,2.125,48.622137284825214
68473,2024-07-03 03:42:00,2,1.96,0,bike,36.7621488349067,SPB,0,21,15.3,4.96,14.2,3.0,7,3,0,2,2.411764705882353,61.98391603826063
15673,2024-09-26 10:46:00,4,11.08,1,scooter,40.78423204435535,Kazan,0,22,14.9,5.66,2.8,3.0,9,10,0,3,2.126984126984127,138.65236033535746
16865,2025-05-04 08:32:00,2,4.39,0,car,55.0,Moscow,1,12,10.1,2.43,19.7,3.0,5,8,0,6,3.8289473684210527,76.95074297935318
38725,2024-07-14 03:33:00,4,3.66,0,car,55.0,Moscow,1,5,20.1,3.54,4.2,3.0,7,3,0,6,3.710526315789474,54.162308047989356
70598,2024-09-14 16:42:00,3,6.03,0,car,55.0,Moscow,0,19,24.7,0.62,18.8,4.0,9,16,0,5,4.0394736842105265,90.71813257096757
58643,2025-02-15 06:11:00,4,7.22,0,scooter,48.67898980658732,Moscow,0,36,-7.6,10.13,17.2,3.0,2,6,0,5,3.76,132.61960296939446
39352,2024-05-24 07:45:00,4,3.2,0,car,55.0,SPB,0,23,14.2,13.26,6.0,4.0,5,7,1,4,2.3285714285714287,85.53022963285173
45785,2024-07-04 22:36:00,4,6.96,0,bike,42.191249465282176,Moscow,0,19,24.6,0.86,13.0,4.0,7,22,0,3,3.5789473684210527,105.48215892128073
60589,2024-03-29 17:17:00,2,2.31,0,bike,34.060510655019456,Kazan,1,8,0.8,8.64,8.2,2.0,3,17,0,4,1.967741935483871,64.18785546263199
36261,2024-01-07 18:37:00,4,1.5,0,car,55.0,SPB,1,12,-18.2,5.46,20.9,2.0,1,18,0,6,2.5675675675675675,52.134641831789224
36227,2025-02-24 20:26:00,5,1.48,0,car,55.0,Moscow,0,26,-8.5,4.55,20.3,4.0,2,20,0,0,3.779220779220779,70.75108108460739
90141,2024-07-09 07:46:00,4,1.83,0,car,55.0,Moscow,1,12,21.3,7.17,1.4,5.0,7,7,0,1,3.8846153846153846,60.65931932944568
85133,2024-12-09 00:51:00,2,4.2,0,bike,37.6456880964658,Moscow,1,10,-3.4,0.93,22.7,5.0,12,0,0,0,3.727272727272727,68.97981001417384
10800,2025-06-01 01:26:00,4,0.96,0,scooter,38.31527511177083,SPB,1,7,10.9,9.84,17.0,2.0,6,1,0,6,2.2535211267605635,42.71343193531426
7220,2025-04-13 04:59:00,2,2.37,0,car,55.0,Moscow,0,18,-0.5,3.33,9.0,3.0,4,4,0,6,3.68,58.65050974198387
42406,2024-08-24 09:50:00,1,0.37,0,bike,40.75594245927035,SPB,0,37,17.5,2.98,9.6,2.0,8,9,0,5,2.323943661971831,69.59943821439072
62643,2025-06-03 23:09:00,2,1.05,0,car,55.0,SPB,1,9,11.9,1.07,8.7,3.0,6,23,0,1,2.342857142857143,36.20270623808333
26568,2024-10-23 06:15:00,4,0.88,0,scooter,42.827475829915414,Moscow,0,21,8.1,0.69,15.5,4.0,10,6,0,2,3.769230769230769,53.35322439411178
86316,2025-02-26 10:14:00,5,3.34,0,car,55.0,Kazan,1,8,-7.5,2.74,13.3,2.0,2,10,0,2,2.0153846153846153,51.41738561893939
81428,2024-07-06 04:18:00,3,4.18,0,car,55.0,Moscow,1,10,15.9,0.66,10.4,4.0,7,4,0,5,3.6493506493506493,62.443576577009644
28935,2024-09-27 16:10:00,1,2.11,0,bike,33.520197773802906,Kazan,1,12,19.9,6.16,19.7,3.0,9,16,0,4,2.125,56.602143925557215
63586,2025-04-26 11:47:00,2,9.81,0,car,55.0,Moscow,0,27,4.3,1.08,0.7,3.0,4,11,0,5,3.486842105263158,132.4542812883015
59702,2024-12-08 09:15:00,3,2.19,0,bike,43.09047812324671,SPB,0,23,-2.4,4.77,20.4,3.0,12,9,0,6,2.375,80.76371920713436
98708,2024-02-02 20:02:00,3,3.25,0,car,55.0,SPB,0,23,-7.1,6.2306721194879096,12.4,3.0,2,20,0,4,2.3857142857142857,73.09063696024047
62613,2024-10-13 03:20:00,5,4.94,0,scooter,49.6149146410911,Moscow,1,14,6.1,5.53,6.3,4.0,10,3,0,6,3.710526315789474,82.6671331736404
83448,2024-08-02 05:04:00,2,1.62,0,bike,35.23265629823605,Moscow,0,31,12.7,3.56,19.7,4.0,8,5,0,4,3.75,74.75380316714963
14417,2024-04-04 19:07:00,2,1.81,0,scooter,46.0651894724839,SPB,0,23,-0.6,8.8,0.6,3.0,4,19,0,3,2.2941176470588234,72.29856682080468
61310,2025-04-02 17:57:00,4,8.5,0,car,55.0,Moscow,1,13,12.0,3.53,9.7,5.0,4,17,0,2,4.012820512820513,127.03515410741878
43139,2024-11-19 05:01:00,3,3.42,0,car,55.0,Kazan,1,5,2.6,0.69,8.0,2.0,11,5,0,1,2.03125,44.66233545712124
78247,2024-05-19 16:39:00,2,5.18,0,car,55.0,Moscow,1,13,19.1,12.34,1.4,3.0,5,16,1,6,3.32,83.4627004987657
30044,2024-10-29 14:12:00,4,3.53,0,bike,33.503041454143556,Moscow,1,5,6.9,2.07,15.3,4.0,10,14,0,1,3.6,59.76153188198225
19117,2024-09-23 19:57:00,4,7.09,0,bike,35.086380143438284,Moscow,0,28,9.9,2.21,4.7,4.0,9,19,0,0,3.453333333333333,133.28260664415546
43083,2024-03-14 13:41:00,2,5.87,1,car,55.0,Kazan,0,21,-1.1,1.39,4.0,2.0,3,13,0,3,2.057142857142857,73.04424120038644
7731,2025-05-17 00:08:00,2,14.43,0,car,55.0,SPB,0,21,9.9,1.2,4.0,2.0,5,0,0,5,2.4571428571428573,185.14794613052675
35702,2024-08-06 03:33:00,1,1.79,0,car,55.0,Moscow,1,14,14.0,6.03,2.2,5.0,8,3,0,1,3.64,49.93366863578058
16425,2024-08-20 17:42:00,6,3.32,0,car,55.0,Moscow,1,9,23.2,2.16,0.2,4.0,8,17,0,1,3.4266666666666667,71.27535796124837
31692,2025-05-14 07:09:00,3,1.32,0,bike,38.8266233036702,Moscow,0,37,6.6,0.03,15.5,5.0,5,7,0,2,3.987012987012987,77.16072108033886
32742,2025-06-19 03:49:00,1,0.88,0,car,55.0,Moscow,1,7,14.5,2.16,14.5,4.0,6,3,0,3,3.779220779220779,36.97715743691477
21140,2025-06-12 19:35:00,5,5.58,0,bike,30.444795647135667,Moscow,1,13,19.9,6.51,16.2,5.0,6,19,0,3,3.5657894736842106,113.40977798574883
10011,2024-07-13 22:54:00,2,4.21,0,bike,37.632500976867355,SPB,1,7,19.6,1.27,8.0,3.0,7,22,0,5,2.361111111111111,62.34727257711794
41089,2024-10-19 00:24:00,3,2.91,0,car,55.0,Kazan,1,13,1.2,1.36,4.0,1.0,10,0,0,5,2.3492063492063493,48.89304710966405
70887,2024-03-16 13:29:00,3,5.99,0,car,55.0,Moscow,0,16,3.7,9.44,9.9,3.0,3,13,0,5,3.9743589743589745,93.00508816712949
82931,2024-04-02 01:51:00,2,1.82,0,bike,31.893950723490853,SPB,1,11,3.4,5.74,3.8,3.0,4,1,0,1,2.3055555555555554,52.3548212278977
98204,2025-01-13 05:56:00,4,3.97,0,car,55.0,SPB,1,5,-13.3,16.88,6.5,3.0,1,5,1,0,2.5074626865671643,68.07632801907944
51916,2025-05-07 19:09:00,4,7.35,0,scooter,45.44612180823244,Kazan,0,37,10.9,2.2,3.1,2.0,5,19,0,2,2.046153846153846,129.42093873855814
74578,2025-05-25 00:36:00,2,0.94,0,car,55.0,Moscow,1,6,21.0,4.64,4.5,3.0,5,0,0,6,3.727272727272727,37.41840583893591
41030,2024-11-17 18:40:00,3,6.5,0,car,55.0,Moscow,0,30,5.0,34.3,21.1,3.0,11,18,1,6,3.547945205479452,137.36470838661876
3551,2024-01-07 04:22:00,3,1.77,0,car,55.0,Kazan,0,34,-24.8,2.25,14.0,1.0,1,4,0,6,2.046153846153846,67.06983832844163
77370,2025-05-10 13:24:00,2,4.73,0,scooter,53.88993581645081,SPB,0,24,8.6,0.04,15.7,2.0,5,13,0,5,2.380281690140845,72.16643793161577
93997,2024-07-08 01:24:00,5,3.61,0,scooter,53.69711497645374,Kazan,1,12,18.1,4.8,14.5,2.0,7,1,0,0,2.130434782608696,59.80988216587988
11450,2024-02-11 04:33:00,2,1.96,0,car,55.0,SPB,1,6,-21.6,0.87,20.2,2.0,2,4,0,6,2.303030303030303,33.61582572240279
80175,2024-12-20 04:01:00,2,3.9,0,car,55.0,Moscow,0,16,-1.8,7.49,11.0,5.0,12,4,0,4,4.025974025974026,79.22072610063206
63858,2025-03-21 13:50:00,4,5.43,0,bike,33.0915722275002,Kazan,0,27,5.8,1.05,12.7,2.0,3,13,0,4,1.878787878787879,98.64440058657962
25476,2024-12-20 13:22:00,4,7.47,1,car,55.0,Kazan,1,7,-9.1,2.6,15.7,2.0,12,13,0,4,1.878787878787879,76.2815548248625
1517,2024-11-27 08:11:00,1,4.36,0,scooter,44.79372201513367,Kazan,0,24,-5.5,5.94,21.6,3.0,11,8,0,2,2.1639344262295084,87.16867808493475
1760,2024-07-20 01:58:00,4,9.15,0,car,55.0,Kazan,0,30,19.8,2.53,13.8,1.0,7,1,0,5,2.0303030303030303,128.33809055827325
8467,2025-03-19 10:08:00,2,2.9,1,car,55.0,SPB,1,8,4.2,4.14,15.1,3.0,3,10,0,2,2.449275362318841,38.95509733138056
67881,2024-08-22 00:26:00,1,0.82,0,car,55.0,Moscow,0,34,15.4,6.76,8.4,4.0,8,0,0,3,4.571428571428571,68.20220543954956
27751,2024-08-25 18:20:00,4,3.9,0,car,55.0,Moscow,0,30,26.2,8.11,0.0,3.0,8,18,0,6,3.547945205479452,102.36408309951732
14725,2025-03-17 15:19:00,1,4.09,0,car,55.0,Moscow,0,36,-1.1,0.49,13.2,4.0,3,15,0,0,3.5789473684210527,86.70266557376465
33258,2024-12-29 15:52:00,1,1.53,0,car,55.0,Moscow,0,36,-0.6,5.86,14.7,3.0,12,15,0,6,3.8157894736842106,68.9736973159288
29302,2024-06-22 08:27:00,2,1.79,0,bike,36.82146628990283,Moscow,0,17,17.0,0.3,6.1,3.0,6,8,0,5,3.527027027027027,57.29004450497587
74448,2024-04-20 11:16:00,2,3.08,0,car,55.0,SPB,1,7,-0.3,9.79,12.4,2.0,4,11,0,5,2.4507042253521125,54.40955221453714
76672,2024-03-20 20:16:00,2,1.73,0,car,55.0,Moscow,0,15,1.9,2.44,19.4,5.0,3,20,0,2,3.883116883116883,58.67163118177027
97245,2025-02-07 09:34:00,3,2.63,0,bike,43.1943022875045,Kazan,1,9,-10.7,6.93,4.5,3.0,2,9,0,4,1.8636363636363635,67.20889427765158
61494,2024-04-15 11:23:00,5,3.29,0,scooter,38.31527511177083,Kazan,0,20,8.5,9.04,11.0,2.0,4,11,0,0,2.0163934426229506,77.45142772333574
35417,2025-04-08 17:10:00,3,3.36,0,bike,37.26218109219517,SPB,0,23,2.6,8.43,19.5,3.0,4,17,0,1,2.1076923076923078,96.79801555762077
4254,2024-01-22 18:30:00,5,13.51,0,scooter,39.091298449230436,SPB,1,14,-3.3,7.16,2.3,4.0,1,18,0,0,2.2535211267605635,181.21251052289006
55856,2025-04-20 22:27:00,2,3.53,0,car,55.0,Moscow,1,13,16.8,0.5,5.1,3.0,4,22,0,6,3.5921052631578947,54.58123486205409
38462,2024-01-05 09:25:00,4,2.69,0,scooter,54.69739406908258,Moscow,1,8,-26.6,2.74,16.9,4.0,1,9,0,4,3.858974358974359,66.18613818735352
67877,2024-03-29 11:12:00,5,9.68,0,car,55.0,SPB,0,16,10.4,3.41,12.5,3.0,3,11,0,4,2.514705882352941,128.49607633881647
22733,2024-02-29 04:20:00,1,3.29,0,car,55.0,Kazan,0,18,-8.2,0.7,13.9,2.0,2,4,0,3,2.044776119402985,55.666163976766725
28904,2025-01-23 07:40:00,4,0.16,0,car,55.0,Moscow,1,10,-2.8,7.8,7.9,4.0,1,7,0,3,3.5,45.784201692262045
33666,2025-01-03 17:09:00,3,4.67,0,car,55.0,SPB,0,20,-5.9,5.47,21.5,3.0,1,17,0,4,2.135135135135135,89.27393986082436
66842,2024-12-19 01:38:00,3,4.1,0,car,53.93865388999127,SPB,0,16,-9.6,2.45,20.1,3.0,12,1,0,3,2.208955223880597,69.2042729214126
75601,2025-04-28 07:01:00,3,5.12,0,car,55.0,Moscow,0,15,-0.3,0.92,15.1,4.0,4,7,0,0,3.9066666666666667,79.69251239089631
94412,2024-03-10 03:02:00,5,7.69,0,car,55.0,SPB,1,8,-6.7,6.01,12.0,2.0,3,3,0,6,2.4029850746268657,93.0006330712592
70745,2024-05-24 22:56:00,3,9.65,0,bike,36.63261474828157,Moscow,1,11,13.5,2.84,0.8,5.0,5,22,0,4,3.9466666666666668,133.14035550632428
9296,2025-03-18 02:42:00,3,2.32,0,car,55.0,Moscow,0,25,-4.8,0.86,7.8,4.0,3,2,0,1,3.727272727272727,65.94250502471317
20466,2024-03-04 10:40:00,2,13.0,0,scooter,55.0,Moscow,1,13,-6.2,3.7,6.9,5.0,3,10,0,0,3.4025974025974026,163.51611497384647
49139,2025-04-17 05:40:00,2,5.35,0,car,55.0,Kazan,1,7,3.9,3.63,8.7,2.0,4,5,0,3,2.074626865671642,68.2144705308089
86516,2024-10-08 20:57:00,3,2.63,0,bike,32.37325941116156,SPB,1,11,6.7,1.32,6.1,3.0,10,20,0,1,2.578125,56.12962342132862
32028,2025-04-22 17:16:00,3,1.66,0,scooter,52.378878477670696,SPB,0,25,10.5,4.42,5.4,4.0,4,17,0,1,2.1076923076923078,77.00432751781533
56027,2025-04-17 05:28:00,1,7.37,0,car,55.0,SPB,0,24,10.3,18.26,3.3,3.0,4,5,1,3,2.4927536231884058,117.07532674011703
52406,2024-09-24 18:51:00,2,3.99,0,bike,37.32002871481163,Moscow,1,6,16.3,1.06,18.7,4.0,9,18,0,1,3.4415584415584415,72.44652079161443
77309,2024-04-10 18:32:00,3,11.04,1,car,55.0,Moscow,0,36,18.8,8.06,1.3,5.0,4,18,0,2,3.6623376623376624,169.2763201381803
24237,2024-10-07 17:18:00,1,0.86,0,bike,31.367687591946154,Moscow,1,5,18.1,0.02,1.3,5.0,10,17,0,0,3.810810810810811,41.411733324083905
69100,2024-07-04 14:02:00,6,1.43,0,car,55.0,Moscow,0,30,32.7,0.86,13.0,4.0,7,14,0,3,3.7222222222222223,74.32808382896856
39999,2024-12-09 12:39:00,5,0.52,0,bike,41.253268832294935,Kazan,1,7,-4.2,3.67,2.7,3.0,12,12,0,0,2.5,40.362236583974855
39432,2024-12-14 20:39:00,2,8.3,0,bike,41.219692330682875,SPB,0,23,-3.0,4.16,20.5,2.0,12,20,0,5,2.4461538461538463,122.69889536492408
36159,2025-03-18 10:39:00,4,2.07,0,car,55.0,Moscow,0,18,-2.4,0.86,7.8,4.0,3,10,0,1,3.675324675324675,58.043166700647916
67284,2025-02-27 05:02:00,4,0.36,0,bike,39.8116220849798,SPB,1,13,0.5,5.52,18.1,3.0,2,5,0,3,2.4927536231884058,47.6861248265576
57231,2025-03-14 20:43:00,2,5.14,1,car,55.0,Kazan,0,30,6.3,4.17,0.2,2.0,3,20,0,4,2.098360655737705,77.60481781204113
82307,2024-07-08 07:53:00,4,0.73,0,bike,39.11667838566589,Moscow,1,9,19.0,2.04,8.2,4.0,7,7,0,0,3.9066666666666667,43.561711725219666
28658,2025-03-01 21:17:00,1,4.94,0,car,55.0,Moscow,1,9,-0.2,0.91,14.3,4.0,3,21,0,5,3.9864864864864864,67.38798709267752
72142,2025-02-05 01:08:00,4,6.12,1,bike,36.847051198698445,Moscow,0,17,-2.2,20.28,7.0,4.0,2,1,1,2,3.3766233766233764,105.53208256769213
37528,2024-06-14 16:03:00,5,7.72,0,car,55.0,Moscow,0,30,21.4,2.24,3.0,4.0,6,16,0,4,3.782051282051282,129.2877523571865
37997,2025-05-04 13:20:00,2,3.33,0,scooter,44.150599250049076,Moscow,1,14,17.2,2.43,19.7,3.0,5,13,0,6,3.935064935064935,60.01554284843405
71735,2024-04-07 09:13:00,6,7.35,1,bike,40.879308302895126,Moscow,0,25,6.6,0.62,2.2,nan,4,9,0,6,3.8133333333333335,12.112128268645108
3403,2024-11-17 23:49:00,3,0.22,0,bike,30.58051523310684,Moscow,0,35,3.9,34.3,21.1,3.0,11,23,1,6,3.5657894736842106,100.17049773267865
18920,2024-01-08 21:34:00,4,3.2,0,car,55.0,SPB,0,21,-5.3,8.24,15.7,3.0,1,21,0,0,2.5652173913043477,74.93400112623895
42583,2025-01-28 05:55:00,2,5.01,0,car,55.0,Kazan,0,27,1.5,9.32,20.9,3.0,1,5,0,1,2.03125,99.49063367519571
95806,2024-08-24 16:16:00,1,6.62,0,car,55.0,SPB,0,24,20.2,2.98,9.6,2.0,8,16,0,5,2.4393939393939394,95.53319262639559
44598,2024-01-23 00:34:00,2,7.42,0,car,55.0,Kazan,1,5,-17.7,0.82,23.4,2.0,1,0,0,1,2.0952380952380953,80.09140476644438
23038,2024-05-01 15:54:00,4,1.0,0,car,55.0,Kazan,1,7,13.2,4.42,1.7,2.0,5,15,0,2,1.8870967741935485,33.22082806395001
21708,2025-02-06 06:03:00,4,7.85,0,bike,39.11667838566589,Kazan,0,33,-8.9,1.45,21.5,2.0,2,6,0,3,2.234375,131.12006807745723
15722,2024-10-18 18:56:00,1,3.58,0,scooter,45.66908855409564,SPB,0,23,9.2,20.33,10.290958164642376,4.0,10,18,1,4,2.356164383561644,99.63946181884877
2000,2024-06-13 14:09:00,2,3.01,0,bike,35.23265629823605,SPB,0,16,16.8,1.92,1.5,4.0,6,14,0,3,2.5945945945945947,65.86134646489549
44463,2025-01-11 09:32:00,3,6.44,0,car,55.0,Moscow,0,20,3.3,3.57,3.9,4.0,1,9,0,5,3.6973684210526314,109.68769259782363
43423,2024-05-05 02:25:00,3,1.94,0,car,55.0,Kazan,1,14,-1.1,1.59,3.3,2.0,5,2,0,6,1.9538461538461538,45.90924066625995
11381,2024-03-17 18:58:00,1,10.16,0,bike,30.567021598673445,Kazan,1,12,-1.5,3.58,8.0,1.0,3,18,0,6,2.142857142857143,134.94960773640943
65249,2024-06-08 08:55:00,3,6.32,0,bike,40.61012440281896,Moscow,1,5,18.2,19.25,8.4,4.0,6,8,1,5,3.527027027027027,113.17294164903208
3231,2024-01-08 16:41:00,2,1.41,0,car,55.0,Moscow,1,5,-17.3,6.19,23.2,5.0,1,16,0,0,3.8076923076923075,38.68238594885758
67115,2024-08-18 16:12:00,2,26.68,0,car,55.0,SPB,0,35,20.5,4.92,15.9,3.0,8,16,0,6,2.485294117647059,209.4511980611946
8677,2024-05-06 18:53:00,4,1.4,0,scooter,49.49166115263669,SPB,0,39,4.9,0.25,4.1,3.0,5,18,0,0,2.2535211267605635,83.05603697952813
68594,2025-04-25 11:06:00,1,2.18,1,car,55.0,Kazan,1,13,17.4,0.3,5.0,2.0,4,11,0,4,2.1875,28.702590262468775
77737,2024-01-19 04:18:00,3,1.74,0,scooter,42.15405365401788,Moscow,0,27,-5.1,9.77,12.1,4.0,1,4,0,4,4.025974025974026,74.55465974204785
31667,2025-04-24 19:43:00,3,2.84,0,bike,40.60867476452213,Moscow,1,9,17.8,3.42,17.7,5.0,4,19,0,3,3.5657894736842106,74.51586258964093
48781,2024-11-15 03:24:00,3,5.54,0,bike,42.191249465282176,Moscow,1,10,-0.9,13.33,5.5,5.0,11,3,1,4,3.8666666666666667,100.06766848565667
91699,2025-03-30 04:07:00,1,0.69,0,car,55.0,Moscow,1,10,3.5,8.35,2.4,3.0,3,4,0,6,3.68,38.494204188366304
25122,2024-09-03 04:15:00,5,5.84,0,car,46.1550413594705,Moscow,0,25,11.9,1.38,5.7,4.0,9,4,0,1,3.8,100.07197092377056
3089,2025-04-02 22:39:00,4,4.31,0,bike,36.63261474828157,Kazan,1,9,5.2,2.09,5.9,2.0,4,22,0,2,1.7575757575757576,66.70108847437848
60033,2024-06-30 18:34:00,3,8.73,0,car,55.0,Kazan,0,39,24.3,0.76,4.2,2.0,6,18,0,6,2.142857142857143,139.27561372270173
70358,2025-04-26 08:02:00,3,3.62,0,bike,43.09047812324671,SPB,1,5,1.8,4.79,15.8,2.0,4,8,0,5,2.4285714285714284,63.46180027017381
76339,2024-02-08 06:12:00,4,4.82,0,car,55.0,SPB,0,20,-21.5,11.32,0.4,3.0,2,6,1,3,2.361111111111111,89.08679303684093
81209,2024-01-11 15:10:00,2,5.29,0,car,55.0,Kazan,0,19,-15.2,4.219901193906957,10.7,2.0,1,15,0,3,2.0588235294117645,80.03571514736234
47474,2025-04-09 14:28:00,3,1.88,1,car,55.0,SPB,1,8,3.5,0.82,7.1,3.0,4,14,0,2,2.5652173913043477,27.580033438186334
70206,2025-05-18 14:07:00,1,0.81,0,car,55.0,SPB,1,13,17.7,8.68,18.1,2.0,5,14,0,6,2.5217391304347827,42.55994350616213
97283,2024-11-08 10:27:00,1,1.06,0,bike,37.969623408900276,Moscow,0,35,3.9,5.37,9.2,4.0,11,10,0,4,3.5714285714285716,73.80830444991784
82059,2024-12-17 05:32:00,2,4.16,0,scooter,42.15405365401788,Moscow,0,38,-1.5,2.55,22.6,4.0,12,5,0,1,3.6842105263157894,96.42196773618626
81102,2025-03-08 19:25:00,5,4.91,0,car,55.0,SPB,0,16,4.3,5.1,6.7,2.0,3,19,0,5,2.484375,86.49567312313069
84495,2024-06-02 16:09:00,6,3.13,0,car,55.0,SPB,1,6,21.0,4.92,12.7,2.0,6,16,0,6,2.485294117647059,50.27079149889023
76236,2024-08-19 06:09:00,7,3.51,1,car,55.0,Moscow,1,5,13.9,1.95,2.1,4.0,8,6,0,0,3.8133333333333335,42.73872942229407
93924,2024-09-27 09:33:00,1,1.12,0,car,55.0,SPB,0,38,14.8,9.93,2.1,4.0,9,9,0,4,2.452054794520548,88.45239176691787
88119,2024-11-26 14:19:00,2,1.89,0,car,55.0,Kazan,1,9,-0.4,0.75,23.0,2.0,11,14,0,1,2.123076923076923,41.00240116890817
9120,2024-04-07 13:46:00,5,2.47,1,car,55.0,Moscow,1,12,14.2,0.62,2.2,nan,4,13,0,6,3.935064935064935,10.54134631808963
72103,2024-06-02 03:37:00,3,2.68,1,scooter,50.84117784067927,SPB,1,11,16.4,4.92,12.7,2.0,6,3,0,6,2.4029850746268657,37.8535870853873
71642,2025-03-24 19:56:00,2,4.21,0,scooter,49.49166115263669,SPB,0,32,3.2,0.79,1.0,4.0,3,19,0,0,2.585714285714286,98.95429912850213
33567,2025-06-18 12:23:00,2,3.79,0,bike,40.58851705937706,Kazan,1,14,18.8,2.8,17.4,3.0,6,12,0,2,2.140625,67.45245828535843
684,2024-04-30 17:58:00,3,7.53,0,bike,36.41063141303707,Moscow,0,17,20.4,1.31,1.9,4.0,4,17,0,1,3.4266666666666667,120.44284181563123
10861,2025-01-31 21:11:00,5,1.19,0,car,55.0,Moscow,0,36,1.4,1.45,17.2,4.0,1,21,0,4,3.3466666666666667,78.707333917973
37109,2025-06-14 00:55:00,2,0.54,1,car,53.93865388999127,SPB,1,5,13.7,4.19,18.0,3.0,6,0,0,5,2.4571428571428573,15.162823069351319
66459,2025-01-22 01:57:00,7,9.84,0,car,55.0,Moscow,1,5,-7.7,0.42,6.8,5.0,1,1,0,2,3.3766233766233764,115.57886886825435
32036,2024-06-15 09:17:00,3,1.46,0,bike,34.44266775511231,SPB,0,35,16.2,0.34,9.9,2.0,6,9,0,5,2.323943661971831,73.60341168807815
86738,2024-08-10 11:54:00,4,5.27,0,bike,38.301186923671516,Moscow,1,11,21.0,2.38,19.1,4.0,8,11,0,5,3.486842105263158,84.22268245629849
20394,2024-07-24 09:07:00,3,4.66,0,bike,34.21679163845626,SPB,0,15,21.6,1.95,11.2,3.0,7,9,0,2,2.5294117647058822,88.45738204965713
12842,2024-10-09 19:04:00,4,7.81,0,car,55.0,SPB,0,31,5.2,3.22,6.4,3.0,10,19,0,2,2.1343283582089554,134.99038256287423
43039,2024-03-25 15:45:00,1,2.38,0,scooter,55.0,Moscow,0,39,3.4,1.68,13.6,5.0,3,15,0,0,3.5789473684210527,83.88429775501078
90787,2025-06-18 06:24:00,4,5.94,0,car,55.0,Moscow,1,10,15.0,3.89,14.4,4.0,6,6,0,2,3.769230769230769,79.62359080535987
83895,2024-01-30 13:26:00,5,2.34,0,bike,30.58051523310684,Moscow,0,31,0.9,9.02,2.9,4.0,1,13,0,1,4.171052631578948,98.2760975006351
48612,2024-05-29 11:00:00,3,2.5,0,bike,38.301186923671516,Moscow,1,6,25.2,6.85,8.6,5.0,5,11,0,2,3.688311688311688,61.92238797339544
63711,2024-04-18 13:30:00,5,2.1,0,scooter,50.84117784067927,Moscow,1,10,9.3,0.33,16.9,4.0,4,13,0,3,3.8666666666666667,49.05936144145704
48561,2024-03-13 15:24:00,3,1.17,0,car,55.0,SPB,1,9,7.2,1.04,9.8,4.0,3,15,0,2,2.3692307692307693,41.06593381749234
75139,2025-01-23 01:43:00,4,0.38,0,car,51.43065228264467,Moscow,1,9,-2.1,7.8,7.9,4.0,1,1,0,3,3.710526315789474,44.69110145129571
18459,2024-06-25 18:26:00,2,2.98,0,bike,34.78209868887858,Moscow,1,11,21.9,0.07,1.2,4.0,6,18,0,1,3.4415584415584415,62.511868832287625
12284,2024-03-01 16:49:00,3,0.64,0,car,55.0,SPB,1,5,1.2,10.26,1.5,3.0,3,16,0,4,2.4927536231884058,38.46235268801896
49939,2024-08-11 11:41:00,2,3.89,0,car,55.0,SPB,1,5,17.5,3.25,5.3,2.0,8,11,0,6,2.2,51.82982050081779
88265,2025-01-27 12:04:00,3,0.36,0,car,55.0,Moscow,1,10,4.1,10.21,16.5,4.0,1,12,0,0,3.551282051282051,48.431097876890455
25548,2025-06-05 21:02:00,2,0.59,0,car,55.0,Moscow,1,11,22.1,3.04,10.0,5.0,6,21,0,3,3.810810810810811,46.28196152245418
85150,2025-04-01 21:03:00,1,2.43,0,car,55.0,SPB,1,12,7.0,13.79,10.9,3.0,4,21,1,1,2.3676470588235294,60.23978581596698
89828,2025-03-29 05:24:00,3,6.29,0,scooter,45.13982204557147,Moscow,0,30,1.4,4.28,16.5,3.0,3,5,0,5,3.792207792207792,106.35572263325417
2943,2024-12-26 06:22:00,4,4.7,0,car,55.0,Moscow,1,9,-1.0,2.63,23.6,5.0,12,6,0,3,3.526315789473684,71.69041750913985
54336,2024-03-22 15:52:00,2,10.82,0,car,55.0,Kazan,1,11,2.5,1.43,19.5,2.0,3,15,0,4,1.96875,123.03523681842353
69816,2024-01-07 00:44:00,4,1.77,0,car,55.0,Kazan,1,12,-25.9,2.25,14.0,1.0,1,0,0,6,2.34375,41.754804379174466
94924,2024-06-23 10:44:00,3,7.0,0,bike,34.44266775511231,Moscow,0,27,20.0,0.72,2.2,3.0,6,10,0,6,3.5526315789473686,111.69643178201315
75960,2024-03-13 17:10:00,4,3.88,0,car,55.0,Moscow,0,27,0.9,0.52,8.3,4.0,3,17,0,2,4.012820512820513,92.97988351876255
41457,2024-09-05 21:45:00,4,2.95,0,bike,39.99621866158171,Kazan,0,39,11.5,1.06,15.7,2.0,9,21,0,3,2.238095238095238,88.42490605541909
91114,2024-06-12 18:16:00,1,6.07,0,car,55.0,SPB,0,36,16.1,7.04,9.7,3.0,6,18,0,2,2.183098591549296,118.58365930396829
76915,2025-03-21 16:42:00,4,5.76,0,bike,35.369149670627664,Moscow,1,12,8.7,4.74,7.6,4.0,3,16,0,4,3.782051282051282,91.4805664600674
75327,2024-09-19 11:08:00,3,5.97,0,car,55.0,Moscow,1,14,19.0,3.57,16.7,4.0,9,11,0,3,3.9864864864864864,87.64421040662442
97795,2024-04-09 06:17:00,3,0.13,0,car,55.0,Kazan,0,34,2.9,0.38,4.9,3.0,4,6,0,1,2.076923076923077,58.50010361289621
9220,2025-01-26 08:36:00,1,3.52,0,scooter,55.0,Moscow,1,6,1.5,5.720882520402354,21.9,3.0,1,8,0,6,3.8289473684210527,25.571869778795588
46743,2024-05-06 08:09:00,4,11.38,0,car,55.0,SPB,0,35,3.1,0.25,4.1,3.0,5,8,0,0,2.3823529411764706,172.53476653782735
40112,2024-10-04 13:53:00,4,3.95,0,car,55.0,Kazan,1,7,16.7,0.45,10.3,2.0,10,13,0,4,1.878787878787879,49.21821756492321
16172,2024-09-26 08:51:00,3,6.52,0,car,55.0,Moscow,0,34,13.0,0.54,0.5,4.0,9,8,0,3,3.9210526315789473,123.14828484575725
14350,2024-06-29 18:40:00,5,2.34,0,bike,37.45176782140707,Kazan,0,32,21.0,0.07,14.7,1.0,6,18,0,5,2.2096774193548385,71.312538898192
64983,2024-05-31 11:14:00,4,7.18,0,car,55.0,SPB,1,10,25.1,20.61,7.1,4.0,5,11,1,4,2.514705882352941,108.14246839866627
78248,2024-01-22 19:23:00,2,1.78,0,scooter,46.7981431143761,SPB,1,5,-2.6,7.16,2.3,4.0,1,19,0,0,2.585714285714286,56.897392094079805
21257,2024-10-11 00:29:00,2,0.8,0,car,55.0,Moscow,1,11,8.7,0.65,16.4,4.0,10,0,0,4,3.5064935064935066,39.30591987939372
26565,2024-05-20 19:32:00,4,7.37,0,car,55.0,SPB,0,25,14.8,2.97,10.3,4.0,5,19,0,0,2.585714285714286,124.93342645953459
50191,2025-06-09 14:06:00,2,2.57,1,car,55.0,Moscow,0,28,23.7,1.3,13.1,5.0,6,14,0,0,4.142857142857143,64.23505114695541
46134,2024-01-01 21:58:00,3,5.22,0,bike,37.32002871481163,Kazan,1,9,-24.7,7.25,8.5,2.0,1,21,0,0,1.9838709677419355,80.57694151024077
95887,2024-02-15 17:27:00,2,3.28,0,car,55.0,Moscow,0,15,-11.5,0.81,23.6,5.0,2,17,0,3,4.012820512820513,76.72794177442647
14368,2025-06-13 23:43:00,5,0.29,0,car,55.0,Moscow,1,10,14.1,9.93,12.7,5.0,6,23,0,4,3.896103896103896,51.99743313112842
86954,2024-12-25 04:53:00,5,1.34,0,scooter,45.13982819313042,Moscow,1,6,-1.4,3.37,6.4,4.0,12,4,0,2,3.935064935064935,41.73581400266227
29222,2024-05-08 22:32:00,5,5.07,0,car,55.0,Moscow,0,34,-0.3,1.01,6.2,4.0,5,22,0,2,4.0,103.29653096449573
31856,2024-01-08 05:18:00,4,2.34,0,car,55.0,Kazan,0,24,-21.7,1.22,16.5,2.0,1,5,0,0,2.0307692307692307,61.83764766199647
28893,2024-10-12 02:07:00,3,6.86,0,bike,40.804334648574,Moscow,0,25,8.1,2.07,17.8,3.0,10,2,0,5,3.779220779220779,112.1378933407783
15507,2025-02-26 08:55:00,2,2.96,0,bike,30.567021598673445,SPB,1,6,-4.0,13.35,19.5,3.0,2,8,1,2,2.4242424242424243,77.33658878829952
5791,2025-01-23 07:03:00,5,4.28,0,car,55.0,Moscow,0,37,-2.8,7.8,7.9,4.0,1,7,0,3,3.5,112.4778899610636
74895,2024-05-30 23:19:00,4,7.04,0,scooter,45.13982204557147,Moscow,0,37,19.0,1.06,2.5,5.0,5,23,0,3,3.3461538461538463,129.36430339930064
67556,2025-01-01 11:56:00,3,4.78,0,scooter,45.651242794209146,SPB,0,22,-2.8,6.28,8.0,3.0,1,11,0,2,2.4794520547945207,87.35288966845081
33434,2024-07-18 23:25:00,5,3.68,0,bike,33.19299505524494,Kazan,0,37,20.0,0.13,3.7,2.0,7,23,0,3,2.032258064516129,87.43557319807769
68413,2024-01-26 18:06:00,3,6.4,0,car,55.0,SPB,1,8,-3.7,2.89,15.3,3.0,1,18,0,4,2.356164383561644,91.19869618164435
13587,2025-02-13 14:10:00,4,7.5,0,car,55.0,Moscow,1,10,-6.2,4.06,12.8,4.0,2,14,0,3,3.7222222222222223,88.08357268227792
61330,2025-06-24 22:17:00,3,1.42,0,car,55.0,Kazan,0,18,15.9,1.76,2.4,2.0,6,22,0,1,2.2459016393442623,48.23080253784667
77701,2024-01-25 14:01:00,6,6.79,1,scooter,48.67284070467812,SPB,1,8,0.6,1.86,11.4,3.0,1,14,0,3,2.5945945945945947,75.81160386771981
10471,2024-01-19 02:59:00,10,7.29,0,car,51.43065228264467,Moscow,0,37,0.2,9.77,12.1,4.0,1,2,0,4,3.8552631578947367,145.94163343304737
63996,2024-07-23 20:32:00,3,4.1,0,scooter,52.991687044958624,Kazan,1,9,17.7,0.66,16.0,2.0,7,20,0,1,2.0757575757575757,54.12748620747368
19348,2025-01-29 12:05:00,2,4.06,0,scooter,45.66908855409564,SPB,0,16,2.6,3.04,7.0,4.0,1,12,0,2,2.410958904109589,72.54422351342343
26083,2025-01-17 12:30:00,3,6.0,0,car,55.0,Kazan,1,10,-4.7,3.71,2.6,2.0,1,12,0,4,2.0476190476190474,79.24288529492975
37310,2024-08-20 07:43:00,3,1.66,0,car,55.0,Kazan,0,27,17.6,3.34,8.5,2.0,8,7,0,1,2.142857142857143,61.71583996588793
61818,2024-10-22 09:18:00,5,1.17,0,bike,35.5218365044405,SPB,0,24,11.2,4.74,17.4,3.0,10,9,0,1,2.8142857142857145,75.96499039738775
71639,2024-01-18 13:30:00,2,3.07,0,car,55.0,Moscow,0,15,-11.6,0.16,14.0,4.0,1,13,0,3,3.8666666666666667,59.09140666811909
68416,2025-01-06 08:19:00,3,1.9,0,car,55.0,Kazan,0,34,-6.0,9.67,12.5,2.0,1,8,0,0,2.189655172413793,83.76601554784224
4576,2024-12-31 10:13:00,3,7.83,0,car,55.0,Moscow,0,21,-0.2,3.71,3.0,4.0,12,10,0,1,3.675324675324675,114.10638225620738
89572,2024-05-01 01:51:00,6,4.54,0,car,55.0,SPB,1,11,5.3,2.8,9.5,3.0,5,1,0,2,2.4153846153846152,70.83617760512549
13337,2025-03-25 11:33:00,5,0.23,0,scooter,45.159897613091154,Kazan,0,31,6.5,7.3,6.5,3.0,3,11,0,1,1.9310344827586208,71.72371728771063
92365,2024-05-11 21:31:00,5,5.34,1,bike,34.60585913965475,Kazan,1,8,6.9,5.39,11.2,1.0,5,21,0,5,2.1538461538461537,63.131426493497756
31759,2024-07-10 12:39:00,4,5.87,0,bike,33.503041454143556,Moscow,0,37,25.8,1.07,10.2,5.0,7,12,0,2,3.789473684210526,123.41372224951954
90582,2025-04-26 07:52:00,1,8.69,0,car,55.0,Kazan,1,9,12.9,0.09,0.7,1.0,4,7,0,5,1.9833333333333334,88.94548623776151
13721,2025-06-01 03:08:00,4,4.65,0,scooter,55.0,Kazan,1,5,21.4,4.35,1.7,1.0,6,3,0,6,2.1639344262295084,57.86734913393837
19044,2024-10-28 17:46:00,2,1.19,0,car,55.0,SPB,0,37,8.1,3.92,5.8,4.0,10,17,0,0,2.5625,84.05446302613406
30492,2025-01-01 20:10:00,3,6.18,0,scooter,55.0,Moscow,0,27,0.5,10.43,1.0,4.0,1,20,0,2,3.883116883116883,113.43475518588045
53670,2024-09-07 11:57:00,4,2.34,0,bike,37.6456880964658,SPB,0,39,19.4,2.71,1.3,2.0,9,11,0,5,2.4507042253521125,87.51208957743313
26564,2025-04-06 13:56:00,2,6.89,0,car,55.0,SPB,0,20,2.3,5.84,4.9,2.0,4,13,0,6,2.5303030303030303,96.57821180917654
76877,2025-04-24 03:59:00,1,5.86,0,car,55.0,SPB,0,33,5.1,2.32,11.2,3.0,4,3,0,3,2.5714285714285716,99.79625133269897
16270,2024-01-07 22:56:00,4,4.8,0,scooter,43.16043291364058,Kazan,0,35,-24.7,2.25,14.0,1.0,1,22,0,6,2.264705882352941,94.54187862278673
10871,2024-06-19 00:47:00,3,1.69,0,bike,37.969623408900276,Moscow,0,25,17.7,9.28,11.6,5.0,6,0,0,2,3.871794871794872,81.94799264266902
4370,2025-04-29 08:27:00,3,5.5,0,bike,38.07269195618679,Moscow,1,9,6.9,1.66,11.0,5.0,4,8,0,1,3.8533333333333335,96.47249541196337
42664,2024-04-02 03:02:00,1,3.64,0,car,55.0,Moscow,1,8,8.3,3.34,17.0,4.0,4,3,0,1,3.64,59.99224044723786
16353,2024-03-27 01:01:00,3,7.21,0,bike,35.96575629651888,Kazan,1,12,1.1,11.64,4.8,3.0,3,1,1,2,2.09375,114.58674568530591
90392,2024-01-22 22:59:00,1,2.31,0,scooter,52.33026501083797,Kazan,0,24,-18.4,6.93,5.6,2.0,1,22,0,0,1.9696969696969697,63.09277822408872
75059,2024-09-03 15:05:00,2,5.76,0,car,55.0,SPB,1,9,26.2,7.87,9.9,3.0,9,15,0,1,2.426470588235294,80.5049892514154
43393,2025-06-22 06:29:00,3,4.27,0,car,55.0,Moscow,0,27,10.8,11.71,18.1,4.0,6,6,1,6,3.736842105263158,96.95671532777305
21347,2024-06-17 02:05:00,3,1.64,0,car,55.0,Kazan,0,30,19.9,5.8,9.7,2.0,6,2,0,0,2.1194029850746268,67.86542124054267
41534,2024-07-23 19:45:00,3,2.04,0,car,55.0,Moscow,1,11,22.0,8.45,0.4,4.0,7,19,0,1,3.8701298701298703,68.71251017429863
66135,2025-06-10 06:07:00,7,12.49,0,car,55.0,Moscow,1,11,13.7,2.49,17.3,4.0,6,6,0,1,3.6973684210526314,160.56944122989285
90441,2024-01-09 07:37:00,5,6.27,0,scooter,39.262412605512424,SPB,0,17,-2.4,0.24,20.4,3.0,1,7,0,1,2.6285714285714286,93.80563298969975
16724,2024-05-29 09:23:00,2,4.94,0,bike,38.162502640513864,Moscow,1,6,22.8,6.85,8.6,5.0,5,9,0,2,3.6623376623376624,92.90077418764693
59643,2025-04-14 11:14:00,4,5.82,0,scooter,48.67898980658732,Kazan,0,32,8.1,0.3,19.1,2.0,4,11,0,0,2.0163934426229506,99.91993697473735
79780,2024-07-20 00:48:00,1,9.12,0,car,55.0,SPB,1,8,16.4,5.76,19.4,2.0,7,0,0,5,2.4571428571428573,103.23946994966508
40128,2024-04-13 12:19:00,2,1.58,0,scooter,41.544742159650916,Moscow,1,11,11.0,3.78,3.8,3.0,4,12,0,5,4.012987012987013,44.75751346081907
76366,2024-10-10 22:19:00,2,4.99,0,car,55.0,SPB,0,37,11.0,0.98,1.4,3.0,10,22,0,3,2.4558823529411766,95.40338986172385
4963,2024-04-01 23:45:00,2,6.72,0,car,55.0,Moscow,0,38,12.0,7.38,17.4,5.0,4,23,0,0,3.9066666666666667,130.21354385769448
50746,2025-04-11 04:43:00,2,5.91,0,bike,40.10929179910456,Kazan,1,7,1.0,4.45,14.1,2.0,4,4,0,4,1.9848484848484849,77.49354960293873
26286,2025-05-03 09:02:00,2,2.27,1,car,55.0,SPB,0,25,9.1,6.98,0.7,2.0,5,9,0,5,2.323943661971831,58.322508779615234
69709,2024-01-24 20:26:00,2,3.62,0,bike,39.99621866158171,SPB,1,8,0.6,8.54,16.2,3.0,1,20,0,2,2.445945945945946,70.90607425398076
59019,2024-01-25 05:36:00,4,7.49,0,car,55.0,SPB,0,33,0.3,1.86,11.4,3.0,1,5,0,3,2.4927536231884058,121.75644424004463
27505,2025-06-27 00:03:00,2,4.83,1,bike,38.07882928487708,Moscow,1,5,13.0,7.76,1.0,4.0,6,0,0,4,3.5064935064935066,64.7125193352785
82166,2024-09-06 15:03:00,9,1.67,0,car,55.0,SPB,1,14,22.2,8.02,16.7,3.0,9,15,0,4,2.391304347826087,58.99334736415531
57943,2024-05-31 12:36:00,4,10.3,0,scooter,55.0,Moscow,1,13,27.5,2.23,13.7,4.0,5,12,0,4,3.74025974025974,130.24495758834615
5834,2024-01-23 20:44:00,3,0.88,0,car,55.0,Moscow,0,16,-3.6,1.43,17.7,4.0,1,20,0,1,3.730769230769231,49.39926309249887
6847,2024-04-10 12:36:00,1,3.47,1,car,55.0,Moscow,0,39,18.4,8.06,1.3,5.0,4,12,0,2,3.789473684210526,89.54207934973556
76365,2025-02-26 10:03:00,3,4.39,0,car,55.0,SPB,0,15,-3.8,13.35,19.5,3.0,2,10,1,2,2.449275362318841,82.93040145543698
79985,2024-02-01 17:54:00,1,2.53,0,bike,43.1943022875045,SPB,1,6,1.3,3.04,18.9,3.0,2,17,0,3,2.5211267605633805,58.601837577904206
80222,2025-02-03 19:54:00,3,8.97,1,car,55.0,SPB,0,25,-7.8,4.96,14.8,3.0,2,19,0,0,2.585714285714286,125.13603713916712
21883,2024-07-05 23:43:00,6,5.56,0,car,55.0,Moscow,1,6,19.9,1.0,4.9,5.0,7,23,0,4,3.896103896103896,76.00381829335888
81487,2025-06-29 22:56:00,1,3.79,0,car,55.0,Moscow,0,16,14.2,7.29,11.2,3.0,6,22,0,6,3.5921052631578947,70.55812569110893
87768,2024-05-06 16:46:00,4,3.07,0,bike,39.430915777080756,Moscow,0,39,8.9,2.04,0.3,5.0,5,16,0,0,3.8076923076923075,99.47906442030592
49643,2024-10-06 09:17:00,2,3.0,0,scooter,45.44612180823244,Moscow,1,14,7.3,1.28,17.3,3.0,10,9,0,6,3.8133333333333335,65.74906539802855
83145,2024-07-23 09:47:00,3,1.58,0,car,55.0,Moscow,1,6,19.1,8.45,0.4,4.0,7,9,0,1,3.9342105263157894,59.834113545612546
81721,2024-01-29 11:26:00,3,7.66,0,car,55.0,Kazan,0,29,-6.0,5.45,0.8,2.0,1,11,0,0,2.0163934426229506,118.09498872959298
94214,2024-02-23 06:00:00,1,0.51,0,scooter,55.0,Kazan,1,10,-17.5,4.26,2.1,2.0,2,6,0,4,2.2222222222222223,33.48744803925245
65771,2025-05-31 13:07:00,3,6.63,0,bike,44.833362383592664,Moscow,1,6,23.0,0.04,8.8,3.0,5,13,0,5,3.9743589743589745,76.0223132174949
86056,2024-08-01 05:36:00,2,8.11,0,car,55.0,Moscow,0,22,13.4,5.37,4.0,4.0,8,5,0,3,4.246753246753247,113.4314628582485
74560,2024-08-04 12:17:00,4,4.3,0,bike,42.25170720017491,Moscow,0,15,19.4,1.3,13.0,4.0,8,12,0,6,3.789473684210526,77.98286312101078
96416,2025-05-24 21:16:00,2,3.87,0,bike,38.8266233036702,Kazan,0,35,13.6,0.36,1.1,1.0,5,21,0,5,2.1538461538461537,77.53545723837988
32151,2025-06-14 09:35:00,4,4.72,0,car,55.0,SPB,1,13,14.3,4.19,18.0,3.0,6,9,0,5,2.323943661971831,74.69218328501644
64830,2024-06-16 02:51:00,3,9.1,0,car,55.0,Moscow,1,5,15.1,3.67,5.0,3.0,6,2,0,6,4.184210526315789,99.73681861996987
45112,2024-03-06 23:08:00,6,1.82,0,car,55.0,Kazan,1,9,-10.3,0.66,8.3,2.0,3,23,0,2,2.1129032258064515,37.99489031711524
64366,2024-05-21 23:08:00,3,2.4,1,bike,35.96575629651888,Kazan,0,37,12.2,1.35,11.4,2.0,5,23,0,1,1.791044776119403,66.70142603262259
45338,2024-08-26 10:36:00,1,1.51,0,scooter,34.01084509779904,SPB,0,20,19.0,14.31,16.6,3.0,8,10,1,0,2.5277777777777777,65.17659670497538
820,2024-11-20 03:00:00,4,0.97,0,car,55.0,Moscow,1,8,0.4,0.58,19.4,4.0,11,3,0,2,3.8552631578947367,38.28000345175354
89695,2025-02-21 06:18:00,1,1.82,0,car,55.0,Kazan,1,12,-13.5,0.59,18.0,2.0,2,6,0,4,2.2222222222222223,38.09145765494645
33548,2024-12-22 10:43:00,4,0.78,0,scooter,40.78423204435535,Moscow,0,16,-5.9,6.87,23.6,3.0,12,10,0,6,3.5526315789473686,45.6304794959835
21808,2025-02-27 02:29:00,2,10.81,0,scooter,39.091298449230436,Moscow,1,12,-9.7,2.57,18.0,5.0,2,2,0,3,3.7466666666666666,138.0116362215177
29135,2024-09-29 05:27:00,1,2.36,0,car,55.0,Kazan,0,30,15.1,1.26,11.5,1.0,9,5,0,6,2.289855072463768,60.84203121302231
54867,2024-02-25 01:13:00,5,2.63,0,bike,38.3374319784028,Moscow,1,8,0.9,5.09,0.1,3.0,2,1,0,6,3.8181818181818183,57.46905967403981
10268,2025-04-22 14:28:00,4,2.89,0,bike,36.673060427125655,Moscow,0,16,22.6,17.33,8.4,4.0,4,14,1,1,3.6,86.23476932314121
37870,2025-04-01 18:57:00,2,6.57,0,car,55.0,Moscow,1,14,10.1,1.12,9.8,5.0,4,18,0,1,3.4415584415584415,103.8936106827789
57597,2024-10-23 19:38:00,3,5.46,0,car,55.0,Kazan,1,9,7.4,0.24,10.5,2.0,10,19,0,2,2.046153846153846,72.86126587125476
69644,2024-07-21 06:52:00,5,1.48,0,car,55.0,Kazan,1,10,19.5,9.49,12.7,2.0,7,6,0,6,1.8923076923076922,47.82149094407664
68881,2025-04-10 11:16:00,3,2.72,0,car,55.0,Kazan,1,5,4.4,6.54,1.6,2.0,4,11,0,3,2.0806451612903225,46.73091703387418
22021,2024-06-09 03:23:00,6,2.0,0,car,55.0,SPB,0,21,10.5,4.600628491620112,15.9,3.0,6,3,0,6,2.4029850746268657,63.5985976814206
7026,2025-02-17 21:14:00,3,7.03,0,bike,39.99621866158171,Moscow,1,9,-12.2,1.94,22.7,4.0,2,21,0,0,3.8026315789473686,90.26877077606615
34246,2024-12-18 15:37:00,3,1.55,0,bike,39.395918500296126,Kazan,0,32,-7.7,0.15,19.6,3.0,12,15,0,2,1.8870967741935485,68.10499963333926
58269,2024-11-23 03:51:00,5,5.0,0,bike,40.32854369446495,Moscow,0,35,0.3,2.94,20.6,3.0,11,3,0,5,4.04,112.39794987940178
82276,2024-08-25 12:37:00,2,1.52,0,scooter,43.02736698811714,Kazan,0,19,20.3,6.01,8.8,2.0,8,12,0,6,2.0491803278688523,53.377610011239355
10326,2024-01-29 09:09:00,2,3.66,0,bike,42.8376824131858,SPB,1,9,1.2,20.4,8.5,3.0,1,9,1,0,2.417910447761194,89.80039777037723
93373,2024-02-16 12:44:00,3,4.87,1,car,55.0,Kazan,0,35,-19.9,6.99,13.1,2.0,2,12,0,4,2.0476190476190474,88.50343314449186
77468,2024-06-09 04:57:00,6,4.75,1,bike,33.503041454143556,Kazan,1,7,14.5,5.33,11.0,1.0,6,4,0,6,2.046153846153846,57.29982083689937
98116,2024-01-12 20:26:00,4,3.5,0,car,55.0,Moscow,0,21,-19.9,0.37,4.2,5.0,1,20,0,4,3.923076923076923,74.78463651702533
98212,2024-12-28 23:06:00,2,2.85,1,scooter,45.13982204557147,Moscow,1,7,-0.5,2.83,4.0,3.0,12,23,0,5,4.076923076923077,37.249367833998114
308,2025-01-23 21:53:00,2,6.61,0,car,55.0,Moscow,0,17,-2.8,7.8,7.9,4.0,1,21,0,3,3.810810810810811,102.43783466233302
64706,2024-12-14 00:18:00,5,5.24,0,car,55.0,Kazan,0,39,-8.0,7.83,19.7,1.0,12,0,0,5,2.3492063492063493,96.31180363099503
46584,2025-05-02 01:22:00,2,2.87,0,bike,42.257796955237886,SPB,0,25,1.4,19.11,5.9,3.0,5,1,1,4,2.338235294117647,91.23838440575854
6980,2025-06-20 20:08:00,1,6.41,0,scooter,45.651242794209146,SPB,1,11,16.4,3.19,8.7,3.0,6,20,0,4,2.3857142857142857,85.82498761023406
32759,2024-01-05 15:09:00,3,2.39,0,bike,34.88035136798393,Moscow,1,8,-20.3,2.74,16.9,4.0,1,15,0,4,3.581081081081081,56.15779944598483
49375,2024-08-08 12:13:00,3,2.37,1,scooter,50.660526107716386,Moscow,1,9,22.5,9.22,18.4,5.0,8,12,0,3,3.6842105263157894,49.83939151373466
84392,2024-03-16 19:51:00,2,0.27,0,bike,34.21679163845626,Moscow,1,12,1.0,9.44,9.9,3.0,3,19,0,5,3.6486486486486487,59.29311683869088
25990,2025-02-14 11:15:00,3,3.38,0,scooter,36.42755350070934,Moscow,0,39,-5.9,1.46,16.2,4.0,2,11,0,4,3.9743589743589745,92.04699486907253
9174,2024-01-17 18:28:00,2,7.82,0,bike,34.78209868887858,Moscow,0,35,-14.8,4.21,15.7,4.0,1,18,0,2,3.6623376623376624,149.61002454947766
6105,2024-03-23 01:52:00,1,3.82,0,bike,32.99180766169915,SPB,1,5,2.5,21.09,13.8,2.0,3,1,1,5,2.4761904761904763,78.9803563989599
27956,2024-08-04 07:39:00,2,6.33,0,car,55.0,Moscow,0,39,15.9,1.3,13.0,4.0,8,7,0,6,4.065789473684211,115.41108420944909
62309,2024-12-24 02:22:00,7,2.91,1,bike,35.82995837477953,SPB,0,26,-0.8,11.06,16.8,3.0,12,2,1,1,2.5285714285714285,86.03811618556531
50490,2024-11-10 16:42:00,4,2.38,0,car,55.0,Kazan,1,8,1.9,2.75,3.2,2.0,11,16,0,6,1.9428571428571428,45.793197463316766
45722,2025-05-13 03:06:00,4,4.25,0,scooter,43.16043291364058,Kazan,1,5,8.4,2.48,2.1,2.0,5,3,0,1,2.3833333333333333,56.44517064028025
65735,2024-09-18 10:59:00,2,3.51,1,car,55.0,Moscow,0,23,19.1,0.49,5.2,4.0,9,10,0,2,3.5584415584415585,58.11355414767502
92852,2024-12-04 06:25:00,3,1.39,0,bike,40.60867476452213,SPB,1,6,-3.3,2.05,3.8,3.0,12,6,0,2,2.579710144927536,40.63098054527797
68943,2025-04-01 16:46:00,5,1.63,0,car,55.0,SPB,0,29,11.6,13.79,10.9,3.0,4,16,1,1,2.411764705882353,80.95387841047675
81596,2024-11-10 05:38:00,4,1.31,0,scooter,39.262412605512424,SPB,0,26,-1.9,8.41,14.1,2.0,11,5,0,6,2.5,67.76616484953547
98876,2024-06-16 15:43:00,1,10.42,0,scooter,46.44984473997541,Moscow,0,34,25.3,3.67,5.0,3.0,6,15,0,6,3.8157894736842106,140.38778215104992
